Episode,Reward,Steps,Epsilon,Loss
0,-2081.25,95,0.998,20254.980224609375
1,-1508.0,85,0.996004,212302.65155029297
2,-833.6249999999999,70,0.994011992,234856.45278930664
3,-798.4749999999999,69,0.992023968016,251201.9144897461
4,-1183.3,78,0.990039920079968,282083.0079803467
5,-33.10000000000002,47,0.9880598402398081,195697.5545654297
6,-2465.6,102,0.9860837205593285,428321.8945159912
7,-288.0,55,0.9841115531182099,169983.54830932617
8,-666.875,66,0.9821433300119734,266888.03007507324
9,-827.1249999999999,70,0.9801790433519495,266655.39752197266
10,-7.625,46,0.9782186852652456,181991.49922180176
11,-2292.2249999999995,99,0.976262247894715,288966.9575653076
12,-711.225,67,0.9743097233989256,241641.5828552246
13,-1569.25,86,0.9723611039521278,295845.7999267578
14,-2681.5000000000005,105,0.9704163817442236,446701.13360595703
15,326.75,31,0.9684755489807352,114970.99589538574
16,-4659.8,133,0.9665385978827737,446230.2572784424
17,-6761.725,157,0.9646055206870082,590981.4379272461
18,-800.2249999999999,69,0.9626763096456342,211120.1228942871
19,-675.5,66,0.9607509570263429,242465.96520996094
20,-2473.975,102,0.9588294551122902,382169.2700500488
21,-673.5,66,0.9569117962020657,221959.0089416504
22,-2307.5999999999995,99,0.9549979726096616,413744.05891418457
23,117.125,41,0.9530879766644422,168742.99145507812
24,-236.47500000000002,54,0.9511818007111134,166628.38186645508
25,-2671.25,105,0.9492794371096911,427074.9445953369
26,-177.60000000000002,52,0.9473808782354717,230932.98086547852
27,-518.225,62,0.9454861164790007,281356.38803100586
28,482.125,21,0.9435951442460427,97842.5495300293
29,-1280.75,80,0.9417079539575507,267275.99530029297
30,-154.0,51,0.9398245380496356,255469.23580932617
31,31.649999999999977,44,0.9379448889735363,229973.6157836914
32,39.39999999999998,44,0.9360689991955893,175882.68270874023
33,-553.425,63,0.9341968611971981,311586.5474243164
34,-434.25,60,0.9323284674748037,245130.30297851562
35,47.77499999999998,44,0.930463810539854,174782.89083862305
36,-2242.55,98,0.9286028829187744,420365.9571533203
37,-7182.85,162,0.9267456771529368,780123.0851135254
38,-47.47500000000002,47,0.9248921857986309,186978.52212524414
39,-40.85000000000002,47,0.9230424014270336,275447.7773742676
40,-3250.3499999999995,114,0.9211963166241796,542011.1147460938
41,140.625,40,0.9193539239909312,187442.89083862305
42,-1052.5,75,0.9175152161429493,304210.03005981445
43,-1227.725,79,0.9156801857106633,385543.6173400879
44,-1046.25,75,0.913848825339242,377533.7491760254
45,168.65000000000003,39,0.9120211276885636,181233.59539794922
46,-4716.6,134,0.9101970854331864,689488.0401000977
47,-876.75,71,0.9083766912623201,313334.91131591797
48,-146.5,51,0.9065599378797955,243337.4878540039
49,-557.175,63,0.9047468180040359,293086.7687988281
50,97.39999999999998,42,0.9029373243680279,255717.13357543945
51,92.77499999999998,42,0.9011314497192918,171953.0358581543
52,-2236.8,98,0.8993291868198532,451372.23388671875
53,-2244.425,98,0.8975305284462135,482122.2644042969
54,-5469.175,143,0.8957354673893211,669311.1767883301
55,294.32499999999993,33,0.8939439964545425,131440.95272827148
56,-3529.8,118,0.8921561084616334,639953.7543945312
57,-2647.375,105,0.8903717962447101,571865.309753418
58,-1421.425,83,0.8885910526522206,349640.5882873535
59,-635.4999999999999,65,0.8868138705469162,320851.27017211914
60,100.02499999999998,42,0.8850402428058224,198161.7052001953
61,-29.225000000000023,47,0.8832701623202107,204681.0818786621
62,-4274.8,128,0.8815036219955703,698090.8678588867
63,-1554.375,86,0.8797406147515792,401941.7839355469
64,-2525.55,103,0.877981133522076,451378.4594421387
65,-1189.8,78,0.8762251712550319,381189.85122680664
66,-3246.9749999999995,114,0.8744727209125218,639144.534362793
67,-661.25,66,0.8727237754706968,331979.4184265137
68,-336.85,57,0.8709783279197554,265596.99157714844
69,-2341.25,100,0.8692363712639158,508937.3436279297
70,-2602.3499999999995,104,0.867497898521388,437992.33029174805
71,-1468.35,84,0.8657629027243453,341987.73693847656
72,-564.05,63,0.8640313769188966,339766.64559936523
73,-2702.125,106,0.8623033141650589,554885.3738708496
74,-7027.25,160,0.8605787075367288,866527.905670166
75,-1569.375,86,0.8588575501216553,498570.7160644531
76,-1143.225,77,0.857139835021412,411715.48904418945
77,-670.125,66,0.8554255553513692,339889.5428161621
78,-2167.1,97,0.8537147042406664,461419.14141845703
79,-239.72500000000002,54,0.8520072748321851,304324.2660217285
80,-5114.35,139,0.8503032602825207,710590.3926391602
81,180.82499999999993,38,0.8486026537619556,240537.8251953125
82,-1314.75,81,0.8469054484544317,392286.72830200195
83,-1890.1,92,0.8452116375575228,430426.6580505371
84,-1686.9250000000004,88,0.8435212142824078,364994.4994506836
85,-921.225,72,0.841834171853843,357795.1113586426
86,-1850.125,91,0.8401505035101353,510602.7440185547
87,-1276.75,80,0.838470202503115,422758.04833984375
88,-91.72500000000002,49,0.8367932620981088,213709.70272827148
89,-1289.5,80,0.8351196755739125,418478.2526245117
90,-2183.1,97,0.8334494362227647,452933.87951660156
91,-90.10000000000002,49,0.8317825373503192,208967.0
92,-749.8,68,0.8301189722756185,320815.90103149414
93,-3814.975,122,0.8284587343310672,690126.6142272949
94,-2660.0,105,0.8268018168624051,520208.28143310547
95,-621.9999999999999,65,0.8251482132286803,291642.5534362793
96,-1781.5,90,0.823497916802223,522976.6806945801
97,-9059.375,180,0.8218509209686186,859147.4272155762
98,-6.75,46,0.8202072191266814,286027.6854248047
99,-628.2499999999999,65,0.818566804688428,264662.3286437988
100,-1090.25,76,0.8169296710790511,461524.7323913574
101,-238.72500000000002,54,0.815295811736893,293285.24865722656
102,-2235.05,98,0.8136652201134192,473988.6831970215
103,-1188.925,78,0.8120378896731923,447132.10513305664
104,-94.47500000000002,49,0.8104138138938459,210829.4091796875
105,-5283.5,141,0.8087929862660582,874354.0579528809
106,-525.225,62,0.8071754002935261,319408.7583312988
107,-7465.75,165,0.805561049492939,910639.9291687012
108,-1561.0,86,0.8039499273939532,460917.71478271484
109,-1521.25,85,0.8023420275391653,453887.11151123047
110,-10467.175000000001,193,0.800737343484087,1041590.8749694824
111,-874.625,71,0.7991358687971188,382442.50524902344
112,-413.1,59,0.7975375970595246,339602.66833496094
113,-522.475,62,0.7959425218654056,380851.43283081055
114,211.52499999999998,37,0.7943506368216747,148577.80545043945
115,-23.475000000000023,47,0.7927619355480314,325168.43908691406
116,-2401.0,101,0.7911764116769353,541985.535949707
117,240.625,36,0.7895940588535815,198429.2993774414
118,-1346.8750000000002,81,0.7880148707358743,435050.6766052246
119,-386.17500000000007,58,0.7864388409944025,314645.1520996094
120,-804.1000000000001,69,0.7848659633124138,362075.1725769043
121,-2120.125,96,0.783296231385789,579046.966506958
122,-147.625,51,0.7817296389230174,292925.66357421875
123,-1089.875,76,0.7801661796451713,499120.4544067383
124,-1515.75,85,0.778605847285881,473002.162689209
125,-412.225,59,0.7770486355913092,316355.5654602051
126,-2453.85,102,0.7754945383201266,563890.3373718262
127,97.27499999999998,42,0.7739435492434863,230654.40490722656
128,-3931.6000000000004,124,0.7723956621449993,686476.8434448242
129,-695.6,67,0.7708508708207094,444090.46661376953
130,-778.7249999999999,69,0.769309169079068,399689.9608154297
131,-2657.375,105,0.7677705507409098,541780.0042724609
132,383.44999999999993,28,0.766235009639428,164224.58438110352
133,-2531.8,103,0.7647025396201492,526971.7317810059
134,-405.6,59,0.763173134540909,306044.80459594727
135,-410.475,59,0.7616467882718272,355853.7733001709
136,-64.30000000000007,48,0.7601234946952835,237075.67849731445
137,-1276.0,80,0.7586032477058929,509862.1078491211
138,-2845.8,108,0.7570860412104812,717441.8978881836
139,-7087.125,161,0.7555718691280602,828635.2221679688
140,-60.30000000000007,48,0.7540607253898041,265653.5004272461
141,-0.375,46,0.7525526039390245,237939.88803100586
142,-1873.975,92,0.7510474987311464,554675.6440429688
143,-785.4749999999999,69,0.7495454037336841,442511.3289794922
144,-1086.375,76,0.7480463129262167,460380.34646606445
145,-2281.2249999999995,99,0.7465502203003642,500572.81716918945
146,-175.22500000000002,52,0.7450571198597635,267519.4801940918
147,-1627.35,87,0.743567005620044,547810.8692016602
148,-544.175,63,0.7420798716088038,305106.9599304199
149,-1510.875,85,0.7405957118655863,637341.1929321289
150,-9414.050000000001,183,0.7391145204418551,1004427.9526062012
151,-1738.8499999999997,89,0.7376362914009714,479656.0687561035
152,-2227.05,98,0.7361610188181695,600813.4939880371
153,-7894.975000000001,169,0.7346886967805332,1064223.2632751465
154,-1131.725,77,0.733219319386972,414272.5305786133
155,-335.6,57,0.7317528807481981,409923.7921142578
156,-137.875,51,0.7302893749867018,377417.89532470703
157,-1882.1,92,0.7288287962367284,486747.7444458008
158,254.5,35,0.727371138644255,198059.40924072266
159,-5036.3,138,0.7259163963669665,798368.7153625488
160,-3325.5,115,0.7244645635742325,667227.0270080566
161,-1179.8,78,0.723015634447084,402503.28173828125
162,-7883.975000000001,169,0.7215696031781899,1084582.156097412
163,-2688.125,106,0.7201264639718334,705277.4671325684
164,-660.625,66,0.7186862110438897,401826.5001525879
165,-875.0,71,0.717248838621802,425365.8869934082
166,-666.375,66,0.7158143409445584,422276.03033447266
167,-4005.1250000000005,125,0.7143827122626694,925018.2258911133
168,-1774.625,90,0.7129539468381441,625330.9076843262
169,-1435.05,83,0.7115280389444678,524036.38833618164
170,-3150.675,113,0.7101049828665789,650280.2017822266
171,-1097.5,76,0.7086847729008457,456568.93701171875
172,-1052.125,75,0.707267403355044,474265.4187927246
173,-1744.8500000000001,89,0.705852868548334,639533.1203613281
174,-1375.225,82,0.7044411628112373,543147.4409790039
175,-1948.05,93,0.7030322804856147,671993.5854492188
176,290.57499999999993,33,0.7016262159246435,240239.18350219727
177,-520.1,62,0.7002229634927942,350688.47842407227
178,-755.8,68,0.6988225175658086,542215.4871520996
179,-5627.125,145,0.697424872530677,917802.5477600098
180,-1607.225,87,0.6960300227856157,560607.3132629395
181,-1677.675,88,0.6946379627400444,551997.0425720215
182,-1551.875,86,0.6932486868145643,527914.6682739258
183,-965.05,73,0.6918621894409351,527249.3763427734
184,-2405.75,101,0.6904784650620532,697644.2601623535
185,-3844.1749999999993,123,0.6890975081319292,647683.4211730957
186,-2587.7249999999995,104,0.6877193131156653,716737.231842041
187,-3502.925,118,0.6863438744894339,916018.5819702148
188,-150.125,51,0.684971186740455,364266.2088317871
189,-5266.625,141,0.6836012443669741,989277.7662353516
190,-61.05000000000007,48,0.6822340418782402,346026.5271911621
191,-1131.1,77,0.6808695737944838,546908.924041748
192,-1913.8500000000004,92,0.6795078346468948,579158.099395752
193,-3233.8499999999995,114,0.678148818977601,689886.1199951172
194,-3797.725,122,0.6767925213396458,671115.1470336914
195,-1140.6,77,0.6754389362969666,416315.12716674805
196,-1404.3,83,0.6740880584243727,479713.32345581055
197,-4563.6,132,0.6727398823075239,874627.5316772461
198,-910.85,72,0.6713944025429088,652021.1556396484
199,-693.475,67,0.670051613737823,462991.1390686035
200,-2965.375,110,0.6687115105103473,823711.0035095215
201,-3500.925,118,0.6673740874893266,849490.7217102051
202,-548.8,63,0.6660393393143479,385326.1276245117
203,-1134.475,77,0.6647072606357192,526368.321472168
204,-342.6,57,0.6633778461144477,421038.1546936035
205,-2052.125,95,0.6620510904222189,677600.2927856445
206,-1417.925,83,0.6607269882413744,565310.6226196289
207,-5106.1,139,0.6594055342648917,1112616.2878112793
208,-6632.125,156,0.6580867231963619,925289.4300537109
209,-249.47500000000002,54,0.6567705497499692,519995.3928833008
210,-2518.425,103,0.6554570086504692,666436.3282775879
211,-8520.375,175,0.6541460946331682,1347860.9489746094
212,-2844.05,108,0.6528378024439019,680741.2653808594
213,-5727.625,146,0.6515321268390141,1079410.3440856934
214,-716.85,67,0.6502290625853361,507491.1118774414
215,-2632.125,105,0.6489286044601654,809509.1500244141
216,-1670.55,88,0.6476307472512451,609961.9309692383
217,-1828.625,91,0.6463354857567426,562170.1356506348
218,-1672.925,88,0.6450428147852291,545591.2471923828
219,-5233.125,140,0.6437527291556586,1216863.0242004395
220,-2470.1,102,0.6424652236973473,708195.7272644043
221,-8601.0,176,0.6411802932499525,1315845.3810424805
222,-1500.125,85,0.6398979326634526,601744.7947998047
223,-4964.975,137,0.6386181367981257,929028.840637207
224,26.0,45,0.6373409005245295,291019.77755737305
225,-866.75,71,0.6360662187234805,644065.3652954102
226,-917.475,72,0.6347940862860335,544455.9197998047
227,-342.6,57,0.6335244981134615,406142.84634399414
228,-3526.55,118,0.6322574491172346,930016.6376953125
229,-158.0,51,0.6309929342190002,441856.25701904297
230,-7781.05,168,0.6297309483505622,1066652.8842163086
231,-3795.85,122,0.6284714864538611,838762.568939209
232,-4386.125,130,0.6272145434809534,918635.9082336426
233,-3248.9749999999995,114,0.6259601143939915,762500.9276123047
234,-1373.35,82,0.6247081941652035,593845.8465881348
235,-1370.225,82,0.6234587777768731,553707.6490478516
236,-629.1249999999999,65,0.6222118602213194,456695.2102050781
237,-874.625,71,0.6209674365008767,544046.8563232422
238,-4099.75,126,0.619725501627875,921372.0401306152
239,-2233.675,98,0.6184860506246193,723567.6383361816
240,-475.625,61,0.61724907852337,483822.7965698242
241,-311.125,56,0.6160145803663232,426352.4882507324
242,-3041.5,111,0.6147825512055906,936521.8793029785
243,-8475.499999999998,175,0.6135529861031793,1260318.3262939453
244,-1526.0,85,0.612325880130973,615530.1054077148
245,-119.75,50,0.611101228370711,367397.3376464844
246,-9919.425000000001,188,0.6098790259139696,1470773.6149291992
247,-7257.174999999999,163,0.6086592678621416,1261836.0548095703
248,-8888.975,179,0.6074419493264174,1470274.0782165527
249,-2176.725,97,0.6062270654277645,568838.4789733887
250,-12656.124999999998,211,0.6050146112969089,1492604.449432373
251,-873.875,71,0.6038045820743151,551336.9118652344
252,-4656.675,133,0.6025969729101665,1067623.0947875977
253,-2663.125,105,0.6013917789643461,724547.3481445312
254,-4188.35,127,0.6001889954064175,1098427.6034545898
255,-1770.875,90,0.5989886174156046,574878.3387756348
256,-2502.675,103,0.5977906401807734,666691.609161377
257,-1940.925,93,0.5965950589004119,544719.9630432129
258,-1660.925,88,0.595401868782611,629923.4876098633
259,-8181.1,172,0.5942110650450458,1318713.5569152832
260,-8516.75,175,0.5930226429149558,1390425.1911315918
261,-617.2499999999999,65,0.5918365976291259,499135.0152282715
262,-7813.05,168,0.5906529244338676,1360599.5000305176
263,-2916.3500000000004,109,0.5894716185849999,933580.7143859863
264,-2817.925,108,0.5882926753478298,861938.5475158691
265,-2989.75,110,0.5871160899971342,813179.5474243164
266,-2225.425,98,0.5859418578171399,710716.5367126465
267,-8694.1,177,0.5847699741015057,1262500.3314819336
268,-596.3499999999999,64,0.5836004341533026,436966.40463256836
269,-2527.175,103,0.5824332332849961,704600.9480895996
270,-406.975,59,0.5812683668184261,508918.8769836426
271,-108.625,50,0.5801058300847892,375886.56756591797
272,-6175.875,151,0.5789456184246197,999741.4456787109
273,-4290.474999999999,129,0.5777877271877704,961134.9482421875
274,-4783.625,135,0.5766321517333949,1255634.4320983887
275,-779.8499999999999,69,0.5754788874299281,738733.8267822266
276,-2332.5,100,0.5743279296550683,770914.7667236328
277,-5897.05,148,0.5731792737957582,1073543.236114502
278,-4446.249999999999,131,0.5720329152481667,1136286.4558105469
279,-2121.5,96,0.5708888494176704,687968.5493164062
280,-529.725,62,0.569747071718835,476972.00564575195
281,-2730.0,106,0.5686075775753973,1167027.5379638672
282,-3287.375,115,0.5674703624202465,1266055.2733764648
283,-2982.0,110,0.5663354216954061,865971.772857666
284,-557.3,63,0.5652027508520152,596797.7108764648
285,-3036.125,111,0.5640723453503111,1095211.3256530762
286,-1553.25,86,0.5629442006596105,595288.7585754395
287,-4721.475,134,0.5618183122582913,1083546.8889465332
288,-23108.725,282,0.5606946756337747,2251557.1396484375
289,-3183.55,113,0.5595732862825071,961679.6032714844
290,-3655.0000000000005,120,0.5584541397099421,1229724.3271484375
291,-1774.75,90,0.5573372314305222,771700.7576904297
292,-1909.8500000000004,92,0.5562225569676611,817608.978515625
293,350.0,30,0.5551101118537257,197383.44024658203
294,-2346.75,100,0.5539998916300183,864111.0591430664
295,-275.5,55,0.5528918918467582,412647.59228515625
296,-6991.25,160,0.5517861080630647,1451471.013671875
297,-6704.1,157,0.5506825358469386,1460391.3813476562
298,-2593.2249999999995,104,0.5495811707752447,933510.5133056641
299,-1631.85,87,0.5484820084336942,809510.5317993164
300,-6459.85,154,0.5473850444168268,1260216.8971252441
301,-1309.75,81,0.5462902743279932,585801.8038330078
302,-2104.875,96,0.5451976937793371,840253.8297729492
303,-7957.124999999998,170,0.5441072983917784,1423451.4449157715
304,-4288.474999999999,129,0.5430190837949949,1171949.977722168
305,-1464.1,84,0.5419330456274049,660199.9542236328
306,-1144.35,77,0.5408491795361501,623238.9110107422
307,-7580.75,166,0.5397674811770777,1582862.830505371
308,-2461.725,102,0.5386879462147236,862668.2650146484
309,-3659.1250000000005,120,0.5376105703222942,1023844.2547607422
310,-2713.25,106,0.5365353491816496,944027.909942627
311,-840.7500000000001,70,0.5354622784832863,730905.8612060547
312,-1004.7249999999999,74,0.5343913539263198,602108.4565734863
313,-98.35000000000002,49,0.5333225712184672,434670.4454650879
314,125.375,41,0.5322559260760302,310179.57666015625
315,-544.175,63,0.5311914142238782,479236.03955078125
316,-3428.1,117,0.5301290313954304,1141281.2683105469
317,-592.4749999999999,64,0.5290687733326396,630904.5129394531
318,-5983.225,149,0.5280106357859743,1601064.7122192383
319,-12899.425000000001,213,0.5269546145144024,1983539.7174682617
320,-9346.800000000001,183,0.5259007052853736,1562388.2391357422
321,-4264.425,128,0.5248489038748029,1081565.6147155762
322,-555.425,63,0.5237992060670532,527955.443359375
323,-4853.874999999999,136,0.5227516076549191,1277365.3260498047
324,-4328.1,129,0.5217061044396093,1152647.8764648438
325,-5380.6,142,0.52066269223073,1308009.9990234375
326,-25931.175,298,0.5196213668462686,2377742.3741760254
327,-4735.85,134,0.5185821241125761,1089891.3792114258
328,-9926.800000000001,188,0.5175449598643509,1703994.1137695312
329,-7410.6,164,0.5165098699446222,1685438.6063842773
330,-745.55,68,0.515476850204733,585520.6791381836
331,-23837.5,286,0.5144458965043235,2495136.2748413086
332,-2127.3750000000005,96,0.5134170047113148,837986.2560424805
333,-789.8499999999999,69,0.5123901707018922,663991.9279174805
334,-1053.5,75,0.5113653903604884,581211.1574401855
335,-1806.3750000000005,90,0.5103426595797674,927711.1856079102
336,-15995.5,236,0.5093219742606079,2365423.77532959
337,-885.1250000000002,71,0.5083033303120866,676023.5136108398
338,-2968.0,110,0.5072867236514624,1213989.1806640625
339,-3461.35,117,0.5062721502041595,1061396.6310424805
340,-9023.75,180,0.5052596059037512,1798749.3713378906
341,-1273.25,80,0.5042490866919437,795949.09765625
342,-10682.249999999998,195,0.5032405885185598,1940815.885131836
343,-2893.2249999999995,109,0.5022341073415226,1410220.4759521484
344,-2345.0,100,0.5012296391268396,829511.2542114258
345,-7901.350000000001,169,0.5002271798485859,1699656.356262207
346,-1226.225,79,0.4992267254888887,761284.2412414551
347,-5490.175,143,0.4982282720379109,1384193.8823242188
348,-4248.55,128,0.4972318154938351,1161238.2822265625
349,-880.0,71,0.49623735186284745,672357.4460449219
350,-1893.725,92,0.49524487715912174,1057875.6398925781
351,-3588.9750000000004,119,0.4942543874048035,1134583.7272949219
352,-4823.0,135,0.4932658786299939,1545178.753540039
353,-3233.3499999999995,114,0.4922793468727339,1259017.3178710938
354,-3816.6,122,0.4912947881789884,1223274.3413085938
355,-784.5999999999999,69,0.4903121986026304,801454.2860107422
356,-10148.75,190,0.48933157420542517,1981231.2870483398
357,-2468.1000000000004,102,0.48835291105701434,970745.9114379883
358,-2397.625,101,0.48737620523490033,1135285.2494506836
359,-4942.725,137,0.48640145282443054,1334635.3216552734
360,-1893.1,92,0.48542864991878165,836887.893371582
361,-10442.175,193,0.48445779261894406,2183572.574645996
362,-3226.8499999999995,114,0.4834888770337062,1139044.5659179688
363,-589.8499999999999,64,0.4825218992796388,653570.8746948242
364,-10405.6,192,0.4815568554810795,1963632.3538208008
365,-7398.725,164,0.4805937417701174,1730659.1385498047
366,-1017.1000000000001,74,0.47963255428657714,608618.1527709961
367,-9890.925000000001,188,0.478673289178004,1703280.0206298828
368,-5351.725,142,0.477715942599648,1385025.8716430664
369,-12200.975,207,0.4767605107144487,2163958.9365234375
370,-3462.9750000000004,117,0.4758069896930198,1100329.7938842773
371,-5738.25,146,0.4748553757136338,1399255.0650024414
372,-10258.0,191,0.47390566496220654,1910832.5137939453
373,-1229.725,79,0.47295785363228215,826848.7582397461
374,-14260.425000000001,223,0.4720119379250176,2263904.4815063477
375,-1616.85,87,0.4710679140491676,880418.5433959961
376,-4794.5,135,0.47012577822106927,1444433.1463623047
377,-22164.75,276,0.46918552666462715,2630194.906982422
378,-7290.425,163,0.46824715561129787,1301761.9674072266
379,-5513.474999999999,144,0.46731066130007526,1486133.4236450195
380,-1685.175,88,0.4663760399774751,868650.9108276367
381,-9042.625,180,0.46544328789752015,2170078.6732788086
382,-1461.725,84,0.4645124013217251,906537.4720458984
383,-914.1,72,0.46358337651908166,791697.2141113281
384,-1428.3,83,0.4626562097660435,785802.3153686523
385,-1677.925,88,0.4617308973465114,982998.8975219727
386,-20033.8,263,0.46080743555181836,2687286.6485595703
387,-7805.05,168,0.4598858206807147,1728884.367553711
388,-2532.425,103,0.4589660490393533,1141825.5743408203
389,-4572.6,132,0.45804811694127456,1254927.0275268555
390,-13833.875,220,0.457132020707392,2122750.005493164
391,-1142.1,77,0.45621775666597725,739762.0120849609
392,-5219.375,140,0.45530532115264527,1440593.8868408203
393,-2281.8499999999995,99,0.45439471051033997,840845.213684082
394,-3029.875,111,0.4534859210893193,1261840.7382202148
395,-518.975,62,0.45257894924714065,530804.8704833984
396,-3517.175,118,0.4516737913486464,1270726.5299072266
397,-5520.3,143,0.4507704437659491,1809630.3872070312
398,-9386.425000000001,183,0.4498689028784172,1876053.0430297852
399,-7067.749999999999,161,0.4489691650726603,1834494.5427246094
400,-5016.175,138,0.448071226742515,1665544.9478149414
401,-2288.4749999999995,99,0.44717508428902997,1099183.5521240234
402,-619.7499999999999,65,0.4462807341204519,861051.9387207031
403,-9991.6,189,0.445388172652211,2459100.302307129
404,-1533.5000000000005,85,0.44449739630690654,1053440.7260742188
405,-2340.125,100,0.4436084015142927,1467748.1565551758
406,-2288.0999999999995,99,0.4427211847112641,1273286.3474731445
407,-7304.55,163,0.4418357423418416,2084085.0827026367
408,-7518.375,165,0.44095207085715793,2272639.4907836914
409,-5049.05,138,0.44007016671544363,1493577.8898925781
410,-298.875,56,0.43919002638201277,747818.3754272461
411,-8005.75,170,0.43831164632924874,1807358.646057129
412,-8815.550000000001,178,0.43743502303659026,1993306.7064208984
413,-1356.6,82,0.4365601529905171,856357.8585205078
414,-8254.225,172,0.43568703268453607,1929276.4862060547
415,-4887.625,136,0.434815658619167,1800144.8028564453
416,-4414.125,130,0.43394602730192866,1429195.5829467773
417,-11519.724999999999,202,0.4330781352473248,2190278.505065918
418,-796.9749999999999,69,0.43221197897683017,770416.827331543
419,-1908.85,92,0.4313475550188765,1021083.327331543
420,-5236.875,140,0.4304848599088387,1505258.5909423828
421,-1564.5,86,0.42962389018902103,906188.4862060547
422,-1730.2249999999997,89,0.428764642408643,826645.4797973633
423,-2841.425,108,0.4279071131238257,1166942.8728027344
424,-5957.099999999999,149,0.42705129889757804,1474166.0252075195
425,-1757.4750000000001,89,0.42619719629978287,1181218.0775756836
426,-1988.4749999999997,94,0.4253448019071833,1244166.2879638672
427,-1832.125,91,0.424494112303369,1122891.3057861328
428,-11675.550000000001,203,0.42364512407876226,2219469.4044799805
429,-5389.35,142,0.4227978338306047,1504108.3663330078
430,-31576.3,328,0.42195223816294347,3223058.5030212402
431,-5031.05,138,0.4211083336866176,1388690.4942626953
432,-3737.375,121,0.4202661170192444,1119324.2603149414
433,-1269.25,80,0.41942558478520586,897690.9885864258
434,-2711.625,106,0.4185867336156355,1069021.5722045898
435,-274.625,55,0.4177495601484042,583322.5286254883
436,-4338.85,129,0.4169140610281074,1547382.3885498047
437,-21824.6,274,0.4160802329060512,3009808.5401000977
438,-3313.375,115,0.4152480724402391,1427345.5529174805
439,-7379.975,164,0.41441757629535864,1777703.6346435547
440,-1417.175,83,0.4135887411427679,987942.315246582
441,-7300.675,163,0.41276156366048233,1972987.190246582
442,-4561.1,132,0.41193604053316135,1593235.348083496
443,-10357.1,192,0.41111216845209503,2089746.0228881836
444,-410.1,59,0.4102899441151908,690177.4097290039
445,-15986.75,236,0.40946936422696045,2380174.6303100586
446,-4423.75,130,0.40865042549850655,1575630.6925048828
447,-314.375,56,0.40783312464750954,600083.6207275391
448,-27600.975,307,0.4070174583982145,3701025.4323120117
449,-8435.85,174,0.4062034234814181,1845700.059020996
450,-8948.725,179,0.40539101663445526,2042342.2416992188
451,-6621.875,156,0.40458023460118636,1703754.9089355469
452,-7891.100000000001,169,0.403771074131984,1745329.2794189453
453,-1998.9749999999997,94,0.40296353198372004,749182.2666625977
454,-4218.549999999999,128,0.4021576049197526,1325085.5080566406
455,-3553.05,118,0.40135328970991313,1705197.1503295898
456,-43752.5,385,0.4005505831304933,4660397.835388184
457,-10026.1,189,0.3997494819642323,2268173.399230957
458,-227.80000000000007,53,0.3989499830003039,669604.456237793
459,-4715.475,134,0.3981520830343033,1654972.9434814453
460,-4823.0,135,0.39735577886823464,1259214.1262817383
461,-34760.85,344,0.39656106731049817,4147310.709716797
462,-9800.1,187,0.39576794517587716,2338837.4020996094
463,-1325.625,81,0.3949764092855254,1199920.2322387695
464,-5636.75,145,0.3941864564669544,1708172.7840576172
465,-6280.475,152,0.39339808355402045,1854679.9795532227
466,-9036.25,180,0.3926112873869124,2319665.184692383
467,-1540.125,85,0.3918260648121386,933104.7283325195
468,-1521.5,85,0.39104241268251433,1088124.8681030273
469,-51606.674999999996,418,0.3902603278571493,4976375.769104004
470,-6075.375,150,0.389479807201435,2025489.9250488281
471,-17752.05,248,0.3887008475870321,3408970.321533203
472,-15701.475,234,0.38792344589185807,2612301.9326171875
473,-3310.75,115,0.38714759900007434,1657920.9664916992
474,-5451.175,143,0.3863733038020742,1929707.909790039
475,-9379.550000000001,183,0.38560055719447006,2606878.227294922
476,-4111.5,126,0.3848293560800811,1914402.6345214844
477,-3302.25,115,0.38405969736792095,1850965.2172851562
478,-6367.3,153,0.3832915779731851,2489129.363342285
479,-16165.225,237,0.38252499481723873,3269117.2568359375
480,-10123.0,190,0.3817599448276042,3004965.2165527344
481,-5010.549999999999,138,0.380996424937949,1852004.3406982422
482,-3998.7500000000005,125,0.3802344320880731,2299405.4017333984
483,-6616.375,156,0.379473963223897,1915233.0888671875
484,-2604.4749999999995,104,0.37871501529744916,1682380.8874511719
485,-7271.674999999999,163,0.37795758526685425,2333455.0561523438
486,-1217.1,79,0.37720167009632055,1203206.8793945312
487,-2325.625,100,0.3764472667561279,1448987.0905761719
488,-9669.75,186,0.37569437222261565,2727218.791870117
489,-3651.7500000000005,120,0.3749429834781704,1572822.6394042969
490,-2052.5,95,0.37419309751121405,1147152.388305664
491,-4859.625,136,0.3734447113161916,2098225.8056640625
492,-1455.475,84,0.3726978218935592,1040728.9643554688
493,-4193.1,127,0.3719524262497721,2090767.185546875
494,-6710.6,157,0.37120852139727256,2392263.043823242
495,-23809.75,286,0.370466104354478,4570760.735839844
496,-2829.8,108,0.36972517214576905,1290053.0142822266
497,-7087.875,161,0.36898572180147754,2463632.833618164
498,-8729.85,177,0.3682477503578746,2360333.222290039
499,-1151.1000000000004,77,0.36751125485715885,1457228.1881103516
500,-8828.175000000001,178,0.36677623234744455,2164399.864868164
501,-13717.725,219,0.3660426798827497,3016566.4181518555
502,-3506.8,118,0.3653105945229842,1271063.4757080078
503,-8014.125,170,0.3645799733339382,1808084.9674682617
504,-7387.35,164,0.3638508133872703,2609519.528930664
505,-3072.225,112,0.3631231117604958,1501708.6842041016
506,-37620.174999999996,358,0.3623968655369748,4593756.147338867
507,-17986.75,250,0.3616720718059009,3584050.6057128906
508,-9096.499999999998,181,0.3609487276622891,2295625.6499023438
509,-4093.75,126,0.3602268302069645,1947280.0103759766
510,-4063.499999999999,126,0.35950637654655054,1910344.890991211
511,-1523.875,85,0.35878736379345744,1057554.3778076172
512,-5181.124999999999,140,0.3580697890658705,1963731.7244873047
513,-39224.0,365,0.35735364948773873,5401759.428100586
514,-6992.125,160,0.35663894218876324,2289043.3306884766
515,-6455.6,154,0.3559256643043857,2049597.173828125
516,-4866.625,136,0.3552138129757769,1968254.9479980469
517,-20197.35,264,0.35450338534982534,3672075.233520508
518,-2871.55,108,0.3537943785791257,1611540.0469970703
519,-1006.5999999999999,74,0.35308678982196745,1246100.7563476562
520,-18170.875,251,0.35238061624232353,3656717.082885742
521,-2528.175,103,0.3516758550098389,1397748.0968017578
522,-582.2249999999999,64,0.3509725032998192,1270516.0471191406
523,-1607.1,87,0.35027055829321957,1392108.1893310547
524,-7702.725,167,0.3495700171766331,2538387.440185547
525,-2882.0999999999995,109,0.3488708771422798,1883168.984741211
526,-11548.35,202,0.34817313538799527,2646202.5958251953
527,-16974.425,243,0.3474767891172193,3095895.4887695312
528,-1284.125,80,0.34678183553898484,873196.8702392578
529,-5810.6,147,0.34608827186790686,2006355.8947753906
530,-6062.625,150,0.34539609532417104,1934022.036743164
531,-20919.35,269,0.3447053031335227,4000853.8203125
532,-2829.3,108,0.3440158925272557,1589739.0467529297
533,-3354.5,116,0.3433278607422012,1366707.8234863281
534,-1834.375,91,0.34264120502071677,1161117.1713867188
535,-22620.35,279,0.3419559226106753,3614188.162963867
536,-14502.625,225,0.34127201076545394,3233740.7622070312
537,-12260.550000000001,208,0.34058946674392304,3007836.948852539
538,-3733.125,121,0.3399082878104352,1645549.3408203125
539,-14045.599999999999,222,0.3392284712348143,2772989.250854492
540,-1564.375,86,0.33855001429234466,1348285.2325439453
541,-8403.85,174,0.33787291426376,2388557.2795410156
542,-5718.625,146,0.33719716843523245,1647072.133178711
543,-4232.675,128,0.336522774098362,1877370.0067138672
544,-2111.625,96,0.33584972855016526,1554967.1872558594
545,-14792.675,228,0.33517802909306493,3440227.1350097656
546,-5667.249999999999,146,0.3345076730348788,2058895.941772461
547,-3451.4750000000004,117,0.33383865768880905,1879511.7453613281
548,-13667.475,219,0.3331709803734314,2734037.6279296875
549,-9437.1,184,0.3325046384126845,2617390.791381836
550,-8800.3,178,0.3318396291358591,2003834.1452636719
551,-11138.85,199,0.3311759498775874,2743356.6494140625
552,-5682.874999999999,146,0.33051359797783225,2239187.529602051
553,-7987.5,170,0.3298525707818766,2364521.0036621094
554,-19096.725,257,0.3291928656403128,3305968.267578125
555,-1950.175,93,0.3285344799090322,1373551.617553711
556,-17913.6,249,0.32787741094921413,3534392.4197998047
557,-8977.874999999998,180,0.3272216561273157,2599671.4693603516
558,-484.125,61,0.32656721281506107,882896.7633056641
559,-7658.475,167,0.32591407838943093,2460099.5349121094
560,-7302.8,163,0.32526225023265204,2383067.0696411133
561,-25328.0,295,0.3246117257321867,3726397.813659668
562,-4824.499999999999,136,0.3239625022807223,1861575.9289550781
563,-12112.849999999999,207,0.32331457727616086,3346735.7709960938
564,-7093.5,161,0.32266794812160854,2299865.061401367
565,-13808.0,220,0.3220226122253653,2767905.7857666016
566,-15428.225,232,0.3213785670009146,2643516.496948242
567,-2914.9749999999995,109,0.3207358098669128,1342292.6206054688
568,-1232.975,79,0.320094338247179,1085499.4521484375
569,-1932.925,93,0.31945414957068463,1306502.6307373047
570,-26915.85,304,0.31881524127154326,4386192.788330078
571,-1661.3,88,0.3181776107890002,1227957.0886230469
572,-5968.6,149,0.3175412555674222,1765855.5168457031
573,-788.2249999999999,69,0.3169061730562873,1183731.7854003906
574,-9231.6,182,0.3162723607101747,2252237.807739258
575,-13561.050000000001,218,0.3156398159887544,3196820.8051757812
576,-16138.1,237,0.3150085363567769,3585377.189025879
577,-7376.6,164,0.31437851928406335,2267300.4942626953
578,-4930.599999999999,137,0.3137497622454952,2406622.4455566406
579,-6004.1,149,0.31312226272100424,2188312.591796875
580,-2109.375,96,0.3124960181955622,1261481.3696289062
581,-15142.875,230,0.3118710261591711,3316559.365234375
582,-33363.6,337,0.31124728410685276,4382623.022338867
583,-2299.4749999999995,99,0.31062478953863903,1355195.7080078125
584,-23133.6,282,0.31000353995956176,3815557.2283935547
585,-6159.625,151,0.30938353287964265,2316746.1372070312
586,-2527.925,103,0.30876476581388335,1307625.5350341797
587,-73341.35,497,0.3081472362822556,7373735.311889648
588,-1859.725,92,0.3075309418096911,1314303.2589111328
589,-26083.85,299,0.3069158799260717,4142224.692626953
590,-14902.550000000001,228,0.3063020481662196,3321616.3236083984
591,-15031.475,229,0.30568944406988713,3297137.9243164062
592,-5790.725,147,0.30507806518174735,2386660.1865234375
593,-5349.85,142,0.3044679090513839,1996814.800415039
594,-953.675,73,0.3038589732332811,894313.8221435547
595,-20311.0,265,0.3032512552868145,3924191.577270508
596,-617.6249999999999,65,0.30264475277624087,743965.1228027344
597,-16016.625,236,0.30203946327068837,3546916.0114746094
598,-8066.5,171,0.301435384344147,2866960.0483398438
599,-17778.05,248,0.3008325135754587,4404382.574462891
600,-4800.125,135,0.3002308485483078,1951749.7052001953
601,-9120.875,181,0.2996303868512112,2724725.321533203
602,-5793.6,147,0.29903112607750876,2317628.416748047
603,-4318.6,129,0.29843306382535373,1984868.2559814453
604,-13533.675000000001,218,0.29783619769770303,3466302.603515625
605,-2168.35,97,0.2972405253023076,1212926.3758544922
606,-19113.975,257,0.296646044251703,4058752.4798583984
607,-53.67500000000007,48,0.2960527521631996,668856.2165527344
608,-6259.975,152,0.29546064665887317,2102641.4588623047
609,-27705.55,308,0.29486972536555545,5245735.443969727
610,-9010.625,180,0.29427998591482435,2792954.0384521484
611,-3995.2499999999995,125,0.2936914259429947,1734385.7263183594
612,-28688.675,313,0.2931040430911087,4860696.261108398
613,-14033.599999999999,222,0.2925178350049265,3614942.2482910156
614,-5634.75,145,0.29193279933491667,2051692.6958007812
615,-7198.1,162,0.2913489337362468,2202090.096435547
616,-4018.0000000000005,125,0.2907662358687743,2031429.7978515625
617,-8181.725,172,0.2901847033970368,3651177.167236328
618,-31033.375000000004,325,0.2896043339902427,4650280.843505859
619,-787.5999999999999,69,0.2890251253222622,762924.3734130859
620,-41216.1,374,0.2884470750716177,6428314.750610352
621,-15960.25,236,0.2878701809214745,3390158.4263916016
622,-1767.875,90,0.28729444055963155,1714144.6939697266
623,-6786.8,158,0.28671985167851227,2146288.606201172
624,-10564.225,194,0.2861464119751552,2910115.341064453
625,-19044.725,257,0.2855741191512049,4609250.754150391
626,-10347.85,192,0.2850029709129025,4561436.471557617
627,-8077.375,171,0.2844329649710767,2228759.479248047
628,-506.1,62,0.2838640990411345,904895.3768310547
629,-35373.85,347,0.28329637084305226,5411109.761474609
630,-8993.999999999998,180,0.2827297781013662,2265885.246826172
631,-3362.125,116,0.28216431854516344,1998234.3221435547
632,-10653.249999999998,195,0.2815999899080731,3382599.071899414
633,-8791.050000000001,178,0.281036789928257,2914389.5993652344
634,-2076.25,96,0.2804747163484005,1752596.8631591797
635,-5304.125,141,0.2799137669157037,2444620.9552001953
636,-8171.4749999999985,172,0.2793539393818723,3134038.5059814453
637,-8079.0,171,0.2787952315031086,2375495.893310547
638,-10487.300000000001,193,0.27823764104010235,3197855.6137695312
639,-4947.1,137,0.27768116575802215,2151313.0194091797
640,-35098.375,346,0.2771258034265061,5948203.490600586
641,-2926.6000000000004,109,0.2765715518196531,1865628.5096435547
642,-7533.999999999999,166,0.2760184087160138,2730443.723876953
643,-8290.550000000001,173,0.27546637189858175,3266188.1674804688
644,-8099.75,171,0.2749154391547846,2953031.3081054688
645,-5870.675,148,0.27436560827647505,2322393.905395508
646,-1563.125,86,0.2738168770599221,1086328.0725097656
647,-20801.05,268,0.2732692433058022,4232839.20300293
648,-5131.6,139,0.2727227048191906,2312946.1899414062
649,-3513.3,118,0.27217725940955223,1657520.5747070312
650,-11152.475,199,0.2716329048907331,3089859.111694336
651,-6508.25,155,0.2710896390809516,1846005.5201416016
652,-7643.849999999999,167,0.2705474598027897,2958144.889770508
653,-2172.1000000000004,97,0.27000636488318414,1499951.2106933594
654,-28027.125,310,0.26946635215341774,4495136.070556641
655,-46708.924999999996,398,0.2689274194491109,6026853.900268555
656,-3693.124999999999,121,0.2683895646102127,1863073.9445800781
657,-8373.725,174,0.2678527854809923,2217433.2384033203
658,-5985.85,149,0.2673170799100303,2230901.38671875
659,-9859.425000000001,188,0.2667824457502102,2699992.2025146484
660,-9461.85,184,0.2662488808587098,2613595.7478027344
661,-7952.25,170,0.26571638309699236,2020728.562133789
662,-5455.3,143,0.26518495033079836,2401071.068725586
663,-15396.35,232,0.2646545804301368,3224145.821533203
664,-9238.474999999999,182,0.26412527126927654,2868134.7243652344
665,-11888.25,205,0.26359702072673796,2854239.0971679688
666,-21913.125,275,0.2630698266852845,4012355.5130615234
667,-14614.75,226,0.26254368703191394,3556613.190673828
668,-6081.875,150,0.2620185996578501,2236271.420288086
669,-4235.675,128,0.2614945624585344,1934312.1689453125
670,-3092.725,112,0.26097157333361737,1870249.3975830078
671,-20758.8,268,0.2604496301869501,4020503.6009521484
672,-14348.85,224,0.2599287309265762,3268823.94921875
673,-18359.475,252,0.259408873464723,4235707.664428711
674,-19747.625,261,0.25889005571779355,3578959.1501464844
675,-9330.800000000001,183,0.25837227560635795,2978096.7243652344
676,-27667.425,308,0.25785553105514525,4318954.663330078
677,-2447.475,102,0.25733981999303496,1876019.8635253906
678,-9890.550000000001,188,0.2568251403530489,2493977.2368164062
679,-34758.85,344,0.2563114900723428,5473832.034423828
680,-1777.875,90,0.25579886709219807,1380787.892211914
681,-11188.475,199,0.25528726935801366,2941049.034423828
682,-10050.475,189,0.25477669481929766,2653956.788757324
683,-4339.475,129,0.25426714142965906,2071192.8842773438
684,-12443.6,209,0.25375860714679976,3786537.4295654297
685,-4646.925,133,0.25325108993250617,1850908.4826660156
686,-16882.6,242,0.25274458775264114,3803768.7475585938
687,-4545.975,132,0.25223909857713583,1980131.3041992188
688,-19078.225,257,0.25173462037998157,4142928.943359375
689,-17762.425,248,0.2512311511392216,4286754.308837891
690,-4475.375,131,0.25072868883694316,2298891.1275634766
691,-7896.725000000001,169,0.2502272314592693,2430241.5833740234
692,-24161.425,288,0.24972677699635074,3736253.471557617
693,-7470.125,165,0.24922732344235804,3036291.5274658203
694,-5232.5,140,0.24872886879547332,2444097.2076416016
695,-6258.6,152,0.24823141105788238,1942194.1518554688
696,-8394.1,174,0.2477349482357666,2433325.3533935547
697,-5310.875,141,0.24723947833929508,1753330.9396972656
698,-17609.1,247,0.2467449993826165,3288770.541015625
699,-14378.225,224,0.24625150938385126,3651610.974975586
700,-12784.225,212,0.24575900636508355,3129632.6213378906
701,-40335.125,370,0.24526748835235337,5335205.148193359
702,-17745.175,248,0.24477695337564867,3725764.2049560547
703,-2088.875,96,0.24428739946889738,1590007.4514160156
704,-28459.35,312,0.24379882466995959,4915556.372192383
705,-10583.35,194,0.24331122702061966,2942466.9040527344
706,-21133.875,270,0.24282460456657842,4277431.764526367
707,-48000.924999999996,403,0.24233895535744526,7446257.4404296875
708,-3572.1000000000004,119,0.24185427744673038,1704104.4884033203
709,-31347.975,327,0.24137056889183692,4638702.832763672
710,-29194.0,316,0.24088782775405324,4980098.52734375
711,-10584.475,194,0.24040605209854513,3366123.2392578125
712,-23138.475,282,0.23992523999434803,4341464.351074219
713,-18479.05,253,0.23944538951435934,4191076.7552490234
714,-30001.375,320,0.23896649873533063,4961992.130981445
715,-3049.1250000000005,111,0.23848856573785998,1691779.9852294922
716,-4037.6250000000005,125,0.23801158860638427,1947294.301147461
717,-10236.375,191,0.2375355654291715,3163449.5263671875
718,-3786.85,122,0.23706049429831316,2300480.351928711
719,-3201.5999999999995,114,0.23658637330971655,1718880.7674560547
720,-8817.925000000001,178,0.23611320056309712,3052717.082397461
721,-23000.0,281,0.2356409741619709,4601137.470947266
722,-27760.425,308,0.23516969221364697,5192221.892700195
723,-9037.25,180,0.2346993528292197,3074304.003173828
724,-69820.25,485,0.23422995412356126,7991771.963134766
725,-4466.0,131,0.23376149421531414,2504921.9045410156
726,-6925.975,159,0.2332939712268835,3273148.5627441406
727,-3029.5,111,0.23282738328442973,1890329.2022705078
728,-4865.0,136,0.23236172851786085,2461806.3985595703
729,-6233.6,152,0.23189700506082514,2774083.6486816406
730,-17393.75,246,0.2314332110507035,4180441.80078125
731,-6318.174999999999,153,0.23097034462860208,2391954.4490966797
732,-20026.425,263,0.23050840393934488,4075445.172241211
733,-16581.5,240,0.2300473871314662,3627415.377319336
734,-3631.2499999999995,120,0.22958729235720327,2288693.9897460938
735,-14194.550000000001,223,0.22912811777248887,4076040.646484375
736,-7410.85,164,0.22866986153694388,2608220.1826171875
737,-11864.374999999998,205,0.22821252181387,3133462.0014648438
738,-6098.0,150,0.22775609677024225,2141807.3516845703
739,-5232.375,140,0.22730058457670177,2023382.548828125
740,-16023.0,236,0.22684598340754836,3851894.4705810547
741,-21599.175,273,0.22639229144073325,4436203.783935547
742,-20116.725,264,0.22593950685785177,4413946.70703125
743,-24554.625,290,0.22548762784413606,5024382.399780273
744,-35316.85,347,0.2250366525884478,5332165.358154297
745,-95530.47499999999,567,0.2245865792832709,8698530.817626953
746,-5802.35,147,0.22413740612470434,3111749.294921875
747,-28311.875,311,0.22368913131245494,5145064.239501953
748,-8921.85,179,0.22324175304983002,3793961.563232422
749,-1610.6,87,0.22279526954373036,1210158.7661132812
750,-6363.8,153,0.2223496790046429,2972541.206298828
751,-8230.1,172,0.2219049796466336,3168272.2158203125
752,-2097.375,96,0.22146116968734034,2010066.556640625
753,-6813.3,158,0.22101824734796566,3009880.270751953
754,-33740.1,339,0.22057621085326973,5820585.935180664
755,-22011.0,275,0.2201350584315632,4517313.7158203125
756,-23988.1,287,0.21969478831470007,5813979.051025391
757,-22768.875,280,0.21925539873807068,5055304.524902344
758,-21932.125,275,0.21881688794059453,5875675.728027344
759,-9203.85,182,0.21837925416471335,3365074.89453125
760,-33337.725,337,0.21794249565638393,5586189.346557617
761,-12402.35,209,0.21750661066507115,3943939.342529297
762,-17477.75,246,0.21707159744374102,4449339.14440918
763,-13951.125,221,0.21663745424885353,4138215.380859375
764,-51652.674999999996,418,0.21620417934035582,7013961.553466797
765,-27781.425,308,0.2157717709816751,5882541.206787109
766,-14323.225,224,0.21534022743971176,4143918.2115478516
767,-17268.125,245,0.21490954698483233,4160192.3791503906
768,-56930.6,439,0.21447972789086267,7740096.186889648
769,-3616.1000000000004,119,0.21405076843508095,2685222.598876953
770,-13672.725,219,0.21362266689821077,3492641.4008789062
771,-4732.35,134,0.21319542156441434,1856499.5109863281
772,-2587.3499999999995,104,0.21276903072128553,1882084.6193847656
773,-865.5,71,0.21234349265984295,1837603.4423828125
774,-5465.55,143,0.21191880567452326,2731448.77734375
775,-14339.1,224,0.21149496806317422,4623132.730224609
776,-14207.925000000001,223,0.21107197812704787,4184461.806274414
777,-23459.975,284,0.21064983417079378,5458683.870239258
778,-3372.5,116,0.21022853450245219,2146447.5083007812
779,-2061.5,95,0.2098080774334473,1738106.7956542969
780,-7504.0,165,0.20938846127858038,2988377.204345703
781,-11402.625,201,0.20896968435602323,3447444.936279297
782,-67449.72499999999,477,0.2085517449873112,8764469.297363281
783,-24346.35,289,0.20813464149733657,6128128.6376953125
784,-45770.6,394,0.2077183722143419,7514984.073486328
785,-13929.625,221,0.2073029354699132,4078378.4349365234
786,-60791.174999999996,453,0.20688832959897338,8089348.53527832
787,-58858.125,446,0.20647455293977543,10638892.420898438
788,-21901.125,275,0.20606160383389588,6082373.421875
789,-5268.75,141,0.2056494806262281,2869909.5278320312
790,-62464.6,459,0.20523818166497565,9186088.959472656
791,-30695.35,324,0.2048277053016457,6528493.164306641
792,-13289.0,216,0.20441804989104242,3907083.8811035156
793,-7061.625,161,0.20400921379126033,3157460.3686523438
794,-28466.975,312,0.20360119536367782,5723933.9072265625
795,-15332.375,231,0.20319399297295046,4265876.306884766
796,-21324.5,271,0.20278760498700457,4740113.365966797
797,-53738.75,426,0.20238202977703057,8589507.389892578
798,-478.625,61,0.2019772657174765,1787178.0280761719
799,-9688.125,186,0.20157331118604155,4029992.94140625
800,-31178.0,326,0.20117016456366946,7689603.830566406
801,-13433.225,217,0.20076782423454212,5059356.949462891
802,-7087.375,161,0.20036628858607303,2517156.509765625
803,-4397.875,130,0.19996555600890087,2677402.365966797
804,-73844.34999999999,499,0.19956562489688306,12104823.934570312
805,-15284.75,231,0.1991664936470893,5341017.3203125
806,-25762.1,297,0.1987681606597951,5418564.613769531
807,-51102.125,416,0.19837062433847552,8954528.859375
808,-40776.85,372,0.19797388308979857,8566863.927246094
809,-14098.725,222,0.19757793532361898,4374626.788818359
810,-11244.35,199,0.19718277945297175,4298191.150146484
811,-1849.875,91,0.1967884138940658,1576016.1418457031
812,-3052.75,111,0.19639483706627767,2588402.399169922
813,-5960.849999999999,149,0.1960020473921451,4063913.6674804688
814,-16562.875,240,0.1956100432973608,5815827.965576172
815,-82151.24999999999,526,0.19521882321076608,10934824.58227539
816,-52933.424999999996,423,0.19482838556434456,8108027.376220703
817,-244857.75,905,0.1944387287932159,21607274.954589844
818,-16573.25,240,0.19404985133562946,6930149.658935547
819,-6351.3,153,0.1936617516329582,4067321.797607422
820,-9132.875,181,0.19327442812969228,5687592.004394531
821,-19388.6,259,0.1928878792734329,6751313.9931640625
822,-26685.725,302,0.19250210351488603,8773682.46459961
823,-29228.0,316,0.19211709930785625,8351018.048828125
824,-4612.05,133,0.19173286510924054,3888624.46484375
825,-14328.975,224,0.19134939937902207,6299459.790527344
826,-27682.675,308,0.19096670058026402,9410049.476074219
827,-6543.125,155,0.1905847671791035,4007188.442626953
828,-24834.35,292,0.1902035976447453,10164322.344238281
829,-13507.675000000001,218,0.1898231904494558,5662818.182373047
830,-20180.725,264,0.1894435440685569,7838483.726074219
831,-9884.925000000001,188,0.1890646569804198,5120013.873535156
832,-34760.475,344,0.18868652766645896,9049109.025390625
833,-21868.0,275,0.18830915461112605,7786889.143798828
834,-14098.475,222,0.1879325363019038,6601557.099121094
835,-28231.75,311,0.18755667122929998,9314790.910888672
836,-37826.1,359,0.18718155788684138,10083099.070800781
837,-9180.224999999999,182,0.1868071947710677,4651408.108886719
838,-8268.175,173,0.18643358038152555,5666801.706298828
839,-37252.75,356,0.1860607132207625,10292087.471191406
840,-23096.725,282,0.18568859179432098,7674818.019287109
841,-7862.850000000001,169,0.18531721461073233,4003888.8010253906
842,-16824.975,242,0.18494658018151086,7571108.4580078125
843,-22746.375,280,0.18457668702114785,8541573.339355469
844,-12895.550000000001,213,0.18420753364710554,5760543.97265625
845,-39786.674999999996,368,0.18383911857981133,10303193.319580078
846,-141197.925,688,0.1834714403426517,17558602.10131836
847,-22792.125,280,0.1831044974619664,8211217.296875
848,-12671.0,211,0.18273828846704246,5903667.802246094
849,-41219.475,374,0.18237281189010837,10804050.784667969
850,-84923.37499999999,535,0.18200806626632815,16614015.414550781
851,-36045.75,350,0.1816440501337955,10308024.508300781
852,-158924.24999999997,730,0.18128076203352791,19859211.194580078
853,-6987.625,160,0.18091820050946086,3732335.2080078125
854,-11331.375,200,0.18055636410844195,4492565.238769531
855,-24324.225,289,0.18019525138022507,6847753.527099609
856,-3311.5,115,0.17983486087746461,2399851.4919433594
857,-21439.975,272,0.17947519115570967,7430338.056396484
858,-117150.975,627,0.17911624077339824,15261590.611328125
859,-23802.25,286,0.17875800829185146,7704026.237792969
860,-25683.475,297,0.17840049227526775,7281484.699707031
861,-20511.375,266,0.1780436912907172,7835654.964599609
862,-17570.975,247,0.17768760390813576,6852927.097167969
863,-89866.49999999999,550,0.17733222870031948,13838037.140136719
864,-130286.5,661,0.17697756424291883,17498216.08984375
865,-11856.25,205,0.17662360911443298,4962827.7490234375
866,-5777.1,147,0.17627036189620413,4133158.444091797
867,-14343.475,224,0.17591782117241173,6011644.606933594
868,-12007.375,206,0.17556598553006691,5591110.150390625
869,-55763.225,434,0.1752148535590068,13299253.467773438
870,-12798.1,212,0.17486442385188877,6743425.37890625
871,-5019.05,138,0.17451469500418498,3091795.6118164062
872,-34801.475,344,0.17416566561417662,10833458.166992188
873,-5367.475,142,0.17381733428294827,4717643.5517578125
874,-41009.174999999996,373,0.17346969961438236,11399103.844726562
875,-17023.05,243,0.1731227602151536,6935832.345703125
876,-14699.349999999999,227,0.1727765146947233,6956557.917480469
877,-7554.874999999999,166,0.17243096166533387,5318909.725097656
878,-40749.85,372,0.1720860997420032,12336002.583007812
879,-42761.625,381,0.17174192754251918,12844941.877929688
880,-27218.0,306,0.17139844368743415,8100708.018066406
881,-19258.175,258,0.17105564680005927,7264552.2099609375
882,-21553.55,273,0.17071353550645915,8338140.938964844
883,-18407.425,253,0.17037210843544623,8607991.119628906
884,-56981.35,439,0.17003136421857534,12715587.416992188
885,-4464.75,131,0.1696913014901382,4029747.0375976562
886,-785.2249999999999,69,0.16935191888715792,2018568.8349609375
887,-35343.85,347,0.1690132150493836,11101473.937988281
888,-32054.125,331,0.16867518861928482,7959989.752441406
889,-15709.1,234,0.16833783824204626,5130090.59765625
890,-70310.09999999999,487,0.16800116256556216,11741793.636230469
891,-4631.8,133,0.16766516024043104,2662713.8115234375
892,-28065.625,310,0.16732982991995018,6553706.564208984
893,-25871.675,298,0.1669951702601103,7097234.602294922
894,-10941.1,197,0.16666117991959006,5268306.260498047
895,-32135.375,331,0.16632785755975088,8627094.695800781
896,-30297.1,322,0.16599520184463137,8204744.278808594
897,-17560.6,247,0.16566321144094212,5922019.365478516
898,-60751.674999999996,453,0.16533188501806023,11685547.50805664
899,-9117.875,181,0.1650012212480241,3008731.478515625
900,-10590.1,194,0.16467121880552807,4745910.869384766
901,-27182.625,305,0.164341876367917,8182664.963134766
902,-11786.975,204,0.16401319261518116,4389735.680175781
903,-20482.875,266,0.1636851662299508,5397390.426513672
904,-51594.924999999996,418,0.1633577958974909,10729249.567382812
905,-55981.375,435,0.1630310803056959,9623221.974609375
906,-10480.425000000001,193,0.1627050181450845,3908972.114013672
907,-16964.05,243,0.16237960810879434,5284316.746826172
908,-12884.800000000001,213,0.16205484889257676,5136635.857177734
909,-8255.55,173,0.1617307391947916,3302774.5095214844
910,-90153.99999999999,551,0.16140727771640204,11005797.151855469
911,-112290.6,614,0.16108446316096922,11684382.96508789
912,-21295.625,271,0.16076229423464727,6109489.130126953
913,-13048.725,214,0.16044076964617798,5643684.1953125
914,-31070.5,326,0.16011988810688563,7195126.891357422
915,-11176.975,199,0.15979964833067187,4044291.372314453
916,-7581.125,166,0.15948004903401053,3431017.9897460938
917,-15599.175000000001,233,0.1591610889359425,5553649.19140625
918,-46992.35,399,0.1588427667580706,9220769.891845703
919,-126029.625,650,0.15852508122455447,14623460.667236328
920,-68337.99999999999,480,0.15820803106210535,11544915.790527344
921,-6224.85,152,0.15789161499998114,4064308.08203125
922,-40335.125,370,0.1575758317699812,10657836.600585938
923,-26591.475,302,0.15726068010644123,6846747.615234375
924,-17171.475,244,0.15694615874622836,5490387.648681641
925,-12811.1,212,0.1566322664287359,4830185.276855469
926,-4252.425,128,0.15631900189587844,3160174.078125
927,-15736.6,234,0.1560063638920867,6303275.1787109375
928,-79959.59999999999,519,0.15569435116430252,13573440.077392578
929,-6513.125,155,0.15538296246197392,4510939.90625
930,-82297.125,526,0.15507219653704996,12446667.655273438
931,-5115.225,139,0.15476205214397584,3418704.033203125
932,-22957.125,281,0.1544525280396879,8102576.3115234375
933,-30571.8,323,0.1541436229836085,8070601.4013671875
934,-19389.35,259,0.1538353357376413,7809222.521728516
935,-53690.5,426,0.15352766506616602,11683565.583984375
936,-28878.6,314,0.15322060973603369,7505282.3271484375
937,-10318.224999999999,192,0.15291416851656162,4464707.6748046875
938,-55433.799999999996,433,0.15260834017952848,11904740.6328125
939,-43625.0,385,0.15230312349916944,9268998.260742188
940,-14182.675000000001,223,0.1519985172521711,5440322.050292969
941,-1520.0,85,0.15169452021766675,2428459.2216796875
942,-55893.875,435,0.1513911311772314,11673390.168945312
943,-100651.22499999999,582,0.15108834891487694,14755463.651855469
944,-2993.5000000000005,110,0.15078617221704718,2621252.2534179688
945,-785.0999999999999,69,0.1504845998726131,1481410.849609375
946,-11672.925000000001,203,0.15018363067286786,5873847.578369141
947,-88547.74999999999,546,0.1498832634115221,15944721.759033203
948,-26962.725,304,0.14958349688469907,8787500.87890625
949,-12260.800000000001,208,0.14928432989092968,6275628.962890625
950,-17945.725,249,0.14898576123114782,5536317.9345703125
951,-129742.12499999999,660,0.1486877897086855,18039462.74169922
952,-24320.475,289,0.14839041412926815,8970420.28515625
953,-11779.975,204,0.1480936333010096,5933222.830078125
954,-278378.875,965,0.1477974460344076,25676880.918701172
955,-60449.475,452,0.14750185114233877,14347043.540527344
956,-64849.299999999996,468,0.14720684744005408,15600916.751953125
957,-52776.799999999996,423,0.14691243374517396,15004278.345703125
958,-9217.35,182,0.1466186088776836,7565684.32421875
959,-16211.8,238,0.14632537165992823,8020728.033691406
960,-279617.225,967,0.14603272091660838,34886030.354003906
961,-129402.84999999999,659,0.14574065547477516,25187334.087402344
962,-7564.625,166,0.1454491741638256,8061879.037109375
963,-29756.35,319,0.14515827581549795,12774063.229492188
964,-123470.22499999999,644,0.14486795926386695,26305878.458984375
965,-72970.62499999999,496,0.1445782233453392,20328994.8515625
966,-16133.975,237,0.14428906689864854,10034259.819335938
967,-33995.375,340,0.14400048876485125,14621363.89453125
968,-41522.25,376,0.14371248778732154,16707794.081054688
969,-20473.5,266,0.14342506281174688,14427541.831054688
970,-10549.975,194,0.1431382126861234,8879690.057617188
971,-22137.25,276,0.14285193626075116,11801758.9140625
972,-57260.625,440,0.14256623238822966,20899781.575683594
973,-11734.35,204,0.1422810999234532,8175776.302734375
974,-13907.875,221,0.1419965377236063,11333686.122070312
975,-12023.375,206,0.14171254464815908,8799653.227539062
976,-44688.25,390,0.14142911955886275,19022386.110351562
977,-19303.85,259,0.14114626131974503,12155741.016601562
978,-17885.6,249,0.14086396879710555,12060223.967773438
979,-33067.875,336,0.14058224085951135,16127101.727050781
980,-130176.49999999999,661,0.14030107637779232,28983863.98828125
981,-31456.425,328,0.14002047422503675,13402461.840820312
982,-43873.125,386,0.13974043327658667,14303569.932128906
983,-23695.0,286,0.1394609524100335,10337199.771484375
984,-50313.299999999996,413,0.13918203050521344,15799873.190917969
985,-65979.22499999999,472,0.13890366644420302,19222927.5859375
986,-55652.1,434,0.13862585911131461,15427476.627929688
987,-138471.72499999998,682,0.138348607393092,26685851.380859375
988,-38076.625,360,0.1380719101783058,11800586.860351562
989,-20025.425,263,0.13779576635794918,8581868.78125
990,-18899.625,256,0.1375201748252333,7822629.412597656
991,-16346.099999999999,239,0.13724513447558281,8143695.13671875
992,-34272.85,342,0.13697064420663166,10826188.001953125
993,-64615.975,467,0.1366967029182184,14806466.334716797
994,-28929.625,315,0.13642330951238196,10204150.079101562
995,-20280.75,265,0.1361504628933572,8465095.79663086
996,-53660.75,426,0.13587816196757047,12376572.813720703
997,-27876.35,309,0.13560640564363532,10501526.356689453
998,-121587.34999999999,639,0.13533519283234804,18374816.17602539
999,-37874.6,359,0.13506452244668335,9012188.078857422
1000,-61308.625,455,0.13479439340178997,13226262.136230469
1001,-9312.1,182,0.1345248046149864,4447153.585449219
1002,-7307.05,163,0.13425575500575643,4996024.952636719
1003,-25003.8,293,0.13398724349574492,7268970.5751953125
1004,-64106.75,465,0.13371926900875344,12086268.368164062
1005,-9784.1,187,0.13345183047073594,6225635.597167969
1006,-148756.625,706,0.13318492680979446,17460859.109375
1007,-5554.35,144,0.13291855695617488,4119473.2900390625
1008,-47634.975,402,0.13265271984226254,10874511.286376953
1009,-13653.6,219,0.132387414402578,6862123.971191406
1010,-30822.35,324,0.13212263957377285,10503682.421875
1011,-13909.625,221,0.13185839429462531,7578630.828613281
1012,-55238.225,432,0.13159467750603607,14133521.205078125
1013,-42357.975,379,0.131331488151024,9021931.478515625
1014,-28063.375,310,0.13106882517472196,8313433.60546875
1015,-30749.725,324,0.13080668752437252,8695014.794189453
1016,-5569.6,144,0.1305450741493238,4823569.293457031
1017,-93392.12499999999,561,0.13028398400102514,13345317.416015625
1018,-65499.00000000001,470,0.1300234160330231,12337586.330078125
1019,-230918.85,879,0.12976336920095705,24203237.873046875
1020,-30353.475,322,0.12950384246255514,8742892.63671875
1021,-57802.1,442,0.12924483477763002,14769388.998046875
1022,-30829.975,324,0.12898634510807475,10995153.115234375
1023,-80956.475,522,0.1287283724178586,16960692.431152344
1024,-4780.75,135,0.12847091567302288,3812487.8725585938
1025,-5288.5,141,0.12821397384167682,4986266.862792969
1026,-33177.5,336,0.12795754589399347,11990393.487792969
1027,-129407.72499999999,659,0.12770163080220548,22987296.552734375
1028,-32143.125,331,0.12744622754060106,13238581.190917969
1029,-67380.97499999999,477,0.12719133508551986,17642137.630371094
1030,-67396.84999999999,477,0.12693695241534883,19838268.86669922
1031,-64131.0,465,0.12668307851051813,16312746.386230469
1032,-71801.22499999999,492,0.1264297123534971,17561811.590820312
1033,-47214.0,400,0.1261768529287901,12837887.801757812
1034,-49334.6,409,0.12592449922293253,13774387.115234375
1035,-61256.0,455,0.12567265022448668,14286366.046386719
1036,-35835.85,349,0.1254213049240377,12075573.595703125
1037,-43894.25,386,0.12517046231418963,14325923.209472656
1038,-52465.125,421,0.12492012138956125,15677831.755371094
1039,-5967.35,149,0.12467028114678214,4435724.609863281
1040,-85054.62499999999,535,0.12442094058448858,16004647.500976562
1041,-33063.375,336,0.1241720987033196,10940770.306640625
1042,-15549.050000000001,233,0.12392375450591296,7725718.867675781
1043,-49598.75,410,0.12367590699690113,13331816.515625
1044,-31888.25,330,0.12342855518290734,10075138.5703125
1045,-21602.8,273,0.12318169807254152,8155671.3876953125
1046,-36578.924999999996,353,0.12293533467639643,11142364.559082031
1047,-29532.3,318,0.12268946400704364,6972793.405761719
1048,-21052.875,270,0.12244408507902955,9910319.051513672
1049,-33348.975,337,0.1221991969088715,11994688.538085938
1050,-14331.35,224,0.12195479851505375,8229481.774902344
1051,-11010.675000000001,198,0.12171088891802365,6127789.140625
1052,-18245.85,252,0.1214674671401876,7312439.041015625
1053,-58769.25,446,0.12122453220590722,12897852.964111328
1054,-31345.725,327,0.1209820831414954,8037543.154296875
1055,-18775.375,255,0.12074011897521242,8239373.2275390625
1056,-36528.225,352,0.12049863873726199,8349273.0419921875
1057,-43645.0,385,0.12025764145978747,9461864.506591797
1058,-46553.6,397,0.1200171261768679,9756025.670410156
1059,-101009.42499999999,583,0.11977709192451416,13451557.082763672
1060,-91775.37499999999,556,0.11953753774066514,13473281.678222656
1061,-15962.125,236,0.1192984626651838,5437670.972900391
1062,-22770.625,280,0.11905986573985344,8006837.230957031
1063,-53077.1,424,0.11882174600837374,11969363.644042969
1064,-79019.87499999999,516,0.118584102516357,13476310.778076172
1065,-151950.22499999998,714,0.11834693431132429,15629704.19506836
1066,-22287.35,277,0.11811024044270164,7985522.836669922
1067,-45986.375,395,0.11787401996181623,10940942.912841797
1068,-8547.75,175,0.1176382719218926,5580400.140136719
1069,-17853.6,249,0.11740299537804882,6166112.257080078
1070,-41842.475,377,0.11716818938729273,10709048.756103516
1071,-69980.49999999999,486,0.11693385300851815,11449396.329833984
1072,-107087.24999999999,600,0.11669998530250111,15227076.254394531
1073,-57821.1,442,0.1164665853318961,10714311.541015625
1074,-2763.1,107,0.11623365216123231,2079542.701171875
1075,-16114.725,237,0.11600118485690984,7060346.988769531
1076,-61903.6,457,0.11576918248719602,13918388.209960938
1077,-22972.625,281,0.11553764412222163,8993673.458496094
1078,-37276.875,356,0.11530656883397719,9498300.169921875
1079,-93531.49999999999,561,0.11507595569630924,11938178.764160156
1080,-53723.25,426,0.11484580378491663,10763838.739257812
1081,-36954.0,355,0.1146161121773468,9123740.682128906
1082,-15404.1,232,0.1143868799529921,6485849.6474609375
1083,-76127.75,506,0.11415810619308611,16786608.868164062
1084,-127803.37499999999,655,0.11392978998069994,21052982.658203125
1085,-30502.675,323,0.11370193040073855,10541013.400390625
1086,-14032.849999999999,222,0.11347452653993707,5426067.034667969
1087,-37679.924999999996,358,0.1132475774868572,10954396.58984375
1088,-49391.85,409,0.11302108233188347,11022005.297851562
1089,-125582.6,649,0.11279504016721971,17948843.220703125
1090,-7193.85,162,0.11256945008688526,5063566.874511719
1091,-177943.47499999998,772,0.1123443111867115,23918008.220703125
1092,-192419.925,803,0.11211962256433808,24816079.87890625
1093,-54627.875,430,0.1118953833192094,12846401.274902344
1094,-76909.09999999999,509,0.11167159255257098,16994986.53857422
1095,-163016.09999999998,739,0.11144824936746583,25967724.28515625
1096,-14895.300000000001,228,0.1112253528687309,7975897.4287109375
1097,-101755.24999999999,585,0.11100290216299344,20277286.92138672
1098,-5631.5,145,0.11078089635866745,4752163.170410156
1099,-16414.35,239,0.11055933456595012,8522821.711425781
1100,-107134.87499999999,600,0.11033821589681822,22461472.20361328
1101,-32703.974999999995,334,0.11011753946502459,11973666.623046875
1102,-72473.475,494,0.10989730438609453,14762081.945800781
1103,-34204.0,341,0.10967750977732234,12220591.41796875
1104,-203464.875,825,0.1094581547577677,28131714.860351562
1105,-43726.5,385,0.10923923844825216,14644726.9296875
1106,-199004.625,816,0.10902075997135566,31504917.040039062
1107,-17601.475,247,0.10880271845141294,9624962.713867188
1108,-244830.74999999997,905,0.10858511301451011,35644841.88671875
1109,-133805.62499999997,670,0.1083679427884811,27785913.399414062
1110,-93525.49999999999,561,0.10815120690290413,27367605.361328125
1111,-21313.875,271,0.10793490448909832,10497485.82421875
1112,-105952.59999999999,597,0.10771903468012012,29186503.578125
1113,-139049.925,683,0.10750359661075988,27641985.788085938
1114,-230029.975,877,0.10728858941753835,37397695.37207031
1115,-111883.42499999999,613,0.10707401223870328,26416834.275390625
1116,-98388.75,575,0.10685986421422587,29134223.013671875
1117,-26406.875,301,0.10664614448579741,14115902.521484375
1118,-122325.99999999999,641,0.10643285219682581,27770794.920898438
1119,-155534.09999999998,722,0.10621998649243217,34414683.04785156
1120,-32352.1,332,0.1060075465194473,17213515.131835938
1121,-12393.725,209,0.1057955314264084,9001024.766601562
1122,-56146.375,436,0.10558394036355559,22068812.8984375
1123,-161948.72499999998,737,0.10537277248282848,32362318.762695312
1124,-16264.3,238,0.10516202693786282,10878994.060546875
1125,-6049.249999999999,150,0.1049517028839871,6648331.47265625
1126,-83694.24999999999,531,0.10474179947821913,23463253.3671875
1127,-8074.0,171,0.10453231587926269,7077283.3125
1128,-23937.475,287,0.10432325124750416,12678934.52734375
1129,-10815.125,196,0.10411460474500915,8564776.856445312
1130,-11415.0,201,0.10390637553551914,10381316.149414062
1131,-53811.725,427,0.1036985627844481,15378813.795898438
1132,-19713.125,261,0.1034911656588792,12730606.129882812
1133,-85892.29999999999,538,0.10328418332756144,24257951.663085938
1134,-48104.35,404,0.10307761496090631,15879698.280273438
1135,-15847.375,235,0.1028714597309845,9202353.272460938
1136,-16886.1,242,0.10266571681152252,9725075.365722656
1137,-25678.975,297,0.10246038537789948,12993565.776367188
1138,-133918.87499999997,671,0.10225546460714367,28525350.876464844
1139,-213413.37499999997,846,0.10205095367792938,34033473.12158203
1140,-38259.0,361,0.10184685177057352,14233253.787109375
1141,-24615.125,291,0.10164315806703238,9857530.669921875
1142,-28237.5,311,0.10143987175089832,12641877.069824219
1143,-23944.6,287,0.10123699200739653,11369447.510253906
1144,-14100.35,222,0.10103451802338173,8040601.2158203125
1145,-73776.97499999999,499,0.10083244898733497,20983864.087890625
1146,-101988.49999999999,586,0.1006307840893603,23698268.033203125
1147,-61467.25,456,0.10042952252118158,18121692.080078125
1148,-16839.975,242,0.10022866347613922,7766627.58203125
1149,-8582.75,176,0.10002820614918695,9005007.727050781
1150,-56183.5,436,0.09982814973688857,14573017.3671875
1151,-136588.72499999998,677,0.0996284934374148,26233897.225097656
1152,-10475.175000000001,193,0.09942923645053997,5689598.4814453125
1153,-46618.049999999996,398,0.0992303779776389,15720742.079589844
1154,-124645.47499999999,647,0.09903191722168361,21389774.95263672
1155,-12135.475,207,0.09883385338724024,7610199.1044921875
1156,-24243.475,289,0.09863618568046575,10614492.890136719
1157,-82058.49999999999,526,0.09843891330910483,18291108.57080078
1158,-11289.125,200,0.09824203548248661,6957350.570800781
1159,-43709.375,385,0.09804555141152164,14673972.545410156
1160,-6612.0,156,0.09784946030869861,5911808.4462890625
1161,-365955.125,1106,0.09765376138808121,38160408.564453125
1162,-67075.87499999999,476,0.09745845386530505,18967698.354492188
1163,-119170.79999999999,633,0.09726353695757443,27493079.268554688
1164,-144791.97499999998,697,0.09706900988365928,28928051.145507812
1165,-32649.099999999995,334,0.09687487186389196,13210541.534179688
1166,-54401.85,429,0.09668112212016418,16281899.051269531
1167,-114344.74999999999,620,0.09648775987592385,23348554.791015625
1168,-317485.5,1031,0.096294784356172,42458613.537109375
1169,-29854.0,320,0.09610219478745965,14454973.064453125
1170,-7667.85,167,0.09590999039788474,6732999.7470703125
1171,-12013.375,206,0.09571817041708897,8674689.512695312
1172,-75004.92499999999,503,0.09552673407625478,26047329.89013672
1173,-69636.12499999999,485,0.09533568060810227,25134919.791992188
1174,-40852.924999999996,373,0.09514500924688607,17485385.313476562
1175,-114033.47499999999,619,0.0949547192283923,32864361.622070312
1176,-149253.05,708,0.09476480978993551,34140143.09667969
1177,-480631.675,1268,0.09457528017035564,61302104.0234375
1178,-154842.37499999997,721,0.09438612961001493,38648591.56542969
1179,-130901.17499999997,663,0.0941973573507949,36271928.22753906
1180,-48162.225,404,0.09400896263609332,24310071.493164062
1181,-115719.675,623,0.09382094471082113,37471346.51953125
1182,-1625.35,87,0.09363330282139949,3929237.6630859375
1183,-38473.725,362,0.09344603621575669,17411201.928710938
1184,-23586.5,285,0.09325914414332517,16930810.590820312
1185,-11801.475,204,0.09307262585503852,13394678.399414062
1186,-107998.35,602,0.09288648060332844,29386769.875
1187,-238328.42500000002,893,0.09270070764212178,50559090.42480469
1188,-62917.75,461,0.09251530622683754,24838963.4375
1189,-160767.34999999998,734,0.09233027561438387,38586850.66894531
1190,-43726.125,385,0.09214561506315509,18981405.985351562
1191,-27945.6,309,0.09196132383302878,16487727.247070312
1192,-927260.85,1759,0.09177740118536272,103313546.87890625
1193,-84326.54999999999,533,0.09159384638299199,46503849.60546875
1194,-34333.225,342,0.09141065869022601,28435044.228515625
1195,-323761.125,1041,0.09122783737284555,95496509.37695312
1196,-32508.175,333,0.09104538169809986,28553027.8125
1197,-65970.72499999999,472,0.09086329093470366,45402672.68359375
1198,-42009.049999999996,378,0.09068156435283425,34224268.935546875
1199,-29311.475,317,0.09050020122412858,32597007.71875
1200,-136477.97499999998,677,0.09031920082168032,60982375.796875
1201,-215452.35,849,0.09013856242003697,72705515.64453125
1202,-103417.62499999999,590,0.0899582852951969,43029752.13671875
1203,-110662.99999999999,610,0.0897783687246065,48599370.01953125
1204,-40743.975,372,0.08959881198715729,31661288.59375
1205,-59700.1,449,0.08941961436318298,34778188.36328125
1206,-106932.6,599,0.0892407751344566,46781994.939453125
1207,-55756.975,434,0.0890622935841877,27445045.947265625
1208,-311227.0,1020,0.08888416899701933,69845716.07226562
1209,-248068.74999999997,911,0.08870640065902528,62524009.89160156
1210,-65777.75,471,0.08852898785770723,21560184.6796875
1211,-257863.09999999998,929,0.08835192988199181,46477050.24707031
1212,-76819.47499999999,509,0.08817522602222783,31130544.576171875
1213,-94750.12499999999,565,0.08799887557018338,27680761.145507812
1214,-86230.22499999999,539,0.08782287781904301,26932748.64453125
1215,-103484.87499999999,590,0.08764723206340493,27302737.834960938
1216,-40202.125,370,0.08747193759927811,16756462.465820312
1217,-66502.97499999999,474,0.08729699372407955,23375749.013671875
1218,-236789.37499999997,891,0.08712239973663138,41122490.18066406
1219,-17818.1,249,0.08694815493715811,9665468.890625
1220,-90995.05,553,0.0867742586272838,24528159.665039062
1221,-130927.29999999997,663,0.08660071011002923,33599154.8828125
1222,-36576.549999999996,353,0.08642750868980917,17638956.256835938
1223,-20437.25,266,0.08625465367242954,12718123.243164062
1224,-132470.34999999998,667,0.08608214436508468,32356478.904296875
1225,-125346.97499999999,649,0.08590998007635452,29696992.077148438
1226,-29185.625,316,0.0857381601162018,15304501.87890625
1227,-86213.59999999999,539,0.0855666837959694,23232767.720703125
1228,-43148.049999999996,383,0.08539555042837747,22959765.706054688
1229,-203381.62499999997,826,0.08522475932752072,38412410.826171875
1230,-23048.475,282,0.08505430980886568,13171478.1484375
1231,-48294.125,405,0.08488420118924794,19711508.723632812
1232,-170957.22499999998,757,0.08471443278686945,35906080.71972656
1233,-26037.35,299,0.08454500392129571,13480686.932617188
1234,-117558.925,628,0.08437591391345312,25316439.001953125
1235,-27090.875,305,0.0842071620856262,12969289.761230469
1236,-134892.425,673,0.08403874776145495,31126968.720703125
1237,-274676.975,959,0.08387067026593203,45109024.3125
1238,-166901.175,748,0.08370292892540017,33267313.663085938
1239,-74595.22499999999,502,0.08353552306754937,22924119.450195312
1240,-58339.725,444,0.08336845202141427,20675886.991210938
1241,-30300.1,322,0.08320171511737144,13179928.655273438
1242,-12112.1,207,0.0830353116871367,8788343.852539062
1243,-55860.375,435,0.08286924106376242,15496633.26953125
1244,-18696.125,255,0.08270350258163489,11391234.59375
1245,-39865.174999999996,368,0.08253809557647163,17508006.653320312
1246,-141337.72499999998,689,0.08237301938531869,29024352.321289062
1247,-64522.85,467,0.08220827334654805,22828305.330078125
1248,-38906.35,364,0.08204385679985496,16148565.911132812
1249,-83853.09999999999,532,0.08187976908625524,25286413.3828125
1250,-88758.59999999999,547,0.08171600954808274,25548605.275390625
1251,-24116.675,288,0.08155257752898658,14987419.67578125
1252,-265489.175,943,0.0813894723739286,35655774.69970703
1253,-13056.6,214,0.08122669342918075,10482325.20703125
1254,-89842.62499999999,550,0.08106424004232239,25374528.762695312
1255,-91193.59999999999,554,0.08090211156223774,25455241.629882812
1256,-169887.74999999997,755,0.08074030733911326,34583143.134765625
1257,-94189.04999999999,563,0.08057882672443503,26612306.416015625
1258,-185278.05,788,0.08041766907098616,35018305.498535156
1259,-48606.625,406,0.08025683373284419,17916464.287597656
1260,-310929.25,1020,0.08009632006537849,43146175.7734375
1261,-185352.92500000002,788,0.07993612742524774,35516833.21875
1262,-306365.35,1012,0.07977625517039724,45682249.3203125
1263,-118836.09999999999,632,0.07961670266005645,32888043.500976562
1264,-159270.24999999997,731,0.07945746925473633,37915277.83105469
1265,-78446.47499999999,514,0.07929855431622686,23987995.147460938
1266,-276523.6,962,0.0791399572075944,48935107.03613281
1267,-118770.47499999999,632,0.0789816772931792,36112796.568359375
1268,-137360.97499999998,679,0.07882371393859285,36725331.13574219
1269,-16119.6,237,0.07866606651071566,10746678.299804688
1270,-36596.299999999996,353,0.07850873437769422,19749757.598632812
1271,-122014.62499999999,640,0.07835171690893883,32518421.57421875
1272,-21289.0,271,0.07819501347512095,13715814.703125
1273,-16156.475,237,0.07803862344817071,13794061.514648438
1274,-62981.875,461,0.07788254620127437,22360662.717773438
1275,-178866.725,774,0.07772678110887182,39088102.04785156
1276,-674680.625,1501,0.07757132754665408,75518150.44140625
1277,-87887.47499999999,544,0.07741618489156077,38340884.3359375
1278,-33697.35,339,0.07726135252177764,19958078.729492188
1279,-113044.0,616,0.07710682981673408,38293959.505859375
1280,-35300.6,347,0.07695261615710061,23208355.439453125
1281,-103539.49999999999,590,0.0767987109247864,37197528.03613281
1282,-54866.75,431,0.07664511350293683,33547331.54296875
1283,-59659.975,449,0.07649182327593096,29007875.471679688
1284,-112240.09999999999,614,0.0763388396293791,38788115.458984375
1285,-635569.35,1457,0.07618616195012033,97034088.44433594
1286,-63029.625,461,0.0760337896262201,35760448.38671875
1287,-602996.85,1419,0.07588172204696765,107787389.5703125
1288,-961123.0,1791,0.07572995860287371,167964483.125
1289,-226774.25,871,0.07557849868566796,107819538.01171875
1290,-49669.625,410,0.07542734168829662,46589630.90625
1291,-152960.12499999997,716,0.07527648700492003,83049492.8359375
1292,-423702.0,1190,0.07512593403091018,127579911.47265625
1293,-337505.35,1062,0.07497568216284836,110752503.6796875
1294,-46983.975,399,0.07482573079852267,40705969.375
1295,-55734.225,434,0.07467607933692563,45475435.203125
1296,-505270.6,1299,0.07452672717825178,137913116.79296875
1297,-137235.80000000002,678,0.07437767372389527,70634001.48046875
1298,-245077.875,905,0.07422891837644748,93009785.890625
1299,-17891.725,249,0.07408046053969458,24697602.47265625
1300,-119928.725,634,0.0739322996186152,56351338.4921875
1301,-92992.85,559,0.07378443501937797,47365675.37109375
1302,-163797.37499999997,741,0.07363686614933922,59905236.279296875
1303,-231670.49999999997,881,0.07348959241704053,61480226.837890625
1304,-46947.1,399,0.07334261323220645,30264311.529296875
1305,-205136.84999999998,829,0.07319592800574204,50896975.126953125
1306,-247888.74999999997,911,0.07304953614973056,60660520.70996094
1307,-162686.72499999998,739,0.0729034370774311,42209418.31347656
1308,-44130.475,387,0.07275763020327625,23272750.390625
1309,-345459.625,1075,0.07261211494286969,64873959.591796875
1310,-112594.12499999999,615,0.07246689071298396,39230011.89355469
1311,-30383.1,322,0.07232195693155799,22316152.430664062
1312,-207196.675,833,0.07217731301769488,45903734.71484375
1313,-191368.49999999997,801,0.07203295839165949,48409049.58203125
1314,-139517.6,684,0.07188889247487618,38393867.904296875
1315,-163102.975,739,0.07174511468992642,38495243.39746094
1316,-38538.225,362,0.07160162446054656,22343199.307617188
1317,-111202.0,611,0.07145842121162548,35182616.482421875
1318,-166523.84999999998,747,0.07131550436920223,52375596.853515625
1319,-311210.625,1020,0.07117287336046382,52666811.54980469
1320,-188689.37499999997,795,0.0710305276137429,44231083.35644531
1321,-134241.87499999997,671,0.07088846655851541,33956119.84082031
1322,-85598.72499999999,537,0.07074668962539839,34158252.23828125
1323,-426671.85,1194,0.0706051962461476,62777901.96582031
1324,-109669.34999999999,607,0.0704639858536553,34700643.05957031
1325,-65412.12499999999,470,0.070323057881948,28298749.547851562
1326,-83397.87499999999,530,0.0701824117661841,32600256.245117188
1327,-9858.425000000001,188,0.07004204694265173,9918570.481445312
1328,-136095.62499999997,676,0.06990196284876643,43993529.43652344
1329,-40606.725,372,0.0697621589230689,24147872.325195312
1330,-114630.12499999999,621,0.06962263460522276,30599079.719726562
1331,-222078.925,863,0.06948338933601232,47922024.037109375
1332,-91092.09999999999,554,0.0693444225573403,33570618.07519531
1333,-85356.99999999999,536,0.06920573371222562,25221368.333984375
1334,-259525.47499999998,932,0.06906732224480117,54072684.224609375
1335,-61379.75,456,0.06892918760031157,28970866.795898438
1336,-127680.49999999999,655,0.06879132922511094,35625961.87207031
1337,-152268.24999999997,715,0.06865374656666072,38501449.04296875
1338,-58198.1,444,0.0685164390735274,21628204.072265625
1339,-464226.25,1246,0.06837940619538035,70784426.56542969
1340,-92873.22499999999,559,0.06824264738298959,32926094.828125
1341,-131692.74999999997,665,0.0681061620882236,37876051.6015625
1342,-12015.0,206,0.06796994976404716,9557539.708984375
1343,-21539.100000000002,272,0.06783400986451907,14685511.1171875
1344,-77465.49999999999,511,0.06769834184479002,26548355.885742188
1345,-161355.49999999997,736,0.06756294516110044,42097587.96484375
1346,-66346.05,473,0.06742781927077823,23780691.215820312
1347,-826554.125,1661,0.06729296363223668,88806533.81542969
1348,-13414.35,217,0.0671583777049722,16336685.521484375
1349,-83132.97499999999,529,0.06702406094956226,40942013.603515625
1350,-20655.225,267,0.06689001282766313,22364324.74609375
1351,-120066.62499999999,635,0.0667562328020078,56896295.615234375
1352,-390389.725,1142,0.06662272033640379,102003955.5078125
1353,-508643.175,1303,0.06648947489573098,124989914.2265625
1354,-74298.375,500,0.06635649594593952,46865691.86328125
1355,-116765.25,626,0.06622378295404764,59535815.71875
1356,-635670.725,1457,0.06609133538813955,132324931.09375
1357,-59884.375,450,0.06595915271736327,43022675.802734375
1358,-224947.55,868,0.06582723441192855,83406968.88671875
1359,-98982.09999999999,577,0.06569557994310468,56899767.150390625
1360,-160192.55,733,0.06556418878321847,75742041.93164062
1361,-84760.97499999999,534,0.06543306040565204,55099701.794921875
1362,-62561.875,460,0.06530219428484074,37316798.546875
1363,-162322.3,738,0.06517158989627106,54944134.05859375
1364,-414390.225,1177,0.06504124671647851,84195562.80078125
1365,-278289.5,965,0.06491116422304556,70455104.265625
1366,-209956.97499999998,839,0.06478134189459947,58796388.060546875
1367,-408678.975,1169,0.06465177921081026,79281040.27148438
1368,-243112.72499999998,902,0.06452247565238864,60977758.58203125
1369,-21567.925,273,0.06439343070108386,22809009.3828125
1370,-111601.1,612,0.0642646438396817,42603833.09765625
1371,-177389.24999999997,771,0.06413611455200233,54344027.28125
1372,-43496.475,384,0.06400784232289833,21923632.283203125
1373,-145550.22499999998,699,0.06387982663825253,49283052.54589844
1374,-238219.05,893,0.06375206698497603,53971484.419921875
1375,-179846.0,776,0.06362456285100608,48050969.8515625
1376,-211706.72499999998,842,0.06349731372530407,54962533.3046875
1377,-821382.625,1656,0.06337031909785346,100903547.0625
1378,-31100.25,326,0.06324357845965775,24488994.1328125
1379,-118986.6,632,0.06311709130273843,51742448.48828125
1380,-260656.59999999998,934,0.06299085712013296,67191047.69335938
1381,-173213.72499999998,762,0.0628648754058927,64232721.97265625
1382,-190494.84999999998,799,0.06273914565508092,64836534.162109375
1383,-332946.125,1055,0.06261366736377075,81827161.80078125
1384,-502223.5,1295,0.062488440029043205,95227233.97851562
1385,-190332.80000000002,798,0.06236346314898512,67178846.69726562
1386,-276788.6,962,0.06223873622268715,74560458.45117188
1387,-153437.475,717,0.06211425875024178,56970148.328125
1388,-502232.0,1295,0.06199003023274129,102174825.296875
1389,-19759.625,261,0.06186605017227581,19739983.90234375
1390,-440394.425,1213,0.06174231807193126,89437532.87304688
1391,-41899.725,377,0.0616188334357874,30982177.798828125
1392,-24994.675,293,0.06149559576891582,28296400.779296875
1393,-201276.24999999997,821,0.06137260457737799,72865460.56054688
1394,-16567.5,240,0.06124985936822323,20570805.673828125
1395,-325294.05,1043,0.06112735964948679,88499600.11328125
1396,-207890.475,834,0.06100510493018781,72817912.66796875
1397,-657479.725,1482,0.060883094720327435,129597220.01757812
1398,-27480.475,307,0.06076132853088678,31727481.7578125
1399,-128119.74999999999,656,0.06063980587382501,52283348.1796875
1400,-144013.62499999997,695,0.06051852626207736,68281166.83984375
1401,-37824.85,359,0.06039748920955321,42446382.166015625
1402,-429379.175,1198,0.060276694231134104,99518586.2265625
1403,-176832.12499999997,770,0.06015614084267183,69242648.63476562
1404,-77261.25,510,0.060035828560986486,51919296.509765625
1405,-90502.59999999999,552,0.05991575690386451,42487274.376953125
1406,-158115.67500000002,728,0.059795925390056785,55797650.876953125
1407,-115643.925,623,0.05967633353927667,48411959.361328125
1408,-112203.34999999999,614,0.059556980872198115,43006942.42578125
1409,-77182.62499999999,510,0.05943786691045372,36535900.783203125
1410,-288928.05,983,0.059318991176632814,73518232.16992188
1411,-129045.925,658,0.05920035319427955,50413444.263671875
1412,-66474.47499999999,474,0.05908195248789099,33994209.19921875
1413,-270873.85,952,0.05896378858291521,54733022.240234375
1414,-178851.475,774,0.05884586100574938,43625435.38964844
1415,-48613.875,406,0.05872816928373788,25626524.241210938
1416,-135801.24999999997,675,0.0586107129451704,38494108.15136719
1417,-177987.35,772,0.058493491519280065,46930081.345703125
1418,-87374.975,542,0.058376504536241505,28719089.791992188
1419,-294313.35,992,0.05825975152716902,55879134.03515625
1420,-194536.85,807,0.058143232024114685,39734703.32519531
1421,-390423.975,1142,0.058026945560066455,64311439.876953125
1422,-225676.47499999998,869,0.05791089166894632,50518509.8984375
1423,-466916.225,1249,0.05779506988560843,72537210.98339844
1424,-238869.22499999998,894,0.05767947974583722,59752452.49902344
1425,-187189.59999999998,792,0.05756412078634554,45033474.498046875
1426,-603596.125,1420,0.05744899254477285,91027008.1875
1427,-359243.125,1096,0.0573340945596833,79936962.57617188
1428,-243875.09999999998,904,0.05721942637056394,68858421.04296875
1429,-193529.5,805,0.05710498751782281,64774243.423828125
1430,-20034.05,263,0.05699077754278716,16319201.115234375
1431,-150126.12499999997,710,0.05687679598770159,50595231.12109375
1432,-200776.125,820,0.05676304239572619,58906839.7265625
1433,-54922.875,431,0.05664951631093473,29962271.400390625
1434,-166097.12499999997,746,0.056536217278312866,49452158.24609375
1435,-299036.0,1000,0.05642314484375624,76702005.54101562
1436,-231866.87499999997,881,0.05631029855406873,56883767.697265625
1437,-29992.75,320,0.056197677956960596,23118606.033203125
1438,-327984.975,1047,0.05608528260104667,62180757.205078125
1439,-234690.75,886,0.055973112035844576,65655812.421875
1440,-12799.1,212,0.05586116581177289,13494010.75390625
1441,-151689.55000000002,713,0.05574944348014935,49837863.5078125
1442,-589590.6749999999,1403,0.05563794459318905,93158470.65917969
1443,-739410.875,1571,0.05552666870400267,116583305.07910156
1444,-155687.85,722,0.055415615366594666,66506521.70703125
1445,-234834.625,886,0.05530478413586148,78203732.28710938
1446,-244375.225,904,0.05519417456758975,83389512.41796875
1447,-249341.30000000002,913,0.05508378621845457,92542731.25976562
1448,-988509.25,1816,0.05497361864601766,176188333.1640625
1449,-30420.350000000002,322,0.054863671408725626,43076417.2109375
1450,-439452.975,1212,0.054753944065908174,137064357.25585938
1451,-209439.1,837,0.054644436177776354,85046551.8828125
1452,-402551.375,1160,0.0545351473054208,123140260.56640625
1453,-184489.375,786,0.05442607701080996,80663308.39453125
1454,-650541.1,1474,0.05431722485678834,162737800.24414062
1455,-171438.425,758,0.054208590407074764,84334405.48632812
1456,-495541.85,1287,0.054100173226260616,133094337.16015625
1457,-468332.5,1251,0.053991972879808094,146261720.27734375
1458,-638654.125,1460,0.05388398893404848,160101444.0546875
1459,-1210955.25,2010,0.053776220956180384,206915999.46289062
1460,-221262.37499999997,861,0.05366866851426803,98299031.32421875
1461,-35112.875,346,0.05356133117723949,46597537.65625
1462,-469749.3,1253,0.05345420851488501,161127166.4296875
1463,-423676.125,1190,0.053347300097855245,138197181.73046875
1464,-108925.12499999999,605,0.053240605497659535,79717276.7890625
1465,-372421.0,1116,0.05313412428666422,151677280.140625
1466,-92504.29999999999,558,0.05302785603809089,68364030.16796875
1467,-451275.8,1228,0.052921800326014706,136440750.3046875
1468,-159452.62499999997,731,0.05281595672536268,80036251.40625
1469,-228830.99999999997,875,0.05271032481191195,85984671.25585938
1470,-703494.225,1532,0.05260490416228813,151673071.45898438
1471,-500492.3,1293,0.05249969435396355,125749065.54492188
1472,-274846.6,959,0.052394694965255624,83980515.890625
1473,-301200.1,1004,0.05228990557532511,98083352.41796875
1474,-25183.475,294,0.052185325764174464,33653266.0078125
1475,-380201.675,1128,0.05208095511264611,108867114.18945312
1476,-46855.975,399,0.05197679320242082,40506408.73046875
1477,-75816.12499999999,506,0.05187283961601598,46913881.443359375
1478,-97609.54999999999,573,0.051769093936783944,46725949.7265625
1479,-98901.34999999999,577,0.05166555574891037,47604497.984375
1480,-231269.74999999997,880,0.05156222463741255,71129077.8671875
1481,-312573.8,1023,0.05145910018813773,75113581.68359375
1482,-112044.72499999999,614,0.05135618198776145,48546108.298828125
1483,-137533.49999999997,680,0.05125346962378593,56564847.56640625
1484,-155984.17500000002,723,0.05115096268453836,55257856.880859375
1485,-242287.12499999997,901,0.05104866075916928,62516779.15234375
1486,-39593.6,367,0.05094656343765094,26343243.412109375
1487,-315146.85,1027,0.050844670310775636,68251047.74121094
1488,-354035.05,1088,0.05074298097015408,71036720.30371094
1489,-59269.049999999996,448,0.05064149500821377,30378623.982421875
1490,-118499.37499999999,631,0.05054021201819734,37385422.37890625
1491,-112411.99999999999,615,0.05043913159416095,38074558.80761719
1492,-161531.49999999997,736,0.050338253330972624,38991713.28515625
1493,-636147.1749999999,1458,0.05023757682431068,89291649.44824219
1494,-63432.424999999996,463,0.05013710167066206,29784792.65625
1495,-123656.725,644,0.05003682746732073,43787763.34765625
1496,-91305.85,554,0.04993675381238609,39440430.798828125
1497,-640992.7999999999,1463,0.04983688030476132,99907566.36914062
1498,-724309.0,1555,0.0497372065441518,119172836.98632812
1499,-190510.34999999998,799,0.0496377321310635,83118703.8046875
1500,-111897.04999999999,613,0.04953845666680137,51974384.51171875
1501,-361453.85,1099,0.04943937975346777,95047821.78320312
1502,-1410402.85,2169,0.04934050099396084,216860886.25585938
1503,-65101.85,469,0.04924181999197292,71926953.859375
1504,-336966.975,1062,0.049143336351988975,144098819.31640625
1505,-215047.97499999998,849,0.049045049679285,111576657.71875
1506,-63744.725,464,0.048946959579926425,54486049.9921875
1507,-555680.1749999999,1363,0.04884906566076657,174658657.84375
1508,-629277.25,1450,0.04875136752944504,180199399.1875
1509,-229535.09999999998,877,0.04865386479438615,115722870.03515625
1510,-414314.85,1177,0.04855655706479738,147200033.375
1511,-159867.22499999998,732,0.048459443950667785,99506896.4609375
1512,-216228.12499999997,851,0.04836252506276645,109926520.234375
1513,-233474.09999999998,884,0.048265800012640914,101176185.5
1514,-241697.475,899,0.04816926841261563,75021457.84960938
1515,-435417.5,1206,0.0480729298757904,98482017.95703125
1516,-286629.225,979,0.04797678401603882,74074945.87890625
1517,-635878.225,1457,0.04788083044800674,115331460.7109375
1518,-358575.0,1095,0.04778506878711073,103269398.39453125
1519,-165412.74999999997,745,0.04768949864953651,67836493.984375
1520,-27363.25,306,0.04759411965223744,22027897.94140625
1521,-98716.5,576,0.04749893141293297,50247244.716796875
1522,-579892.225,1392,0.0474039335501071,111110789.44726562
1523,-201728.22499999998,822,0.04730912568300689,63184743.484375
1524,-806638.5,1641,0.04721450743164087,142565209.1796875
1525,-230916.6,879,0.04712007841677759,94622640.36914062
1526,-553868.625,1360,0.04702583825994403,145115777.15820312
1527,-565149.725,1374,0.046931786583424145,155780943.70703125
1528,-358638.0,1095,0.0468379230102573,108640058.83203125
1529,-414650.6,1177,0.04674424716423679,122547659.86132812
1530,-309225.6,1017,0.04665075866990831,97395193.77929688
1531,-193909.49999999997,806,0.046557457152568496,82196163.85351562
1532,-385851.25,1136,0.04646434223826336,115743575.58984375
1533,-172213.99999999997,760,0.04637141355378683,80463588.47460938
1534,-91613.625,555,0.04627867072667925,49952346.18359375
1535,-545974.875,1351,0.046186113385225894,124759506.97265625
1536,-258326.74999999997,930,0.046093741158455444,79587583.13867188
1537,-386107.5,1136,0.046001553676138535,95208914.19140625
1538,-320178.625,1035,0.045909550568786255,82999726.50195312
1539,-887145.125,1721,0.045817731467648684,146407233.10546875
1540,-429453.8,1198,0.04572609600471338,117175437.43164062
1541,-70627.17499999999,488,0.045634643812703955,49989874.46484375
1542,-221007.24999999997,860,0.04554337452507855,70722741.10742188
1543,-473372.3,1258,0.04545228777602839,109797740.04296875
1544,-186259.875,790,0.04536138320047633,71460297.61132812
1545,-159031.99999999997,730,0.04527066043407538,68127863.38671875
1546,-203777.87499999997,826,0.045180119113207226,64556954.83203125
1547,-720715.875,1551,0.04508975887498081,131122005.80273438
1548,-158738.475,729,0.04499957935723085,69918062.50390625
1549,-230071.925,878,0.04490958019851639,89306451.921875
1550,-316038.175,1028,0.044819761038119355,99901374.12890625
1551,-286011.05,978,0.044730121516043116,103513946.56054688
1552,-205713.24999999997,830,0.04464066127301103,78467686.30078125
1553,-52363.25,421,0.04455137995046501,36256914.724609375
1554,-857729.85,1692,0.04446227719056408,153010251.75195312
1555,-508134.05,1303,0.04437335263618295,126856750.03710938
1556,-875056.475,1709,0.04428460593091058,180907911.703125
1557,-378766.625,1125,0.04419603671904876,135021089.68554688
1558,-1543775.35,2269,0.044107644645610664,272390121.39453125
1559,-864714.225,1699,0.044019429356319445,252766716.8125
1560,-1553067.5,2276,0.043931390497606804,362785333.171875
1561,-318864.175,1033,0.04384352771661159,194421936.75
1562,-392359.75,1146,0.043755840661178366,202797210.19140625
1563,-289279.975,984,0.04366832897985601,210150484.75
1564,-373407.425,1118,0.04358099232189629,190107192.36328125
1565,-125725.74999999999,650,0.0434938303372525,111391851.5625
1566,-186531.49999999997,791,0.043406842676577996,121877866.921875
1567,-273357.6,957,0.04332002899122484,117260519.55078125
1568,-474757.125,1260,0.04323338893324239,165827073.375
1569,-225378.84999999998,869,0.043146922155375904,101197470.13476562
1570,-1158991.725,1967,0.04306062831106515,199146706.1328125
1571,-209618.55,838,0.04297450705444302,94691385.07226562
1572,-458076.35,1237,0.04288855804033413,133343887.99023438
1573,-327895.725,1047,0.042802780924253464,110185605.39453125
1574,-720337.625,1551,0.042717175362404956,161719148.0703125
1575,-146125.0,700,0.042631741011680144,76967262.87109375
1576,-100850.1,582,0.04254647752965678,67812042.9765625
1577,-153725.8,718,0.04246138457459747,85003287.21484375
1578,-915863.4249999999,1748,0.042376461805448275,205294250.63867188
1579,-541784.5,1345,0.04229170888183738,184667607.65625
1580,-437964.875,1210,0.0422071254640737,144664560.16796875
1581,-757234.375,1590,0.04212271121314556,188955219.65234375
1582,-615169.2999999999,1433,0.042038465790719265,182546651.2421875
1583,-100346.62499999999,581,0.041954388859137826,67067838.50390625
1584,-215181.59999999998,849,0.04187048008141955,99959609.76171875
1585,-409405.75,1170,0.041786739121256716,145376949.328125
1586,-643493.0,1466,0.041703165643014205,162166666.46875
1587,-387406.55,1138,0.04161975931172818,119418873.1953125
1588,-116848.97499999999,627,0.04153651979310472,70926574.8515625
1589,-416912.625,1180,0.04145344675351851,133699392.7890625
1590,-191255.875,800,0.04137053986001147,84052574.73828125
1591,-680154.35,1507,0.04128779878029144,145663678.54101562
1592,-190389.09999999998,799,0.04120522318273086,79033907.9296875
1593,-770368.225,1604,0.041122812736365394,169645048.82421875
1594,-250998.5,916,0.04104056711089266,93252383.23046875
1595,-571255.125,1381,0.04095848597667088,161187592.57421875
1596,-309905.675,1018,0.04087656900471754,100016551.34179688
1597,-353215.35,1087,0.040794815866708106,120718864.7265625
1598,-96592.99999999999,570,0.04071322623497469,55298319.3828125
1599,-309941.425,1018,0.04063179978250474,108929200.54101562
1600,-897340.25,1731,0.04055053618293973,186136056.13867188
1601,-382896.375,1131,0.040469435110573854,115943839.8984375
1602,-306217.35,1012,0.040388496240352706,110611683.04296875
1603,-585257.4249999999,1398,0.040307719247872,140712710.56445312
1604,-374864.725,1119,0.040227103809376254,131884091.36328125
1605,-74994.04999999999,503,0.040146649601757504,57953116.015625
1606,-1112269.35,1927,0.040066356302553986,199317154.20117188
1607,-39409.625,366,0.039986223589948876,48639440.984375
1608,-452947.75,1230,0.03990625114276898,151264598.515625
1609,-1005544.6,1832,0.03982643864048344,244765664.5625
1610,-171924.6,759,0.03974678576320247,105015737.75
1611,-191820.72499999998,802,0.03966729219167607,96959015.28515625
1612,-226025.49999999997,870,0.039587957607292716,111834272.19921875
1613,-361093.975,1099,0.03950878169207813,131606081.72851562
1614,-1229045.75,2025,0.03942976412869397,246910554.94921875
1615,-304371.725,1009,0.03935090460043658,153817230.44140625
1616,-3200037.35,3267,0.03927220279123571,532639685.56640625
1617,-458172.1,1237,0.03919365838565324,365373826.671875
1618,-570216.375,1380,0.03911527106888193,377718505.5
1619,-1529185.225,2259,0.039037040526744164,557918275.5625
1620,-487135.5,1276,0.038958966445690676,358622576.921875
1621,-933976.5,1766,0.0388810485127993,402852336.0546875
1622,-624355.35,1444,0.0388032864157737,313886067.3984375
1623,-274537.1,959,0.03872567984294215,192275644.3671875
1624,-555829.0499999999,1363,0.03864822848325627,205310947.890625
1625,-504684.35,1299,0.03857093202628976,169264357.10546875
1626,-111044.37499999999,611,0.038493790162237175,78883936.6328125
1627,-532723.85,1334,0.0384168025819127,164608103.55859375
1628,-224957.8,868,0.03833996897674887,95434167.41796875
1629,-257440.425,928,0.038263289038795376,99967849.3359375
1630,-312279.725,1022,0.03818676246071778,105926739.7578125
1631,-449780.0,1226,0.038110388935796345,119693333.71484375
1632,-526958.375,1326,0.03803416815792475,133505679.1640625
1633,-316130.55,1028,0.0379580998216089,104122692.14257812
1634,-172342.99999999997,760,0.03788218362196568,74108272.8125
1635,-783391.1,1617,0.03780641925472175,139515599.33984375
1636,-564537.5499999999,1373,0.037730806416212306,124518542.84960938
1637,-453229.25,1231,0.037655344803379884,118750611.6953125
1638,-756273.225,1589,0.03758003411377312,160898198.44140625
1639,-108058.85,602,0.037504874045545575,71737335.22265625
1640,-1248464.125,2041,0.037429864297454485,230816249.140625
1641,-100506.75,581,0.037355004568859575,82373545.37890625
1642,-336785.0,1061,0.03728029455972186,141611993.86328125
1643,-2114882.5,2656,0.037205733970602416,400798942.359375
1644,-2274007.6,2754,0.03713132250266121,602744140.3359375
1645,-1577307.1,2294,0.03705705985765589,639988801.6953125
1646,-661029.625,1486,0.03698294573794057,448061963.8046875
1647,-1064411.125,1885,0.03690897984646469,462413181.1640625
1648,-307962.125,1015,0.036835161886771765,256891587.15625
1649,-2345739.725,2797,0.036761491562998225,621127939.9453125
1650,-77818.09999999999,512,0.03668796857987223,145543118.09375
1651,-1259529.375,2050,0.03661459264271248,469067723.6484375
1652,-551049.85,1357,0.036541363457427055,296717278.1328125
1653,-441539.6,1214,0.0364682807305122,254267273.2265625
1654,-310981.0,1020,0.03639534416905117,213321263.09765625
1655,-1062137.8,1883,0.03632255348071307,322206807.1015625
1656,-525447.25,1325,0.03624990837375164,192811551.0546875
1657,-245438.75,906,0.03617740855700413,151006485.91796875
1658,-393647.6,1147,0.036105053739890126,180647050.15625
1659,-278023.725,964,0.03603284363241035,125607617.94921875
1660,-898824.35,1732,0.03596077794514553,205093612.421875
1661,-834409.35,1669,0.03588885638925524,213399355.90625
1662,-561083.6,1369,0.03581707867647673,170139361.50390625
1663,-40313.125,370,0.03574544451912378,47797623.55078125
1664,-366572.85,1107,0.035673953630085534,156218384.44726562
1665,-458772.05,1238,0.035602605722825365,170005912.36328125
1666,-109924.04999999999,608,0.035531400511379714,58865485.42578125
1667,-415658.225,1179,0.035460337710356955,136933552.46484375
1668,-397558.55,1153,0.03538941703493624,141794142.96679688
1669,-457074.5,1236,0.03531863820086637,150968750.91796875
1670,-306647.425,1013,0.03524800092446464,101611351.74609375
1671,-727746.6,1559,0.03517750492261571,158737270.74804688
1672,-910361.2999999999,1743,0.03510714991277048,167196451.68945312
1673,-990766.6,1819,0.03503693561294494,217924379.671875
1674,-239318.24999999997,895,0.034966861741719056,107710284.640625
1675,-377187.175,1123,0.034896928018235615,125325046.84375
1676,-187619.675,793,0.034827134162199146,89148462.984375
1677,-277489.425,963,0.034757479893874746,123229869.21875
1678,-1038164.0,1861,0.034687964934087,228442283.73828125
1679,-436319.975,1207,0.034618589004218825,164942922.65625
1680,-506850.75,1301,0.034549351826210384,168056411.29296875
1681,-498863.0,1291,0.034480253122557966,165668328.77734375
1682,-210768.0,840,0.03441129261631285,103369577.62109375
1683,-346392.875,1076,0.03434247003108023,114193694.62890625
1684,-844842.35,1679,0.03427378509101807,180055725.625
1685,-532687.35,1334,0.034205237520836033,144554081.23046875
1686,-488299.975,1277,0.03413682704579436,165290614.98828125
1687,-174322.84999999998,764,0.034068553391702776,95871094.05078125
1688,-876199.75,1710,0.03400041628491937,164904769.80664062
1689,-991982.725,1819,0.03393241545234953,214476826.44921875
1690,-295835.25,995,0.03386455062144483,106983428.4609375
1691,-286987.625,980,0.03379682152020194,118007922.8046875
1692,-570727.5,1381,0.03372922787716154,170051227.42578125
1693,-1376009.175,2143,0.033661769421407216,258701080.43359375
1694,-263834.375,940,0.033594445882564404,151172301.4296875
1695,-620252.625,1440,0.033527256990799274,206234208.53125
1696,-304766.125,1010,0.03346020247681768,150797777.390625
1697,-558400.125,1366,0.03339328207186404,181570531.05078125
1698,-431278.625,1201,0.03332649550772031,138064016.40625
1699,-420069.75,1185,0.033259842516704864,157853496.8671875
1700,-558714.875,1366,0.03319332283167145,164995447.9609375
1701,-433179.425,1203,0.03312693618600811,154837091.91015625
1702,-552074.5499999999,1358,0.03306068231363609,134161349.72070312
1703,-871054.5,1705,0.032994560949008815,163990626.6015625
1704,-76907.59999999999,509,0.0329285718271108,58343495.1015625
1705,-1671706.75,2361,0.03286271468345658,278771977.2109375
1706,-721623.35,1552,0.032796989254089665,247119954.16796875
1707,-2341215.85,2794,0.032731395275581485,503191868.03515625
1708,-64365.25,466,0.03266593248503032,114225699.4296875
1709,-1149970.725,1959,0.03260060062006026,531729616.8203125
1710,-519732.05,1318,0.03253539941882014,308231949.5546875
1711,-460560.375,1241,0.032470328619982496,311463053.265625
1712,-661033.5,1486,0.03240538796274253,325378539.8984375
1713,-993232.25,1821,0.03234057718681705,351319907.5078125
1714,-720141.0,1551,0.032275896032443414,325200467.46875
1715,-2457282.3000000003,2863,0.032211344240378526,434234289.14453125
1716,-73765.34999999999,499,0.032146921551897766,108720396.03125
1717,-1174027.25,1980,0.03208262770879397,443547750.375
1718,-1728687.975,2402,0.03201846245337638,510229466.5859375
1719,-563536.1,1372,0.03195442552846963,367524632.5546875
1720,-717492.0499999999,1548,0.03189051667741269,359350788.8828125
1721,-1240413.725,2034,0.031826735644057864,477087442.171875
1722,-490271.375,1280,0.03176308217276975,237372640.28125
1723,-255988.24999999997,926,0.03169955600842421,197591459.44921875
1724,-2319413.725,2782,0.031636156896407364,486335365.609375
1725,-1395728.3,2158,0.03157288458261455,461964349.3359375
1726,-193351.87499999997,805,0.03150973881344932,180066297.1015625
1727,-556148.2999999999,1363,0.031446719335822416,354010010.53125
1728,-808573.6749999999,1643,0.031383825897150774,355004403.0703125
1729,-779840.9249999999,1613,0.03132105824535647,293182249.5390625
1730,-4112652.3000000003,3703,0.031258416128865756,786046480.1367188
1731,-229072.49999999997,876,0.031195899296608025,332457024.796875
1732,-964594.725,1794,0.031133507498014808,642193477.2109375
1733,-1256939.85,2049,0.031071240483018778,691304853.28125
1734,-1664027.6,2357,0.03100909800205274,719914594.0703125
1735,-338375.85,1064,0.030947079806048633,306110509.2734375
1736,-552516.1,1359,0.030885185646436535,356740739.2265625
1737,-821028.0,1656,0.03082341527514366,310471552.29296875
1738,-566414.375,1375,0.030761768444593374,217302892.0859375
1739,-2170968.0,2691,0.030700244907704188,415837569.13671875
1740,-158219.17500000002,728,0.030638844417888778,151778910.2421875
1741,-642269.625,1465,0.030577566729053,300527612.0
1742,-705623.875,1535,0.030516411595594893,291486624.4765625
1743,-1740770.5,2410,0.0304553787724037,441543251.16796875
1744,-3100789.375,3216,0.030394468014858893,727026736.3359375
1745,-1236689.975,2032,0.030333679078829175,639857098.859375
1746,-125293.09999999999,649,0.030273011720671518,198473940.7890625
1747,-1066325.225,1887,0.030212465697230174,489283319.9765625
1748,-578437.25,1390,0.030152040765835712,315638956.8125
1749,-180426.675,778,0.03009173668430404,191099611.5625
1750,-193829.12499999997,806,0.030031553210935435,165982878.1328125
1751,-773122.225,1607,0.029971490104513564,304159093.53125
1752,-936574.0499999999,1768,0.029911547124304536,312106945.7734375
1753,-504209.675,1298,0.029851724030055926,213598681.4296875
1754,-780071.975,1614,0.029792020581995815,226814727.41015625
1755,-346193.375,1076,0.029732436540831825,134514549.46875
1756,-1449761.125,2200,0.02967297166775016,294688794.53515625
1757,-810644.25,1645,0.02961362572441466,247669959.08203125
1758,-413024.5,1175,0.029554398472965832,171926493.921875
1759,-263935.375,940,0.0294952896760199,134484092.44140625
1760,-1129918.85,1942,0.02943629909666786,291772758.78125
1761,-648230.375,1471,0.029377426498474524,237970286.796875
1762,-288227.85,982,0.029318671645477575,171924066.30859375
1763,-209404.425,838,0.02926003430218662,147526690.3828125
1764,-613659.725,1432,0.02920151423358225,196136211.3984375
1765,-1116171.375,1930,0.029143111205115084,247839366.87109375
1766,-1049087.125,1871,0.029084824982704854,268842364.9375
1767,-123162.3,643,0.029026655332739446,94179915.35546875
1768,-240446.975,897,0.028968602022073967,147420045.734375
1769,-1093541.0,1910,0.02891066481802982,272551503.265625
1770,-636472.2999999999,1458,0.02885284348839376,215016072.05859375
1771,-798905.4249999999,1633,0.028795137801416973,222877603.546875
1772,-1093397.5,1910,0.028737547525814137,291419525.1328125
1773,-1410461.85,2169,0.02868007243076251,357137264.6796875
1774,-317937.875,1031,0.028622712285900985,174832921.546875
1775,-838167.7999999999,1673,0.028565466861329183,289687924.71875
1776,-950105.125,1781,0.028508335927606526,286223132.5546875
1777,-652178.5,1476,0.02845131925575131,222079781.734375
1778,-285937.8,978,0.02839441661723981,153235184.41015625
1779,-929038.625,1761,0.02833762778400533,226576881.640625
1780,-476857.85,1262,0.02828095252843732,205496687.01171875
1781,-1372253.625,2140,0.028224390623380446,267023498.12109375
1782,-354851.85,1089,0.028167941842133684,174298067.4453125
1783,-792857.6,1627,0.02811160595844942,249932533.140625
1784,-872499.475,1707,0.02805538274653252,268741671.41796875
1785,-203830.72499999998,827,0.027999271981039454,123141677.20703125
1786,-136324.47499999998,677,0.027943273437077375,95891651.984375
1787,-1570089.6,2289,0.02788738689020322,321398764.3984375
1788,-229501.09999999998,877,0.027831612116422814,158358164.796875
1789,-548197.4249999999,1353,0.02777594889218997,243119623.703125
1790,-752394.125,1585,0.02772039699440559,265477828.47265625
1791,-504773.85,1299,0.027664956200416778,219910685.0859375
1792,-303488.175,1008,0.027609626288015943,160635440.578125
1793,-1357647.475,2129,0.02755440703543991,310406056.77734375
1794,-113887.97499999999,619,0.027499298221369033,97092230.7421875
1795,-681492.975,1509,0.027444299624926293,247437266.390625
1796,-285267.225,977,0.02738941102567644,124969803.046875
1797,-731690.6749999999,1563,0.027334632203625087,226173432.0703125
1798,-600034.75,1416,0.027279962939217837,189259960.42578125
1799,-1139330.125,1950,0.0272254030133394,246018928.11328125
1800,-555636.725,1362,0.02717095220731272,187771761.59765625
1801,-1261865.1,2052,0.027116610302898095,284477566.9921875
1802,-117456.175,628,0.0270623770822923,101330899.58203125
1803,-1258488.725,2049,0.027008252328127716,284644502.859375
1804,-4885861.125,4036,0.02695423582347146,906940623.8007812
1805,-176963.37499999997,770,0.02690032735182452,333371514.46875
1806,-1278015.5,2065,0.02684652669712087,891711025.625
1807,-2856600.85,3087,0.02679283364372663,1249398262.1875
1808,-2363402.5500000003,2808,0.026739247976439177,1202995992.53125
1809,-1090624.3,1908,0.026685769480486298,770770926.203125
1810,-753516.85,1587,0.026632397941525325,446260254.3671875
1811,-559655.6749999999,1368,0.026579133145642274,363701814.3046875
1812,-940258.6,1772,0.02652597487935099,420543656.6953125
1813,-195732.49999999997,810,0.026472922929592288,194365320.8046875
1814,-756778.375,1590,0.026419977083733105,263901771.890625
1815,-220212.97499999998,859,0.02636713712956564,146148092.1796875
1816,-541450.5,1345,0.026314402855306507,169744805.69140625
1817,-776963.0,1611,0.026261774049595895,172597265.125
1818,-1559255.125,2281,0.0262092505014967,291634405.5078125
1819,-212061.8,843,0.026156832000493707,147030669.015625
1820,-139377.97499999998,684,0.02610451833649272,107622416.93359375
1821,-931999.225,1764,0.026052309299819734,280969785.640625
1822,-264439.875,941,0.026000204681220093,146887641.453125
1823,-235068.59999999998,887,0.025948204271857653,156933161.7578125
1824,-383136.6,1132,0.025896307863313938,164967083.10546875
1825,-369748.725,1112,0.02584451524758731,176144444.83203125
1826,-1484391.5,2226,0.025792826217092137,341605529.30078125
1827,-1150744.0,1960,0.025741240564657954,311704934.6640625
1828,-383684.925,1133,0.02568975808352864,182409071.74609375
1829,-468966.35,1252,0.02563837856736158,203240196.76171875
1830,-632021.6749999999,1453,0.02558710181022686,226836917.8125
1831,-2234004.875,2730,0.025535927606606404,437205834.98046875
1832,-507063.35,1302,0.02548485575139319,286728764.125
1833,-1404057.25,2165,0.025433886039890406,447718928.8984375
1834,-1104543.875,1920,0.025383018267810625,382158999.3515625
1835,-532716.725,1334,0.025332252231275002,278329268.4921875
1836,-1494200.05,2233,0.02528158772681245,414646052.59375
1837,-824814.25,1660,0.025231024551358828,337417175.12109375
1838,-455610.1,1234,0.025180562502256112,231084166.03125
1839,-1958569.75,2556,0.0251302013772516,421442467.15234375
1840,-518983.725,1317,0.025079940974497096,264210673.234375
1841,-355787.375,1091,0.025029781092548102,231478572.4140625
1842,-1181676.75,1986,0.024979721530363007,429458727.2265625
1843,-283473.225,974,0.02492976208730228,183707540.36328125
1844,-2496735.375,2886,0.024879902563127675,609449243.5625
1845,-1035265.35,1859,0.02483014275800142,454070311.3515625
1846,-2905158.0500000003,3113,0.02478048247248542,773193532.6875
1847,-515080.35,1312,0.024730921507540447,481139490.390625
1848,-457163.75,1236,0.024681459664525365,375378328.96875
1849,-5524304.85,4292,0.024632096745196314,1515354749.3828125
1850,-134114.74999999997,671,0.02458283255170592,380132938.140625
1851,-2269637.35,2752,0.02453366688660251,1468585489.53125
1852,-1356076.175,2128,0.024484599552829306,1014246331.125
1853,-847632.9249999999,1683,0.024435630353723647,632925520.0
1854,-2354774.4250000003,2803,0.0243867590930162,892430164.0625
1855,-574238.25,1385,0.02433798557483017,328159101.140625
1856,-1131856.225,1944,0.02428930960368051,407803057.1796875
1857,-2162556.75,2686,0.02424073098447315,529458679.7265625
1858,-1688192.8,2373,0.024192249522504206,593142363.6015625
1859,-1507572.3,2243,0.024143865023459197,567204971.296875
1860,-1220877.225,2019,0.024095577293412277,449846586.0625
1861,-1447723.175,2198,0.02404738613882545,513923951.3046875
1862,-1900024.925,2518,0.0239992913665478,535202755.21875
1863,-6043385.125,4490,0.023951292783814707,1243981415.296875
1864,-4466846.25,3860,0.02390339019824708,2130319228.15625
1865,-1089475.6,1907,0.023855583417850584,1094083919.15625
1866,-1617140.05,2323,0.023807872251014883,1063217629.734375
1867,-1537494.5,2265,0.023760256506512853,858822123.171875
1868,-688030.125,1516,0.023712735993499826,397022110.34375
1869,-1211601.75,2011,0.023665310521512828,471371649.578125
1870,-345875.625,1076,0.023617979900469804,215549313.234375
1871,-362897.975,1102,0.023570743940668864,202938964.9921875
1872,-1049204.1,1872,0.023523602452787527,307859281.0859375
1873,-292941.625,990,0.02347655524788195,137524408.953125
1874,-1006097.5499999999,1833,0.023429602137386187,265257404.2890625
1875,-640571.9249999999,1463,0.023382742933111413,203898915.25
1876,-261734.24999999997,936,0.02333597744724519,146252868.34765625
1877,-1122633.875,1936,0.023289305492350698,243420974.55078125
1878,-387451.675,1138,0.023242726881365996,157900764.3671875
1879,-605503.475,1422,0.023196241427603265,202307785.76953125
1880,-1351769.475,2124,0.023149848944748058,292445201.0703125
1881,-1372372.75,2140,0.023103549246858562,336798982.47265625
1882,-208012.12499999997,835,0.023057342148364846,153088113.59765625
1883,-497053.225,1289,0.023011227464068116,219303534.796875
1884,-564098.6749999999,1373,0.02296520500913998,211141873.35546875
1885,-822082.975,1657,0.0229192745991217,214810411.796875
1886,-969220.725,1799,0.022873436049923458,241140988.921875
1887,-1152947.225,1962,0.02282768917782361,269901402.5234375
1888,-148417.62499999997,706,0.022782033799467964,113305877.04296875
1889,-648455.975,1472,0.02273646973186903,215343277.99609375
1890,-973884.9249999999,1803,0.022690996792405292,238881878.83984375
1891,-764434.4249999999,1598,0.02264561479882048,206918433.29296875
1892,-906135.225,1739,0.022600323569222838,269538174.12890625
1893,-1738527.675,2408,0.022555122922084392,364698363.734375
1894,-1110695.5,1925,0.022510012676240223,311276769.25
1895,-512992.6,1309,0.022464992650887743,231806925.16796875
1896,-3009483.3000000003,3168,0.022420062665585966,606011236.28125
1897,-1349741.475,2122,0.022375222540254792,572198608.5078125
1898,-854563.35,1689,0.022330472095174282,490251057.46875
1899,-1804892.225,2454,0.022285811150983933,658598259.625
1900,-1305234.225,2087,0.022241239528681966,571099897.8671875
1901,-404277.175,1163,0.0221967570496246,338479038.171875
1902,-1882025.5,2506,0.02215236353552535,558111549.3046875
1903,-839067.1,1674,0.0221080588084543,424798527.375
1904,-1300166.675,2083,0.02206384269083739,468259619.1328125
1905,-425586.425,1193,0.022019715005455714,244728480.2109375
1906,-821021.5,1656,0.021975675575444803,330270973.421875
1907,-957038.0499999999,1788,0.021931724224293913,334638105.36328125
1908,-861586.625,1696,0.021887860775845324,316693687.36328125
1909,-1095706.675,1913,0.021844085054293635,262187878.24609375
1910,-1329592.225,2107,0.021800396884185048,347938652.65625
1911,-934410.225,1767,0.021756796090416676,280179670.04296875
1912,-1519288.85,2252,0.021713282498235842,387333326.40625
1913,-328034.425,1048,0.02166985593323937,177396516.296875
1914,-1749138.625,2416,0.02162651622137289,495936645.98828125
1915,-742072.975,1574,0.021583263188930144,318630360.2578125
1916,-1236259.875,2031,0.021540096662552286,383759921.3828125
1917,-1492360.875,2231,0.021497016469227182,445105586.46875
1918,-3138905.25,3236,0.021454022436288727,650342480.8125
1919,-1142533.425,1953,0.021411114391416148,567761884.7265625
1920,-1961141.425,2558,0.021368292162633317,732273285.984375
1921,-388920.5,1140,0.02132555557830805,336891606.765625
1922,-1136465.8,1948,0.021282904467151434,591172038.234375
1923,-2582706.125,2935,0.02124033865821713,795493452.390625
1924,-839872.0,1675,0.021197857980900698,478636568.7578125
1925,-973461.0499999999,1803,0.021155462264938897,449974122.75
1926,-3356385.375,3346,0.02111315134040902,837299088.1484375
1927,-1477860.875,2221,0.021070925037728203,709601489.4296875
1928,-698966.7999999999,1528,0.021028783187652746,532438961.859375
1929,-1252446.1,2044,0.02098672562127744,596828976.515625
1930,-4172273.625,3730,0.020944752170034886,1158330396.3671875
1931,-955243.125,1786,0.020902862665694816,709619109.703125
1932,-1050652.05,1873,0.020861056940363425,694136641.1796875
1933,-1092786.25,1910,0.0208193348264827,593972688.9296875
1934,-1090169.475,1907,0.020777696156829735,511745521.546875
1935,-2082500.375,2636,0.020736140764516076,626096731.375
1936,-1919155.375,2530,0.020694668482987042,484830389.2578125
1937,-2046656.425,2613,0.020653279146021067,557292182.2734375
1938,-1493347.225,2232,0.020611972587729024,574481739.78125
1939,-1784705.75,2440,0.020570748642553566,559666828.296875
1940,-2244945.1,2737,0.02052960714526846,686249744.3125
1941,-679110.375,1506,0.020488547930977923,391321955.515625
1942,-3395786.0,3365,0.020447570835115968,802342685.5703125
1943,-992488.0,1820,0.020406675693445734,622975930.96875
1944,-836406.0,1671,0.02036586234205884,513211568.078125
1945,-900416.725,1734,0.020325130617374725,533913709.046875
1946,-1797953.85,2449,0.020284480356139976,681837468.65625
1947,-1165175.975,1972,0.020243911395427697,553150692.1875
1948,-2541353.25,2911,0.020203423572636842,581832398.9140625
1949,-2077673.35,2632,0.02016301672549157,678802512.140625
1950,-3157886.75,3245,0.020122690692040587,961851800.78125
1951,-942124.0499999999,1773,0.020082445310656505,613325492.984375
1952,-5860940.0,4421,0.020042280420035193,1741922907.1875
1953,-381818.875,1130,0.02000219585919512,658420149.78125
1954,-1026438.375,1851,0.01996219146747673,922525163.390625
1955,-3131456.1,3232,0.019922267084541777,1367557273.46875
1956,-2781144.875,3046,0.019882422550372692,1177430122.7265625
1957,-2016856.975,2594,0.019842657705271948,978016665.9375
1958,-1174416.625,1980,0.019802972389861406,654657735.3125
1959,-1895612.125,2515,0.019763366445081684,811549136.71875
1960,-606000.1749999999,1423,0.01972383971219152,412323548.34375
1961,-1168850.25,1975,0.019684392032767138,543565201.828125
1962,-926053.6749999999,1758,0.019645023248701605,422388132.43359375
1963,-2331016.475,2789,0.0196057332022042,568045697.390625
1964,-3233341.475,3284,0.019566521735799793,815208308.7109375
1965,-190846.49999999997,800,0.019527388692328194,253425451.265625
1966,-544022.7999999999,1348,0.019488333914943538,451560799.625
1967,-2689155.75,2995,0.01944935724711365,882747837.3515625
1968,-828627.1,1664,0.019410458532619423,597170117.125
1969,-1402223.05,2163,0.019371637615554185,699732136.3125
1970,-3119988.125,3226,0.019332894340323075,942198080.46875
1971,-3087237.35,3209,0.01929422855164243,1008102514.609375
1972,-1381759.1,2147,0.019255640094539145,690778336.2109375
1973,-3997498.25,3651,0.019217128814350067,1124310793.875
1974,-1669204.5,2360,0.019178694556721367,909966612.609375
1975,-918779.375,1751,0.019140337167607924,684247478.859375
1976,-1935318.0,2541,0.01910205649327271,802441870.125
1977,-1583811.1,2299,0.019063852380286166,722056068.03125
1978,-3487169.875,3410,0.019025724675525595,927764691.625
1979,-2173742.5500000003,2693,0.018987673226174544,806805327.4375
1980,-1667440.475,2359,0.018949697879722196,751224227.984375
1981,-1546989.1,2272,0.018911798483962752,745722525.9140625
1982,-670031.125,1496,0.018873974886994827,424871043.1328125
1983,-1321337.75,2100,0.018836226937220837,517403178.3203125
1984,-3498935.875,3416,0.018798554483346396,888013992.6484375
1985,-1993678.6,2579,0.018760957374379703,824025711.8828125
1986,-414554.6,1177,0.018723435459630944,421272361.5078125
1987,-3167979.625,3251,0.018685988588711684,1056844322.4296875
1988,-879944.725,1714,0.01864861661153426,608506660.03125
1989,-615280.1,1434,0.018611319378311193,500770973.96875
1990,-1670757.25,2361,0.01857409673955457,620329718.8671875
1991,-4648203.35,3937,0.01853694854607546,1066281045.0
1992,-792429.35,1627,0.018499874648983308,725238603.1875
1993,-1892534.05,2513,0.01846287489968534,1007365332.34375
1994,-1155019.35,1964,0.01842594914988597,624494963.171875
1995,-1866786.625,2496,0.018389097251586196,733736162.6796875
1996,-1032705.975,1857,0.018352319057083025,528866893.6328125
1997,-2765084.35,3037,0.018315614418968857,679949323.4765625
1998,-1487129.05,2228,0.01827898319013092,593569084.28125
1999,-2667466.3000000003,2983,0.018242425223750657,768667981.734375
2000,-2442855.5,2855,0.018205940373303156,848820963.7578125
2001,-985643.85,1814,0.01816952849255655,600803121.609375
2002,-1060320.1,1882,0.018133189435571434,558174308.5546875
2003,-1192490.5,1995,0.01809692305670029,507236759.1953125
2004,-457694.35,1237,0.01806072921058689,324966739.3984375
2005,-894108.9249999999,1728,0.018024607752165717,375886298.0546875
2006,-3254732.75,3295,0.017988558536661384,645882626.1914062
2007,-783755.6749999999,1618,0.01795258141958806,458130904.0625
2008,-2690332.875,2996,0.017916676256748885,920625883.0546875
2009,-1034015.0499999999,1858,0.01788084290423539,553177497.5
2010,-1808400.625,2456,0.017845081218426918,783591331.1015625
2011,-1109532.85,1924,0.017809391055990064,593148905.1015625
2012,-635803.6,1457,0.017773772273878084,381235016.9296875
2013,-3967181.35,3637,0.01773822472933033,909556108.6796875
2014,-3789673.875,3555,0.01770274827987167,1355909515.71875
2015,-2260107.0,2746,0.017667342783311925,1224320340.578125
2016,-4499831.225,3874,0.017632008097745303,1706750444.59375
2017,-2412467.35,2837,0.017596744081549813,1440699893.15625
2018,-1486973.8,2228,0.017561550593386713,944183767.09375
2019,-3769138.0,3546,0.01752642749219994,1251018447.796875
2020,-937713.6,1769,0.01749137463721554,778524100.3125
2021,-1643538.725,2342,0.01745639188794111,878742632.84375
2022,-3095314.5500000003,3213,0.01742147910416523,1111067707.921875
2023,-816071.0,1651,0.0173866361459569,563845755.5625
2024,-2047928.225,2614,0.017351862873664987,844175216.5859375
2025,-717587.9249999999,1548,0.017317159147917656,457823256.484375
2026,-3223806.35,3279,0.01728252482962182,899628501.9765625
2027,-411027.225,1172,0.017247959779962577,360001363.75
2028,-5442042.875,4260,0.017213463860402654,1467994251.109375
2029,-629631.0,1450,0.017179036932681847,798782807.6875
2030,-1386052.75,2151,0.017144678858816483,1061633070.125
2031,-1069101.475,1889,0.01711038950109885,856998834.046875
2032,-1649472.875,2346,0.017076168722096653,851185826.109375
2033,-4239615.25,3760,0.01704201638465246,1173834971.515625
2034,-6263392.625,4570,0.017007932351883154,1901598703.359375
2035,-2131147.0,2666,0.01697391648717939,1683322881.90625
2036,-1106529.35,1922,0.01693996865420503,1236450082.59375
2037,-1270392.1,2059,0.01690608871689662,1202658770.671875
2038,-747281.0,1580,0.016872276539462827,740593755.859375
2039,-5198246.35,4164,0.016838531986383902,1487537617.8203125
2040,-2709554.0,3006,0.016804854922411135,1370442100.796875
2041,-155472.22499999998,722,0.016771245212566312,384917579.625
2042,-1451371.0,2201,0.01673770272214118,1262436908.484375
2043,-4793195.3,3998,0.016704227316696896,1871087202.328125
2044,-4396877.85,3829,0.016670818862063504,1955425319.109375
2045,-1834865.85,2474,0.016637477224339378,1178525008.71875
2046,-3538565.875,3435,0.0166042022698907,1541788205.359375
2047,-6205785.35,4549,0.01657099386535092,2030349378.203125
2048,-2229414.6,2727,0.016537851877620215,1560876675.34375
2049,-7993317.925,5163,0.016504776173864973,2692777598.71875
2050,-450699.725,1227,0.016471766621517243,1033932426.8125
2051,-2514791.25,2896,0.01643882308827421,1764601199.71875
2052,-1154488.8,1963,0.016405945442097662,997719881.8125
2053,-1421555.3,2178,0.016373133551213465,695027593.28125
2054,-2599419.125,2945,0.016340387284111038,739423235.328125
2055,-2765620.225,3037,0.016307706509542816,821992505.4140625
2056,-3882247.6750000003,3598,0.016275091096523732,1092051116.1953125
2057,-1408227.3,2168,0.016242540914330684,830742049.296875
2058,-6099669.75,4510,0.016210055832502023,1932835584.203125
2059,-2488480.875,2881,0.016177635720837018,1719204372.421875
2060,-2615754.6,2954,0.016145280449395345,1642303859.125
2061,-4918509.75,4050,0.016112989888496555,2108401762.609375
2062,-997560.125,1825,0.016080763908719563,893921127.5625
2063,-1271351.0,2060,0.016048602380902124,889840638.21875
2064,-1216661.0,2015,0.01601650517614032,731549964.109375
2065,-562766.125,1371,0.01598447216578804,423653359.9453125
2066,-971404.0,1801,0.015952503221456464,499660754.0703125
2067,-1858373.875,2490,0.01592059821501355,507927136.34375
2068,-1652194.175,2348,0.015888757018583523,484406936.6484375
2069,-1532457.625,2261,0.015856979504546356,481827852.703125
2070,-6368455.675,4608,0.015825265545537263,1296079040.7265625
2071,-2119385.6,2659,0.015793615014446188,1525159580.1875
2072,-1238834.05,2033,0.015762027784417296,1229831520.875
2073,-2606583.225,2949,0.01573050372884846,1627216320.859375
2074,-5518996.25,4290,0.015699042721390763,2027537053.3125
2075,-4956976.625,4066,0.01566764463594798,2205349796.765625
2076,-6345883.25,4600,0.015636309346676085,2586760555.1875
2077,-3732605.6750000003,3528,0.015605036727982732,2288876787.75
2078,-1533618.975,2262,0.015573826654526767,1356701483.65625
2079,-1163423.75,1970,0.015542679001217714,1004446608.4375
2080,-2947711.0,3135,0.015511593643215279,1662807584.1875
2081,-4731975.6,3972,0.015480570455928848,1518268179.03125
2082,-5388086.550000001,4238,0.01544960931501699,2010303439.25
2083,-3333028.225,3334,0.015418710096386956,2014631811.6875
2084,-4266001.475,3772,0.015387872676194183,2063656088.125
2085,-1531589.0,2261,0.015357096930841795,1264854891.171875
2086,-3983747.0,3645,0.015326382736980112,1495333511.734375
2087,-677494.85,1504,0.01529572997150615,676638884.609375
2088,-651536.75,1475,0.015265138511563138,619044402.90625
2089,-1051107.925,1873,0.015234608234540013,702553802.8359375
2090,-7648340.375,5050,0.015204139018070932,1940600687.7109375
2091,-2864500.25,3091,0.01517373074003479,2370422429.65625
2092,-3425797.75,3380,0.01514338327855472,2000489469.828125
2093,-989883.1749999999,1818,0.015113096511997612,757182044.515625
2094,-842660.975,1677,0.015082870318973617,839372290.4375
2095,-3335834.25,3335,0.01505270457833567,1518278396.953125
2096,-897561.25,1731,0.015022599169178998,791971286.40625
2097,-6616435.225,4697,0.014992553970840641,1915098667.0234375
2098,-2066933.75,2626,0.01496256886289896,1609925698.28125
2099,-3763601.1750000003,3543,0.014932643725173162,2075673939.03125
2100,-831059.5,1666,0.014902778437722815,1013395326.21875
2101,-2079080.3,2633,0.014872972880847369,1516744542.25
2102,-1624126.425,2328,0.014843226935085675,948768160.265625
2103,-2915071.4250000003,3118,0.014813540481215503,1218222934.671875
2104,-3779022.0,3550,0.014783913400253073,1211518162.53125
2105,-4948524.85,4062,0.014754345573452567,1748469752.25
2106,-2325917.5,2785,0.014724836882305662,1450414466.828125
2107,-1454650.175,2203,0.014695387208541051,1086174997.453125
2108,-6975580.225000001,4822,0.01466599643412397,2451481984.234375
2109,-1488902.85,2229,0.014636664441255722,1407011623.59375
2110,-3122467.475,3227,0.01460739111237321,2036545517.1875
2111,-2599006.1,2944,0.014578176330148464,1420173131.296875
2112,-7670279.975,5057,0.014549019977488167,2224375523.7734375
2113,-1709379.425,2388,0.01451992193753319,1662635574.9375
2114,-6110249.35,4514,0.014490882093658123,3240422192.5625
2115,-1062085.3,1883,0.014461900329470806,1711054004.53125
2116,-6887683.225,4792,0.014432976528811864,3392703230.984375
2117,-1880326.1,2504,0.01440411057575424,2165197833.03125
2118,-1825948.05,2468,0.014375302354602732,1941391701.078125
2119,-681940.85,1509,0.014346551749893527,1032488809.34375
2120,-3660113.975,3494,0.01431785864639374,2154173054.515625
2121,-3616417.5500000003,3473,0.014289222929100953,1238373406.421875
2122,-921604.225,1754,0.01426064448324275,727668275.625
2123,-2829311.1,3072,0.014232123194276265,1197501171.78125
2124,-4337259.55,3803,0.014203658947887712,1598643707.03125
2125,-1837576.125,2476,0.014175251629991937,1164872018.90625
2126,-4510270.175,3878,0.014146901126731953,1671436289.796875
2127,-2713244.3000000003,3008,0.01411860732447849,1592853499.9375
2128,-1891462.475,2512,0.014090370109829532,1191118168.0625
2129,-5034823.85,4097,0.014062189369609873,1986634120.421875
2130,-1827102.35,2469,0.014034064990870653,1260922569.203125
2131,-1545889.625,2271,0.014005996860888912,1179206212.859375
2132,-2790744.75,3051,0.013977984867167134,1576355871.0
2133,-2308828.625,2775,0.0139500288974328,1275345599.28125
2134,-15685195.5,7231,0.013922128839637934,4488884015.6640625
2135,-5622001.75,4330,0.013894284581958658,6012371819.75
2136,-5965782.75,4460,0.01386649601279474,6381019703.6875
2137,-3309553.85,3322,0.01383876302076915,2692525339.53125
2138,-4990186.475,4079,0.013811085494727612,2306978161.65625
2139,-7901247.3,5133,0.013783463323738157,3054853921.125
2140,-3243664.1,3289,0.01375589639709068,2585664357.09375
2141,-5019381.0,4091,0.013728384604296498,3280673532.75
2142,-7111107.975,4869,0.013700927835087905,3319293664.5
2143,-4432326.1,3844,0.01367352597941773,2792795191.796875
2144,-5795976.0,4396,0.013646178927458895,2893343110.234375
2145,-5060764.55,4108,0.013618886569603977,2708861500.203125
2146,-3572199.475,3452,0.013591648796464769,2245774156.75
2147,-11762638.549999999,6263,0.01356446549887184,4041737329.078125
2148,-4370478.55,3818,0.013537336567874095,3796256484.78125
2149,-8508061.75,5326,0.013510261894738347,3646126184.0
2150,-1663073.125,2356,0.01348324137094887,1851011428.0625
2151,-1023819.35,1849,0.013456274888206972,1193373176.328125
2152,-2044537.1,2612,0.013429362338430558,1570579997.640625
2153,-3569593.875,3450,0.013402503613753697,1958198776.0078125
2154,-743803.625,1576,0.013375698606526189,487684552.984375
2155,-4081099.225,3689,0.013348947209313136,1365642725.8359375
2156,-1685480.125,2371,0.01332224931489451,1020001868.6875
2157,-6963982.6,4819,0.01329560481626472,2288927458.59375
2158,-2781215.0,3046,0.01326901360663219,2073230842.46875
2159,-5050575.35,4104,0.013242475579418926,2607785006.84375
2160,-1323895.85,2102,0.013215990628260088,1661834087.40625
2161,-11293604.125,6136,0.013189558647003568,3971065902.265625
2162,-2394527.5,2826,0.01316317952970956,3424474762.75
2163,-74627.47499999999,502,0.01313685317065014,573001690.5625
2164,-5889437.975,4432,0.01311057946430884,4691220632.59375
2165,-3221578.4250000003,3278,0.013084358305380222,3016978252.46875
2166,-8916411.225,5452,0.013058189588769462,3439519819.453125
2167,-4878356.975,4034,0.013032073209591922,3182664815.84375
2168,-463009.85,1244,0.013006009063172739,921990966.03125
2169,-3280057.6750000003,3308,0.012979997045046394,2375178091.859375
2170,-715314.25,1546,0.012954037050956302,1155920494.09375
2171,-5711368.6,4364,0.01292812897685439,2068387851.671875
2172,-4307125.5,3790,0.012902272718900681,2056805451.078125
2173,-6599202.25,4691,0.01287646817346288,2534634051.671875
2174,-1709149.55,2388,0.012850715237115954,1846547572.9375
2175,-2264818.1,2749,0.012825013806641722,2000871938.78125
2176,-2201402.625,2710,0.012799363779028438,1414192944.265625
2177,-1552569.5,2276,0.012773765051470381,1127257723.7578125
2178,-2678259.725,2989,0.01274821752136744,831161876.96875
2179,-7665292.375,5056,0.012722721086324705,1696538770.8984375
2180,-7396041.0,4966,0.012697275644152056,3349120331.359375
2181,-3258347.1,3297,0.01267188109286375,2464647772.46875
2182,-12011328.924999999,6328,0.012646537330678023,4606158196.890625
2183,-8511410.6,5327,0.012621244256016666,5671107625.0625
2184,-1347478.75,2121,0.012596001767504634,1883497571.5625
2185,-6056184.6,4494,0.012570809763969624,3835563562.9375
2186,-4008764.85,3657,0.012545668144441685,3229024108.1875
2187,-20044224.0,8175,0.012520576808152802,6496595555.453125
2188,-8699258.75,5386,0.012495535654536497,8358155511.75
2189,-20742881.999999996,8316,0.012470544583227423,11325051607.625
2190,-3351870.1,3344,0.012445603494060969,6166312308.5
2191,-1331025.925,2108,0.012420712287072847,2500553515.28125
2192,-3054230.85,3192,0.0123958708624987,3195421296.234375
2193,-3424886.375,3380,0.012371079120773704,1904360106.1875
2194,-864575.975,1699,0.012346336962532156,707069744.5
2195,-7096625.625,4865,0.012321644288607091,2045647347.765625
2196,-5170724.8,4153,0.012297001000029877,2709391011.03125
2197,-4603578.225,3919,0.012272406998029818,2217018206.0
2198,-2773097.85,3042,0.012247862184033759,1821783866.265625
2199,-3477199.75,3406,0.01222336645966569,1645571179.5
2200,-2804607.85,3059,0.012198919726746358,1291282956.140625
2201,-5129282.0,4136,0.012174521887292865,1498072263.8828125
2202,-3409632.6,3372,0.012150172843518279,1623036769.015625
2203,-2997599.35,3162,0.012125872497831243,1582096807.703125
2204,-2390960.725,2824,0.01210162075283558,1373033325.65625
2205,-3106999.35,3219,0.012077417511329909,1297505771.6953125
2206,-2577271.1,2932,0.012053262676307248,1092835521.546875
2207,-4928384.85,4054,0.012029156150954633,1491007645.34375
2208,-4193063.875,3740,0.012005097838652725,1729756360.0
2209,-2515377.1,2897,0.011981087642975419,1525440708.78125
2210,-1176756.85,1982,0.011957125467689468,903796064.859375
2211,-7171483.375,4891,0.01193321121675409,2019049303.8125
2212,-5805637.75,4400,0.011909344794320582,2731577455.125
2213,-1473740.55,2218,0.01188552610473194,1560304881.3125
2214,-6306663.125,4586,0.011861755052522476,3187297816.96875
2215,-746662.1,1579,0.011838031542417431,1114741362.6875
2216,-5847590.625,4416,0.011814355479332597,2803526444.625
2217,-2651020.35,2974,0.011790726768373932,2005326889.3125
2218,-4697908.425,3958,0.011767145314837184,2149759542.75
2219,-6904149.175,4798,0.011743611024207509,2675269586.4375
2220,-5268212.625,4191,0.011720123802159093,2806243495.171875
2221,-9639790.35,5669,0.011696683554554775,3819965337.921875
2222,-4715014.875,3966,0.011673290187445666,3035348647.375
2223,-4297497.75,3786,0.011649943607070775,2452655079.390625
2224,-3816706.8000000003,3568,0.011626643719856633,2015429403.65625
2225,-13024614.375,6590,0.01160339043241692,4193752852.546875
2226,-6711871.625,4731,0.011580183651552086,4949782127.78125
2227,-8372874.35,5284,0.011557023284248982,4469124388.28125
2228,-4823552.875,4011,0.011533909237680483,2869915711.90625
2229,-12069220.475,6344,0.011510841419205123,4320153417.953125
2230,-14151288.6,6869,0.011487819736366712,6387516041.9375
2231,-2130735.875,2666,0.011464844096893979,3675936211.125
2232,-5914757.5,4441,0.011441914408700191,4485124061.6875
2233,-6295604.475,4582,0.011419030579882791,3861401011.03125
2234,-5324346.725,4214,0.011396192518723026,2632584025.734375
2235,-6204943.1,4549,0.01137340013368558,2919982568.046875
2236,-4097521.1,3697,0.011350653333418208,2354012736.25
2237,-5931482.05,4448,0.011327952026751372,2339973258.953125
2238,-2952546.5500000003,3138,0.01130529612269787,1765732593.5
2239,-895333.6,1729,0.011282685530452474,992280240.203125
2240,-2654580.75,2976,0.01126012015939157,1435981323.015625
2241,-1821246.625,2465,0.011237599919072786,1049139438.75
2242,-4539308.125,3891,0.01121512471923464,1189226761.21875
2243,-9810564.975,5719,0.011192694469796172,2661987905.3125
2244,-7298762.55,4933,0.01117030908085658,4125873425.71875
2245,-1538464.375,2266,0.011147968462694866,2113053199.9375
2246,-4343476.875,3806,0.011125672525769476,3035563596.8125
2247,-7289996.0,4931,0.011103421180717938,2665742865.453125
2248,-8637759.975,5367,0.011081214338356501,3084572175.359375
2249,-4697340.05,3958,0.011059051909679788,3008147223.21875
2250,-5588854.225,4317,0.01103693380586043,3018140143.40625
2251,-19622162.549999997,8088,0.011014859938248708,6896012235.984375
2252,-10848978.375,6015,0.010992830218372211,8547854748.59375
2253,-3461644.6750000003,3398,0.010970844557935467,4869444287.0625
2254,-1092591.5,1910,0.010948902868819596,1985456763.28125
2255,-4427562.3,3843,0.010927005063081956,1836840792.2578125
2256,-5008312.975,4087,0.010905151052955793,1908995818.71875
2257,-10986880.049999999,6053,0.01088334075084988,3274854509.046875
2258,-20139422.099999998,8194,0.01086157406934818,8366959042.59375
2259,-14420842.35,6934,0.010839850921209484,11446981044.5
2260,-10326635.924999999,5868,0.010818171219367064,8831982113.96875
2261,-13518442.1,6714,0.01079653487692833,8706318752.75
2262,-6443858.25,4635,0.010774941807174473,6248644449.0625
2263,-8165196.05,5218,0.010753391923560124,6015259827.6875
2264,-2866111.725,3092,0.010731885139713003,2299954140.125
2265,-2616675.0,2955,0.010710421369433577,1889694011.015625
2266,-4310487.1,3792,0.01068900052669471,1953131862.703125
2267,-4771617.85,3989,0.01066762252564132,1705088527.546875
2268,-6792358.6,4759,0.010646287280590038,2405419711.609375
2269,-6550845.6,4674,0.010624994706028857,2997507660.71875
2270,-5029800.375,4096,0.010603744716616799,2985621611.75
2271,-10140385.625,5815,0.010582537227183565,4337563099.65625
2272,-3362373.225,3349,0.010561372152729199,3013521075.875
2273,-12663889.799999999,6498,0.01054024940842374,5932928816.09375
2274,-2363841.3000000003,2808,0.010519168909606894,3165171095.0625
2275,-8299394.25,5261,0.01049813057178768,4114324043.71875
2276,-13919492.85,6812,0.010477134310644103,5777161709.40625
2277,-7420865.725,4974,0.010456180042022815,6226920257.25
2278,-8226090.225,5237,0.01043526768193877,4830571431.90625
2279,-1751000.225,2417,0.010414397146574892,2166944832.0625
2280,-13561025.85,6724,0.010393568352281743,6704608759.53125
2281,-4935192.225,4057,0.010372781215577179,5074003752.875
2282,-1082324.375,1901,0.010352035653146024,2154929512.875
2283,-2940577.225,3132,0.010331331581839732,3680263719.0625
2284,-2133965.3000000003,2668,0.010310668918676052,1627037437.59375
2285,-1988995.75,2576,0.0102900475808387,1138309753.90625
2286,-7304441.875,4935,0.010269467485677022,1551441768.859375
2287,-3554412.1750000003,3443,0.010248928550705668,2290947596.9375
2288,-1329930.35,2107,0.010228430693604256,1450443035.25
2289,-8960112.625,5466,0.010207973832217047,3499364030.25
2290,-2271885.5500000003,2753,0.010187557884552613,2388439599.1875
2291,-1816631.1,2462,0.010167182768783508,1756362030.90625
2292,-2863487.625,3091,0.01014684840324594,1459539832.0
2293,-3492893.9250000003,3413,0.010126554706439448,1324341750.6015625
2294,-7881576.125,5126,0.010106301597026569,2172791398.75
2295,-2731037.1750000003,3018,0.010086088993832516,1978202241.28125
2296,-8932695.6,5457,0.010065916815844851,3554016689.515625
2297,-3405481.5,3370,0.010045784982213162,2800599818.875
2298,-4584393.5,3910,0.010025693412248736,2652762496.609375
2299,-11872031.975,6292,0.010005642025424238,3971197869.515625
2300,-888844.9249999999,1723,0.01,1747711301.28125
2301,-14759395.125,7015,0.01,6283632262.4375
2302,-2003018.5,2585,0.01,3941431852.5625
2303,-8050703.25,5181,0.01,3740982044.296875
2304,-4980749.875,4075,0.01,2959865398.4375
2305,-8637342.5,5366,0.01,4167126015.0
2306,-5781888.125,4391,0.01,3093571368.6875
2307,-5496803.85,4282,0.01,2544161853.21875
2308,-5691212.85,4357,0.01,2612443163.578125
2309,-7220149.975,4907,0.01,3240478572.875
2310,-3094920.6750000003,3213,0.01,2303667555.453125
2311,-3862584.6,3589,0.01,2041063968.046875
2312,-4507122.85,3877,0.01,1951526920.765625
2313,-7620106.5,5041,0.01,2365966695.125
2314,-2937421.0,3130,0.01,2164496696.84375
2315,-1001204.0499999999,1828,0.01,1353452517.453125
2316,-2791962.6,3052,0.01,1533519188.6875
2317,-2139714.975,2672,0.01,1126847134.484375
2318,-4563295.125,3901,0.01,1338557583.8828125
2319,-4557295.725,3899,0.01,1705199913.375
2320,-9396414.174999999,5598,0.01,3218852343.03125
2321,-5202097.0,4165,0.01,3603835733.09375
2322,-1984446.05,2573,0.01,1991450108.5625
2323,-12451187.549999999,6443,0.01,4685096284.734375
2324,-3695845.875,3511,0.01,4121782356.875
2325,-10650108.1,5959,0.01,5304767066.875
2326,-7199279.625,4900,0.01,4748951465.3125
2327,-1554177.85,2277,0.01,2139076891.09375
2328,-1587547.0,2301,0.01,2605000232.96875
2329,-2754388.25,3031,0.01,1806801048.8125
2330,-4141619.75,3716,0.01,1506073491.828125
2331,-5103495.0,4125,0.01,1734573801.546875
2332,-7323047.75,4941,0.01,2595537789.265625
2333,-2088480.6,2639,0.01,1928048835.3125
2334,-2247135.3000000003,2738,0.01,2017620012.9375
2335,-10128596.75,5811,0.01,3305156322.046875
2336,-5039430.125,4100,0.01,3654141388.6875
2337,-5020740.475,4092,0.01,3309955382.25
2338,-5689558.0,4356,0.01,2716993356.921875
2339,-10395603.6,5887,0.01,3778666143.890625
2340,-11471686.85,6184,0.01,5532804744.0625
2341,-13911951.5,6810,0.01,7524866440.34375
2342,-9595888.625,5656,0.01,8159600894.375
2343,-3499885.5,3416,0.01,5140640536.1875
2344,-6067596.05,4498,0.01,4288016217.25
2345,-2955075.85,3139,0.01,2534470102.25
2346,-4430932.6,3844,0.01,2347141441.640625
2347,-3870572.8000000003,3593,0.01,2222223684.015625
2348,-6795033.875,4760,0.01,2524474524.3125
2349,-6210626.125,4551,0.01,2895295820.1875
2350,-3309930.3000000003,3323,0.01,1989490318.171875
2351,-4761355.0,3985,0.01,2224374601.9375
2352,-2116423.725,2657,0.01,1380721754.140625
2353,-6921915.475,4804,0.01,2062641130.109375
2354,-3087314.475,3209,0.01,2072962480.6875
2355,-2459649.375,2865,0.01,1490488715.125
2356,-5884591.125,4430,0.01,1811301834.6875
2357,-5835203.875,4411,0.01,2354611908.25
2358,-16844935.974999998,7494,0.01,5852515523.609375
2359,-1114734.6,1929,0.01,3029360547.8125
2360,-10047878.424999999,5788,0.01,8722260773.875
2361,-2575855.375,2931,0.01,3967375208.125
2362,-4174087.75,3731,0.01,2483437198.0
2363,-11692935.1,6244,0.01,3599392947.734375
2364,-9216926.1,5544,0.01,5619921743.15625
2365,-5580768.6,4314,0.01,4708316960.46875
2366,-6447929.6,4637,0.01,3727716597.453125
2367,-6381886.175,4613,0.01,3300332654.75
2368,-12449851.549999999,6443,0.01,4649114435.171875
2369,-3299615.6,3317,0.01,3568257716.21875
2370,-2204644.85,2712,0.01,2967991540.34375
2371,-4239195.125,3760,0.01,3872667251.625
2372,-4432822.75,3845,0.01,1810603505.046875
2373,-10243267.35,5844,0.01,3342100280.921875
2374,-9039149.125,5490,0.01,4786444151.15625
2375,-3267780.0,3301,0.01,3100687005.21875
2376,-8647846.875,5370,0.01,4462656763.96875
2377,-7002622.6,4832,0.01,4031763425.09375
2378,-16268321.25,7365,0.01,6458960364.0625
2379,-5765311.625,4385,0.01,6395468595.3125
2380,-1583975.725,2299,0.01,3612343157.1875
2381,-7551804.175,5018,0.01,5358647386.0
2382,-2723248.225,3014,0.01,2241738908.8125
2383,-11804692.1,6274,0.01,4450749151.140625
2384,-3578935.25,3455,0.01,3576509311.34375
2385,-13646450.0,6745,0.01,5226962244.078125
2386,-9616976.549999999,5663,0.01,6048799477.25
2387,-11219892.725,6117,0.01,5869891759.5625
2388,-3939569.375,3625,0.01,3604182282.53125
2389,-9370131.35,5589,0.01,3955810891.015625
2390,-2732414.85,3019,0.01,2590929195.25
2391,-1037015.75,1861,0.01,1663870269.65625
2392,-4942529.75,4060,0.01,2437846903.359375
2393,-2486413.625,2880,0.01,1583278314.875
2394,-4300796.35,3787,0.01,1663770533.53125
2395,-23483702.049999997,8848,0.01,7232948806.921875
2396,-7359648.725,4954,0.01,8054748991.6875
2397,-4481814.875,3866,0.01,5214382179.875
2398,-6534504.05,4668,0.01,4247196053.8125
2399,-5494406.125,4280,0.01,3102816464.78125
2400,-2629077.5,2961,0.01,1913279294.515625
2401,-3774946.8000000003,3548,0.01,2094630117.703125
2402,-1489091.1,2229,0.01,1156702495.859375
2403,-2471443.375,2871,0.01,1305606258.703125
2404,-3418281.475,3377,0.01,1197758903.875
2405,-401827.85,1159,0.01,479698864.78125
2406,-5118570.5,4131,0.01,1333688049.890625
2407,-2809928.25,3061,0.01,1525246381.8125
2408,-680338.225,1507,0.01,910413583.0625
2409,-5013844.225,4089,0.01,1986794757.265625
2410,-1353408.25,2125,0.01,1193499632.75
2411,-3162760.4250000003,3248,0.01,1560274250.5625
2412,-2416192.85,2839,0.01,1186925681.953125
2413,-1507624.925,2243,0.01,941389144.171875
2414,-5728853.0,4371,0.01,1540928617.84375
2415,-3792692.975,3557,0.01,1958414619.390625
2416,-2709522.6,3007,0.01,1550128878.3125
2417,-4002984.225,3654,0.01,1675213085.3125
2418,-6991432.35,4829,0.01,2029208265.734375
2419,-6309675.975,4587,0.01,2837550974.546875
2420,-7342093.05,4948,0.01,3577350546.3125
2421,-2489649.1,2882,0.01,1939554263.359375
2422,-7559815.125,5021,0.01,2816782493.859375
2423,-2847151.975,3082,0.01,2154173526.0625
2424,-8185276.475,5224,0.01,3574016137.90625
2425,-4739863.0,3976,0.01,3330696096.3125
2426,-965538.625,1796,0.01,1357145505.65625
2427,-4685187.175,3953,0.01,2359731032.53125
2428,-3950744.875,3630,0.01,1832516208.296875
2429,-4324345.425,3798,0.01,1771017302.46875
2430,-6618492.425,4698,0.01,2141283842.578125
2431,-7440505.625,4981,0.01,3199818688.46875
2432,-14158809.875,6871,0.01,5456187691.703125
2433,-5428905.625,4255,0.01,5223076455.1875
2434,-4093750.125,3695,0.01,3225300880.921875
2435,-3275983.625,3306,0.01,2350526332.046875
2436,-4437380.6,3847,0.01,1944081642.40625
2437,-2503100.125,2890,0.01,1356573041.859375
2438,-12663080.174999999,6498,0.01,3651454091.046875
2439,-26891624.225,9469,0.01,12255460862.125
2440,-14174580.125,6875,0.01,11232910272.3125
2441,-2442986.125,2855,0.01,5911371839.1875
2442,-4099377.5500000003,3698,0.01,5413270460.21875
2443,-3965132.475,3637,0.01,3744953681.765625
2444,-2039402.975,2609,0.01,1213194561.453125
2445,-4132808.4250000003,3713,0.01,1646859011.21875
2446,-3753326.3000000003,3538,0.01,1572305405.875
2447,-2156192.1,2682,0.01,1090884881.5
2448,-6514263.0,4661,0.01,1760669432.65625
2449,-1114951.975,1929,0.01,1089980536.40625
2450,-3017722.0500000003,3173,0.01,1935678449.453125
2451,-5438813.475,4259,0.01,2483634276.375
2452,-10984696.1,6052,0.01,3460351226.9375
2453,-6729589.35,4737,0.01,4587454569.125
2454,-8438978.75,5305,0.01,4965281635.6875
2455,-13672568.1,6752,0.01,5534949111.140625
2456,-6932777.675,4808,0.01,5632492891.5625
2457,-24276192.499999996,8996,0.01,11251451885.5
2458,-9827125.1,5724,0.01,12236659750.3125
2459,-8658766.549999999,5373,0.01,11854310262.6875
2460,-7158741.125,4886,0.01,4967864240.84375
2461,-3316812.875,3326,0.01,2622703683.53125
2462,-1941803.5,2545,0.01,1975681493.5625
2463,-1717549.975,2394,0.01,1561536155.59375
2464,-6042751.725,4489,0.01,2105552715.34375
2465,-12355635.549999999,6418,0.01,4103580516.015625
2466,-23744998.099999998,8897,0.01,11932648485.78125
2467,-5552045.3,4303,0.01,8851618674.0
2468,-2875823.6,3097,0.01,6418670089.375
2469,-8259994.3,5248,0.01,5610080375.0625
2470,-7485824.75,4996,0.01,3969034492.75
2471,-8859067.375,5435,0.01,4167254435.53125
2472,-3908552.875,3611,0.01,3220553301.375
2473,-4342751.5,3806,0.01,3081751645.90625
2474,-5993624.875,4471,0.01,2666700740.671875
2475,-6520363.175,4663,0.01,2852276083.5625
2476,-17175234.849999998,7567,0.01,5955081992.65625
2477,-4582621.6,3909,0.01,6299726773.25
2478,-20109990.799999997,8188,0.01,11114800921.15625
2479,-5178635.875,4156,0.01,6790277637.4375
2480,-6603297.675,4693,0.01,6855858189.65625
2481,-3771892.85,3547,0.01,2894502036.640625
2482,-2070186.175,2628,0.01,1772634294.765625
2483,-16556158.225,7429,0.01,5503346648.046875
2484,-28929291.75,9821,0.01,15146165030.78125
2485,-9192662.75,5536,0.01,10114439658.8125
2486,-11463612.6,6182,0.01,8296991597.1875
2487,-3946422.0500000003,3628,0.01,4192963635.90625
2488,-6445564.75,4636,0.01,4857545145.40625
2489,-4481551.875,3866,0.01,2949655353.296875
2490,-5873257.5,4426,0.01,2526308852.28125
2491,-1649810.5,2346,0.01,1503398823.28125
2492,-11601583.475,6219,0.01,4221414780.609375
2493,-6320847.5,4591,0.01,5077996174.90625
2494,-9853602.1,5732,0.01,5053275498.0625
2495,-4706823.6,3962,0.01,3469527003.0625
2496,-18173153.224999998,7784,0.01,7359385112.203125
2497,-17106041.349999998,7552,0.01,11969158475.40625
2498,-5224006.225,4174,0.01,7381251101.25
2499,-2524708.35,2902,0.01,3611751494.25
2500,-27633107.549999997,9598,0.01,11161488217.46875
2501,-1079146.55,1898,0.01,5021021445.625
2502,-38544524.5,11336,0.01,24095797965.375
2503,-7788780.75,5096,0.01,11128310639.4375
2504,-14193430.35,6879,0.01,8558262165.90625
2505,-4511067.225,3879,0.01,5584349005.375
2506,-4828689.425,4013,0.01,5313605014.46875
2507,-14658147.25,6991,0.01,6070628038.078125
2508,-2083123.25,2636,0.01,3565869658.0625
2509,-23291391.599999998,8812,0.01,11577982118.375
2510,-9636379.85,5669,0.01,8484264026.09375
2511,-7201412.25,4901,0.01,5680465001.15625
2512,-31290370.35,10214,0.01,11654470538.890625
2513,-5578970.3,4313,0.01,8678298335.6875
2514,-10180616.625,5826,0.01,6735385786.90625
2515,-12373311.674999999,6423,0.01,5531130614.15625
2516,-2504953.25,2891,0.01,4240934127.375
2517,-6567678.75,4680,0.01,5289714959.3125
2518,-5788949.6,4394,0.01,3844230526.84375
2519,-6019076.0,4480,0.01,2652820474.421875
2520,-6788227.425,4758,0.01,3052387714.09375
2521,-4198666.1,3742,0.01,2725313797.6875
2522,-11869290.25,6291,0.01,4466865707.46875
2523,-3395007.875,3365,0.01,3494096647.90625
2524,-8429286.6,5302,0.01,5782552865.5625
2525,-6324923.175,4593,0.01,3863973040.34375
2526,-10183244.049999999,5828,0.01,4286685194.46875
2527,-2665180.975,2982,0.01,2492496661.40625
2528,-14951585.375,7061,0.01,6819853365.75
2529,-15189684.1,7117,0.01,8013506111.5625
2530,-901698.125,1735,0.01,2917544701.375
2531,-7460793.3,4988,0.01,7590868742.9375
2532,-2610188.375,2951,0.01,3953798199.96875
2533,-6888450.425,4793,0.01,3100989463.5
2534,-4694973.725,3957,0.01,2810891490.0
2535,-3278277.85,3307,0.01,2003266681.625
2536,-2427900.125,2846,0.01,1538312995.53125
2537,-3377171.75,3356,0.01,1664096034.40625
2538,-1549535.6,2274,0.01,946815367.59375
2539,-4517839.35,3882,0.01,1477024197.78125
2540,-15567290.25,7205,0.01,4723700228.46875
2541,-5564024.175,4308,0.01,5265121970.375
2542,-2263770.0500000003,2748,0.01,3769066480.8125
2543,-7981913.85,5159,0.01,4913968749.9375
2544,-5270892.3,4193,0.01,3222229668.875
2545,-4900284.3,4043,0.01,2562838264.0625
2546,-3679745.225,3504,0.01,2062561891.1875
2547,-7565905.175,5023,0.01,2780503222.0625
2548,-6476543.35,4647,0.01,3192804341.8125
2549,-5736303.35,4374,0.01,3295217547.03125
2550,-2812647.4250000003,3063,0.01,2011082714.625
2551,-5997995.6,4472,0.01,2521253110.84375
2552,-7366090.375,4956,0.01,2927373145.453125
2553,-8919235.799999999,5453,0.01,4004986338.9375
2554,-4548323.725,3894,0.01,3471840983.375
2555,-3986511.5,3646,0.01,3104373565.53125
2556,-4693988.375,3956,0.01,2560124552.40625
2557,-11620015.85,6224,0.01,3757932006.421875
2558,-22846618.349999998,8727,0.01,10120119573.5
2559,-2564727.875,2925,0.01,6783721565.3125
2560,-17055653.5,7541,0.01,13250371267.3125
2561,-6512855.25,4660,0.01,7308194239.75
2562,-4882993.875,4035,0.01,5621630707.71875
2563,-3447942.375,3391,0.01,3028546639.78125
2564,-5784944.85,4392,0.01,2801169023.578125
2565,-16595405.799999999,7438,0.01,5788223197.0625
2566,-11407289.35,6167,0.01,8760295142.25
2567,-7257229.475,4919,0.01,7094224045.03125
2568,-8006708.85,5167,0.01,5688064352.6875
2569,-1209733.1,2009,0.01,1471279616.90625
2570,-7213077.475,4904,0.01,4431003139.59375
2571,-8437696.725,5304,0.01,4784929532.84375
2572,-3939911.125,3625,0.01,3035154171.34375
2573,-11374415.549999999,6158,0.01,5850999988.59375
2574,-24055795.999999996,8955,0.01,11008596713.25
2575,-9345601.85,5582,0.01,10888172917.1875
2576,-11338991.6,6149,0.01,12181645696.53125
2577,-37400206.74999999,11166,0.01,17785953056.53125
2578,-2519965.6,2899,0.01,6999452285.0
2579,-2508952.9250000003,2893,0.01,9295382377.25
2580,-5782145.125,4391,0.01,10407527888.90625
2581,-14385798.125,6925,0.01,4785612918.84375
2582,-5347675.425,4223,0.01,5474436717.1875
2583,-4048162.35,3674,0.01,3007356989.90625
2584,-8690342.799999999,5383,0.01,3563826387.984375
2585,-5726853.625,4370,0.01,3352243151.40625
2586,-10426884.375,5896,0.01,5012160858.46875
2587,-2900393.375,3110,0.01,2787342097.625
2588,-14875177.475,7042,0.01,7794073226.65625
2589,-30245135.499999996,10041,0.01,16239936373.0625
2590,-12334278.049999999,6413,0.01,12911547492.09375
2591,-5661651.75,4345,0.01,11633234981.75
2592,-2573144.0,2930,0.01,2380194567.09375
2593,-4279815.3,3778,0.01,2814150256.265625
2594,-21712193.174999997,8508,0.01,7119091408.5
2595,-10883226.475,6024,0.01,8540120102.15625
2596,-3094444.8000000003,3213,0.01,5466908534.25
2597,-3608206.975,3469,0.01,4273228499.9375
2598,-2317900.625,2781,0.01,2850052164.171875
2599,-2409917.125,2835,0.01,1211058061.8046875
2600,-3204341.975,3269,0.01,1029164464.1015625
2601,-2132281.1,2667,0.01,856351576.8203125
2602,-1918431.25,2530,0.01,826947200.453125
2603,-7716224.475,5072,0.01,2078833325.75
2604,-16688502.6,7459,0.01,5993213477.765625
2605,-3556113.975,3444,0.01,5558920767.0625
2606,-3684563.0,3506,0.01,3626975054.125
2607,-3579358.75,3455,0.01,2919710230.96875
2608,-5924300.75,4445,0.01,1693476235.84375
2609,-12690923.125,6505,0.01,4237372322.53125
2610,-7201923.75,4901,0.01,5027152663.40625
2611,-13325665.75,6666,0.01,5853103543.9375
2612,-14622043.424999999,6983,0.01,7935300683.6875
2613,-9482622.299999999,5623,0.01,7299543558.1875
2614,-9157912.625,5526,0.01,5429690293.59375
2615,-10053863.125,5790,0.01,5528892472.03125
2616,-16468249.25,7410,0.01,7481591561.40625
2617,-12694174.5,6506,0.01,8850346255.5625
2618,-5363008.35,4229,0.01,6114084711.0625
2619,-5653123.35,4342,0.01,4516564732.15625
2620,-4031067.85,3667,0.01,2665280958.796875
2621,-5443095.0,4261,0.01,2456469200.625
2622,-37184644.725,11134,0.01,14665652222.9375
2623,-3859748.6750000003,3588,0.01,7952326634.5625
2624,-9508831.375,5631,0.01,6515593796.96875
2625,-1681813.6,2369,0.01,2214007257.34375
2626,-2621316.725,2957,0.01,2360307148.34375
2627,-6378885.725,4612,0.01,3108044381.03125
2628,-4057916.475,3679,0.01,2105254783.40625
2629,-299985.35,1002,0.01,571574688.625
2630,-7593021.225,5032,0.01,3250896386.8125
2631,-6033446.0,4486,0.01,3310034381.796875
2632,-2887622.35,3104,0.01,2089390850.5625
2633,-3374568.5,3355,0.01,2169926761.71875
2634,-4910274.6,4047,0.01,2223152804.875
2635,-5003769.875,4085,0.01,1870408645.625
2636,-1161324.475,1969,0.01,1283052401.53125
2637,-2801400.975,3057,0.01,1732876876.8125
2638,-2608890.75,2950,0.01,1403204320.171875
2639,-1503355.25,2240,0.01,1037326935.0
2640,-2621075.225,2957,0.01,980764030.6171875
2641,-5587835.725,4317,0.01,1636815272.90625
2642,-2053641.425,2618,0.01,1258701051.203125
2643,-3245375.0,3290,0.01,1613931477.03125
2644,-2241924.625,2735,0.01,1193450207.71875
2645,-2100424.35,2647,0.01,1022572792.109375
2646,-2089582.875,2640,0.01,901221521.375
2647,-4222323.975,3752,0.01,1298475882.3671875
2648,-1814218.5,2460,0.01,935426243.625
2649,-4168183.6750000003,3728,0.01,1622900231.59375
2650,-5328045.75,4215,0.01,2031156962.609375
2651,-1807833.625,2456,0.01,1403995391.609375
2652,-17176015.599999998,7567,0.01,6154435963.078125
2653,-2273867.475,2754,0.01,4711746963.5
2654,-10353811.0,5876,0.01,10160912191.0
2655,-12489225.174999999,6453,0.01,7006324837.78125
2656,-10997070.625,6055,0.01,7770918589.625
2657,-18713840.85,7899,0.01,9500281838.9375
2658,-3950189.125,3630,0.01,6370451607.3125
2659,-5767739.125,4386,0.01,7123957152.125
2660,-4429294.725,3844,0.01,3766125795.65625
2661,-16058230.225,7317,0.01,5159137894.6875
2662,-15072320.475,7089,0.01,9501211937.59375
2663,-2897475.1,3109,0.01,5851215579.25
2664,-1802144.925,2453,0.01,3200071449.40625
2665,-7046633.8,4848,0.01,5232129264.171875
2666,-8696681.125,5385,0.01,3462635072.53125
2667,-11407500.35,6167,0.01,4534198715.25
2668,-7844159.35,5114,0.01,5243711709.5625
2669,-12315386.799999999,6408,0.01,6702672478.4375
2670,-5398894.55,4243,0.01,5279721958.0
2671,-10029091.674999999,5783,0.01,6821748180.375
2672,-8287072.725,5257,0.01,4736428142.15625
2673,-2912508.725,3117,0.01,2622123687.625
2674,-5653607.35,4342,0.01,3151532364.75
2675,-9628418.5,5666,0.01,3543671142.890625
2676,-8477928.1,5317,0.01,4347017279.5625
2677,-7796131.35,5099,0.01,4174058285.375
2678,-4267786.175,3773,0.01,2504200552.21875
2679,-10298142.75,5860,0.01,3742972668.34375
2680,-2797909.125,3055,0.01,2698077129.5
2681,-1982772.725,2572,0.01,2094226097.0
2682,-3596238.4250000003,3463,0.01,2065477951.921875
2683,-1537010.75,2265,0.01,982515219.546875
2684,-3943959.1,3627,0.01,1333097877.7421875
2685,-6063609.225,4497,0.01,1958782118.4375
2686,-5127589.625,4135,0.01,2183764798.359375
2687,-4396128.975,3829,0.01,2423617043.5
2688,-8981283.475,5472,0.01,3318763785.234375
2689,-4765735.475,3987,0.01,3360242782.75
2690,-3765972.35,3544,0.01,2594881442.21875
2691,-8508049.0,5326,0.01,3309942826.640625
2692,-3631848.375,3480,0.01,2565221868.5
2693,-1939581.3,2543,0.01,1629159794.703125
2694,-2664785.5,2981,0.01,1340848732.0625
2695,-4334714.35,3802,0.01,1604679897.96875
2696,-9789002.049999999,5713,0.01,2942191176.1875
2697,-4461241.225,3857,0.01,3321729235.5
2698,-3278105.1,3307,0.01,2563384716.71875
2699,-7160797.85,4887,0.01,2878951735.546875
2700,-4929711.0,4055,0.01,2449259704.875
2701,-6553622.375,4675,0.01,2795888619.875
2702,-3570939.5,3451,0.01,2100018425.4375
2703,-3415137.25,3375,0.01,1845656171.015625
2704,-2906941.6,3114,0.01,1612612255.984375
2705,-634667.125,1456,0.01,577904044.84375
2706,-5111225.225,4129,0.01,1463902107.921875
2707,-4031729.225,3667,0.01,1770670476.84375
2708,-4158108.225,3724,0.01,1807083154.328125
2709,-2096739.5,2645,0.01,1311602551.640625
2710,-3448823.475,3392,0.01,1383763089.6875
2711,-1860061.975,2492,0.01,967845413.8125
2712,-6541442.25,4671,0.01,1711266430.6640625
2713,-1488913.475,2229,0.01,1255075507.0625
2714,-10984732.725,6052,0.01,3591785497.15625
2715,-2857422.35,3087,0.01,3402223076.4375
2716,-2002608.625,2585,0.01,2487680398.4375
2717,-9854885.1,5732,0.01,4875298549.53125
2718,-9577388.125,5651,0.01,5216901830.6875
2719,-5967658.375,4461,0.01,4508790794.875
2720,-9967391.375,5765,0.01,5083389802.5625
2721,-3671872.225,3499,0.01,2915095153.21875
2722,-4080260.6,3689,0.01,2626473709.125
2723,-1000904.1749999999,1828,0.01,1293007667.671875
2724,-7051602.1,4849,0.01,2497894215.515625
2725,-1694237.925,2378,0.01,1713499885.28125
2726,-2701805.225,3002,0.01,2002034713.90625
2727,-4030513.25,3666,0.01,2029209209.078125
2728,-1493886.675,2233,0.01,921554476.359375
2729,-5743690.375,4376,0.01,1822144517.765625
2730,-3116521.975,3224,0.01,1830465582.078125
2731,-9639032.225,5669,0.01,2749672134.765625
2732,-7695207.125,5066,0.01,3981181784.71875
2733,-6254342.725,4567,0.01,3045413068.578125
2734,-2650247.725,2974,0.01,1747032252.9375
2735,-7275558.75,4926,0.01,2524644516.0
2736,-3631692.0,3481,0.01,2319721655.296875
2737,-9070222.625,5500,0.01,3806820267.453125
2738,-4813238.975,4007,0.01,3066268442.25
2739,-8728404.625,5395,0.01,3601496111.15625
2740,-2225413.875,2725,0.01,1981604654.0
2741,-6232590.225,4559,0.01,2480069000.25
2742,-4446736.25,3851,0.01,2128434707.8125
2743,-17482475.375,7635,0.01,5897172996.53125
2744,-5434623.85,4257,0.01,5879660256.1875
2745,-11810407.625,6275,0.01,7494659109.46875
2746,-8543955.424999999,5338,0.01,5029616290.4375
2747,-3316135.125,3326,0.01,2856502567.5
2748,-7294807.1,4932,0.01,3453534473.0
2749,-5159665.675,4148,0.01,2545239778.09375
2750,-6588084.975,4687,0.01,2869454006.15625
2751,-4804681.425,4003,0.01,2571986816.46875
2752,-14559551.975,6967,0.01,5004460109.6875
2753,-4880123.725,4034,0.01,5464154581.1875
2754,-8901841.174999999,5448,0.01,5955894475.71875
2755,-5371589.975,4232,0.01,3418078117.3125
2756,-2704914.975,3004,0.01,1934348350.21875
2757,-2475732.975,2874,0.01,1432458543.40625
2758,-814774.85,1649,0.01,612083053.109375
2759,-4316449.6,3794,0.01,1240736186.3671875
2760,-2804433.475,3059,0.01,1137666735.5625
2761,-7750899.475,5084,0.01,2155908669.78125
2762,-10838861.975,6012,0.01,4225759573.1875
2763,-2694799.9250000003,2998,0.01,2661992892.6875
2764,-3868693.975,3592,0.01,2826968175.859375
2765,-7097820.625,4865,0.01,2811407218.890625
2766,-16157690.1,7339,0.01,5927404495.796875
2767,-17385311.049999997,7613,0.01,10531227991.1875
2768,-11404543.625,6166,0.01,10435685185.6875
2769,-3727972.375,3526,0.01,6833639822.1875
2770,-7621258.375,5041,0.01,5757664536.75
2771,-18508288.124999996,7855,0.01,7550514635.609375
2772,-2084322.1,2637,0.01,4761199074.375
2773,-4579485.05,3908,0.01,8302081192.8125
2774,-4010239.85,3657,0.01,6841954565.296875
2775,-7589248.5,5030,0.01,2988255626.5
2776,-9829447.25,5725,0.01,4446296164.9375
2777,-12074924.375,6345,0.01,5967203585.65625
2778,-1898123.85,2517,0.01,2981042912.5
2779,-13870588.875,6801,0.01,8189103967.78125
2780,-1675984.75,2365,0.01,3377293211.1875
2781,-5786772.55,4393,0.01,3932952275.34375
2782,-13332299.35,6667,0.01,4923980959.421875
2783,-489064.05,1278,0.01,1537222767.34375
2784,-22688360.474999998,8697,0.01,13750168491.25
2785,-1166547.925,1973,0.01,4621106701.125
2786,-13315303.674999999,6663,0.01,13070089410.0
2787,-4512139.1,3879,0.01,5972380050.6875
2788,-8238488.625,5241,0.01,4593047082.0
2789,-9062077.85,5497,0.01,4813682485.78125
2790,-1278527.25,2066,0.01,1953364725.46875
2791,-4680649.75,3951,0.01,4310393163.78125
2792,-2981527.975,3154,0.01,3071563625.21875
2793,-5362684.975,4229,0.01,2407052370.6875
2794,-11647507.1,6232,0.01,3928856662.1875
2795,-4257015.05,3768,0.01,3627604311.25
2796,-4418968.35,3839,0.01,3217969055.03125
2797,-2694570.1750000003,2998,0.01,1983206767.375
2798,-2372709.5500000003,2813,0.01,1179647126.65625
2799,-6544084.25,4671,0.01,1903774846.09375
2800,-671818.1749999999,1498,0.01,904896700.40625
2801,-3627033.5500000003,3478,0.01,1879954034.421875
2802,-5279633.25,4196,0.01,2208973283.671875
2803,-7982603.475,5159,0.01,2756295537.328125
2804,-1860046.25,2491,0.01,1945817643.09375
2805,-3759659.875,3541,0.01,2978402211.3125
2806,-5383727.225,4237,0.01,3072995714.546875
2807,-3664996.875,3496,0.01,1846992159.140625
2808,-851903.125,1686,0.01,913209057.703125
2809,-9068679.475,5499,0.01,3087045308.375
2810,-1084288.6,1902,0.01,1761347770.21875
2811,-10186646.049999999,5828,0.01,5256298470.90625
2812,-3563796.6,3447,0.01,3947988852.53125
2813,-979618.0499999999,1808,0.01,1652778949.6875
2814,-7669488.725,5057,0.01,3249031088.390625
2815,-24233432.549999997,8988,0.01,8702342328.375
2816,-15608251.475,7214,0.01,11169395949.1875
2817,-3011603.75,3170,0.01,6202140824.5
2818,-1053032.5,1875,0.01,2956086392.3125
2819,-16800511.474999998,7484,0.01,9045753437.75
2820,-16951693.849999998,7517,0.01,10216406914.03125
2821,-4648805.85,3937,0.01,7103937400.25
2822,-5848048.375,4416,0.01,7344795295.0625
2823,-5385645.675,4238,0.01,3438110983.46875
2824,-13441220.725,6694,0.01,4600603742.296875
2825,-3838920.3000000003,3578,0.01,3757604266.0
2826,-5892278.3,4433,0.01,2665675042.515625
2827,-2829125.85,3072,0.01,1915936353.421875
2828,-2054523.6,2619,0.01,1412461008.203125
2829,-1067482.05,1888,0.01,792718287.1875
2830,-10064008.674999999,5793,0.01,2483749093.890625
2831,-3243154.1,3289,0.01,2879221764.3125
2832,-5279155.375,4196,0.01,2960244530.4375
2833,-2744627.25,3026,0.01,2191135395.4375
2834,-5941555.0,4451,0.01,2409063460.53125
2835,-5401586.35,4244,0.01,2688259520.03125
2836,-1262895.425,2053,0.01,1531642870.78125
2837,-6981235.375,4825,0.01,3016321088.59375
2838,-1243374.85,2037,0.01,1552410429.3125
2839,-3494846.475,3414,0.01,2217836547.265625
2840,-3787242.6,3554,0.01,1875540046.21875
2841,-2346989.5500000003,2798,0.01,1354643655.5
2842,-2966547.75,3146,0.01,1164478685.078125
2843,-18522694.475,7859,0.01,4961697290.5546875
2844,-3630774.25,3480,0.01,5288970870.9375
2845,-12949708.625,6571,0.01,6283103187.125
2846,-9590589.125,5655,0.01,5223318853.625
2847,-6922723.625,4805,0.01,4150158712.90625
2848,-13620342.1,6739,0.01,5209547274.5625
2849,-16644723.725,7449,0.01,8348829494.5
2850,-4493309.5,3871,0.01,6384994130.375
2851,-12944022.125,6570,0.01,8741589798.75
2852,-2927153.5,3125,0.01,3083510879.5625
2853,-9816653.625,5721,0.01,4224018134.5
2854,-10169532.674999999,5823,0.01,5038945705.25
2855,-18834248.849999998,7924,0.01,8420518958.21875
2856,-11343595.25,6150,0.01,10352161971.78125
2857,-15082855.375,7091,0.01,9141568293.96875
2858,-6256578.175,4568,0.01,6158697078.4375
2859,-4402237.6,3832,0.01,2934143657.6875
2860,-1543962.25,2270,0.01,1878015145.21875
2861,-8030516.125,5175,0.01,2897814280.796875
2862,-4570192.725,3904,0.01,2905111908.25
2863,-7521016.175,5008,0.01,3911137006.75
2864,-7297464.175,4933,0.01,3982113341.28125
2865,-7960211.6,5152,0.01,3826861519.6875
2866,-2289469.475,2764,0.01,1925122816.15625
2867,-5251674.625,4185,0.01,2852500230.171875
2868,-1135695.6,1947,0.01,1203804701.609375
2869,-1891122.225,2512,0.01,1300987054.40625
2870,-3577423.475,3454,0.01,1287081504.265625
2871,-3275020.25,3305,0.01,1167847287.328125
2872,-19588508.374999996,8081,0.01,5599144807.890625
2873,-9885532.75,5741,0.01,8975563712.78125
2874,-9261287.1,5557,0.01,8230427494.34375
2875,-11260298.924999999,6128,0.01,6538834047.53125
2876,-3465164.75,3400,0.01,3591069272.96875
2877,-2571307.1,2929,0.01,2804736218.4375
2878,-3827666.1750000003,3573,0.01,3456396793.96875
2879,-3549893.375,3441,0.01,1568098316.296875
2880,-4859260.625,4026,0.01,1738828543.125
2881,-7260506.875,4921,0.01,2300821866.765625
2882,-7443103.85,4982,0.01,3113177807.03125
2883,-2621302.1,2957,0.01,1955583426.171875
2884,-1401747.05,2163,0.01,1453905672.1875
2885,-4304665.35,3789,0.01,2023049281.0
2886,-5623640.875,4331,0.01,1861509435.65625
2887,-434170.75,1205,0.01,657351527.75
2888,-1341930.25,2116,0.01,1288445980.75
2889,-9486809.85,5624,0.01,3380624978.53125
2890,-4341707.25,3805,0.01,3374226749.1875
2891,-5186121.225,4159,0.01,2944246836.96875
2892,-7713585.625,5071,0.01,3096229854.0
2893,-11321862.725,6144,0.01,4454723585.21875
2894,-6803874.05,4763,0.01,4454254935.4375
2895,-3186287.375,3260,0.01,2416246188.390625
2896,-3669291.3000000003,3498,0.01,2415033920.046875
2897,-7964550.3,5153,0.01,3012004514.90625
2898,-1753046.8,2418,0.01,1764253564.1875
2899,-3441487.4250000003,3388,0.01,2645733258.75
2900,-2400923.75,2830,0.01,1971131795.4375
2901,-2255335.3000000003,2743,0.01,1316104949.53125
2902,-2399462.975,2829,0.01,1072012113.0
2903,-358848.0,1096,0.01,457048603.3125
2904,-868357.2999999999,1703,0.01,538866572.375
2905,-3411807.6,3374,0.01,950348151.375
2906,-469357.675,1253,0.01,442992860.171875
2907,-2670868.875,2985,0.01,976634974.65625
2908,-6337380.6,4597,0.01,1678301602.921875
2909,-2864694.625,3091,0.01,1686295360.53125
2910,-2060762.975,2622,0.01,1314484150.359375
2911,-6055283.975,4494,0.01,1817388111.0859375
2912,-6578907.6,4684,0.01,2497118262.3125
2913,-5888980.975,4432,0.01,2660803520.6875
2914,-780656.125,1615,0.01,1236342091.40625
2915,-2319477.975,2782,0.01,2204299482.78125
2916,-5268805.975,4192,0.01,2486792164.75
2917,-2731995.225,3019,0.01,1665064277.015625
2918,-14285332.875,6901,0.01,4285100811.734375
2919,-3393162.975,3364,0.01,4387100598.875
2920,-8516123.1,5329,0.01,4521901162.25
2921,-4155436.3000000003,3723,0.01,2954153879.28125
2922,-5079060.0,4116,0.01,2832234300.140625
2923,-7454805.875,4986,0.01,2992863320.984375
2924,-4966557.625,4070,0.01,2834661090.0625
2925,-4661479.55,3943,0.01,2730135922.65625
2926,-3393063.6,3364,0.01,2254237287.609375
2927,-2948291.5,3136,0.01,1577281551.46875
2928,-4879794.35,4034,0.01,1791344868.6875
2929,-8987347.725,5474,0.01,2731556207.3125
2930,-6930562.35,4807,0.01,4025431202.0625
2931,-9757736.35,5704,0.01,4761527658.0
2932,-5700073.25,4360,0.01,3777362776.875
2933,-1280077.475,2067,0.01,1711063969.03125
2934,-287170.5,980,0.01,706391708.8125
2935,-1922006.6,2532,0.01,1863203761.140625
2936,-2924832.0500000003,3123,0.01,1286578903.265625
2937,-2018812.125,2595,0.01,911026890.625
2938,-3400258.85,3367,0.01,1030789997.140625
2939,-7098396.375,4865,0.01,1949748837.75
2940,-3895355.35,3604,0.01,2385597996.15625
2941,-2078016.55,2633,0.01,1680404822.046875
2942,-4080443.6,3689,0.01,2206777986.0625
2943,-2203295.0,2711,0.01,1113214846.3125
2944,-3480430.975,3407,0.01,1447166927.46875
2945,-1874908.5,2501,0.01,1046670527.25
2946,-3898965.0,3606,0.01,1490711203.203125
2947,-2046725.3,2613,0.01,1127139005.34375
2948,-2698586.0,3000,0.01,1193357835.15625
2949,-2156103.35,2682,0.01,1098221783.96875
2950,-4182865.25,3735,0.01,1448447806.1796875
2951,-2642007.475,2969,0.01,1156241663.3125
2952,-1417203.625,2175,0.01,849039943.828125
2953,-3358285.6,3347,0.01,1335999621.34375
2954,-8861607.375,5436,0.01,2401976377.484375
2955,-978754.2999999999,1808,0.01,1469308852.0625
2956,-3047423.5500000003,3188,0.01,2863518701.9375
2957,-2547455.625,2915,0.01,2108701044.125
2958,-1988102.125,2575,0.01,1469087697.1015625
2959,-1816521.6,2462,0.01,820551892.6953125
2960,-6153052.25,4530,0.01,1598271382.078125
2961,-8278746.35,5254,0.01,3043135375.390625
2962,-11102556.35,6084,0.01,4706864368.140625
2963,-12202917.35,6379,0.01,6509955584.5625
2964,-8283493.25,5255,0.01,5566823794.21875
2965,-5374604.1,4234,0.01,3642889622.3125
2966,-2966118.25,3145,0.01,2485362241.1875
2967,-6446094.75,4636,0.01,2886807124.46875
2968,-3962110.375,3635,0.01,2248834013.4375
2969,-8374518.975,5284,0.01,3464523216.09375
2970,-1563375.975,2284,0.01,2022003282.65625
2971,-4500075.6,3874,0.01,2856051201.0625
2972,-6472338.125,4646,0.01,3364789821.3125
2973,-3219299.975,3277,0.01,1814267691.953125
2974,-4886537.725,4037,0.01,2064916289.90625
2975,-4930822.875,4055,0.01,2193150359.453125
2976,-14083898.549999999,6853,0.01,4820956903.328125
2977,-9728649.625,5696,0.01,5955493890.0
2978,-458481.675,1238,0.01,1197075216.96875
2979,-3852705.625,3585,0.01,4294307274.0625
2980,-5072755.3,4113,0.01,4034922450.4375
2981,-11114651.424999999,6088,0.01,3907553531.28125
2982,-1781095.05,2438,0.01,2372217067.53125
2983,-7997945.975,5164,0.01,5551354910.5
2984,-5860654.0,4421,0.01,4191977228.0625
2985,-5228290.875,4176,0.01,2710988891.234375
2986,-2189828.8000000003,2703,0.01,1682129182.390625
2987,-6245736.6,4564,0.01,2694995071.34375
2988,-5441289.875,4260,0.01,2557356092.90625
2989,-2889622.125,3105,0.01,1896806011.78125
2990,-3060202.375,3195,0.01,1925509354.0625
2991,-857142.725,1692,0.01,842016261.375
2992,-5794033.875,4396,0.01,1656523605.5
2993,-1723907.6,2399,0.01,1273972412.234375
2994,-8234680.5,5240,0.01,3078115679.125
2995,-4984287.725,4077,0.01,2976359461.0
2996,-6293943.25,4581,0.01,2794076682.578125
2997,-589035.2999999999,1403,0.01,1050677299.1875
2998,-7320771.125,4941,0.01,2872325424.90625
2999,-1149474.6,1959,0.01,1491511895.96875
3000,-1136829.05,1948,0.01,1480818470.90625
3001,-2701985.475,3002,0.01,1594964868.015625
3002,-2439802.0500000003,2853,0.01,1296406088.59375
3003,-2980445.9250000003,3153,0.01,929196336.4921875
3004,-8924307.125,5455,0.01,2285489062.328125
3005,-4408229.725,3834,0.01,3126085707.8125
3006,-8322736.675,5268,0.01,4266532241.46875
3007,-1454736.3,2203,0.01,1885571526.40625
3008,-5245358.55,4183,0.01,3041198895.4375
3009,-7623250.975,5042,0.01,3147048907.1875
3010,-8014777.5,5170,0.01,3528640382.078125
3011,-4175030.85,3732,0.01,2560436877.3125
3012,-11738537.5,6256,0.01,4179985466.515625
3013,-5626254.85,4332,0.01,3875177492.75
3014,-11430522.475,6174,0.01,4667500942.65625
3015,-16119840.5,7331,0.01,7427560148.71875
3016,-19924360.624999996,8150,0.01,10780017195.375
3017,-20353663.099999998,8237,0.01,14319254294.875
3018,-22224486.3,8608,0.01,15090880910.71875
3019,-10234825.475,5842,0.01,11202726265.8125
3020,-9463611.6,5617,0.01,8087191588.96875
3021,-2836732.5,3076,0.01,2739028630.25
3022,-4582161.225,3909,0.01,3533903661.0
3023,-12199045.85,6377,0.01,5077141210.046875
3024,-2778152.475,3044,0.01,3336071406.03125
3025,-7447453.925,4983,0.01,6346673273.46875
3026,-2776334.1750000003,3043,0.01,3343084511.71875
3027,-8647000.85,5369,0.01,3882469161.125
3028,-6942173.75,4811,0.01,4044451455.0
3029,-9228251.85,5547,0.01,4854921292.75
3030,-627150.725,1447,0.01,1331963119.28125
3031,-20051981.249999996,8176,0.01,9096214760.96875
3032,-13955931.0,6821,0.01,11849455339.5625
3033,-5766385.5,4385,0.01,7329504183.9375
3034,-10898630.549999999,6028,0.01,5971759576.5
3035,-3496936.375,3415,0.01,3071185397.46875
3036,-8447556.725,5307,0.01,5408321980.375
3037,-17490089.999999996,7636,0.01,7112956714.453125
3038,-14264501.875,6896,0.01,10372946824.21875
3039,-1749316.25,2416,0.01,5030631235.125
3040,-16247489.0,7360,0.01,11735686039.9375
3041,-9581261.225,5652,0.01,7322403400.875
3042,-10985165.6,6052,0.01,7385703702.78125
3043,-44640820.099999994,12199,0.01,19240861358.78125
3044,-33475327.599999998,10564,0.01,21419841167.0
3045,-10349909.6,5874,0.01,11043350248.75
3046,-19900309.124999996,8145,0.01,14569139321.53125
3047,-6608469.975,4694,0.01,8032763383.375
3048,-7133250.35,4877,0.01,10007080319.0
3049,-15883737.35,7277,0.01,6154879480.96875
3050,-9145520.475,5522,0.01,7355968975.9375
3051,-3849652.8000000003,3583,0.01,5577795331.9375
3052,-7003140.35,4832,0.01,4400155828.03125
3053,-5318022.875,4211,0.01,3225386898.15625
3054,-8894867.250000002,5445,0.01,4172628315.21875
3055,-17259860.0,7586,0.01,6554323066.21875
3056,-6817299.175,4768,0.01,6948525672.5
3057,-31277431.749999996,10211,0.01,18251203765.78125
3058,-13193223.85,6632,0.01,18546329970.1875
3059,-12579609.5,6476,0.01,13309039244.28125
3060,-19143653.349999998,7989,0.01,10045145397.5
3061,-6732815.55,4738,0.01,7663840551.125
3062,-25877455.924999997,9288,0.01,15613973703.5625
3063,-14719237.0,7005,0.01,15216660242.75
3064,-5025685.225,4094,0.01,9922387892.9375
3065,-11260754.35,6127,0.01,8166381037.875
3066,-9034205.549999999,5488,0.01,5658494155.3125
3067,-10729493.25,5981,0.01,6081260064.34375
3068,-3766275.35,3544,0.01,4136846945.625
3069,-8178390.225,5222,0.01,5735258755.9375
3070,-6670582.5,4716,0.01,4091059577.15625
3071,-2061107.725,2622,0.01,2357846964.0
3072,-6024045.35,4482,0.01,3432703789.6875
3073,-24467343.374999996,9031,0.01,9036405684.234375
3074,-17933361.224999998,7732,0.01,14288438951.96875
3075,-3530058.0,3431,0.01,8541350649.1875
3076,-2376854.0,2816,0.01,5335793260.75
3077,-4103250.6,3699,0.01,6582390157.96875
3078,-5992433.875,4470,0.01,1893073516.3125
3079,-12116971.375,6356,0.01,4151766096.0625
3080,-18408241.474999998,7834,0.01,8841279338.90625
3081,-4173175.5,3731,0.01,6097230620.1875
3082,-11461973.35,6182,0.01,9314639962.0
3083,-2909616.625,3115,0.01,3017686744.4375
3084,-2105068.25,2650,0.01,2756846963.8125
3085,-11018455.375,6061,0.01,5151111466.1875
3086,-14576385.625,6971,0.01,7379306679.875
3087,-9328093.85,5577,0.01,7311162603.34375
3088,-4137751.625,3715,0.01,4612748017.40625
3089,-7304019.125,4935,0.01,4848497477.65625
3090,-13556552.924999999,6723,0.01,5580135938.5
3091,-7742555.625,5081,0.01,6294652301.25
3092,-4124374.6,3709,0.01,4988003421.125
3093,-16044478.35,7314,0.01,6533677004.09375
3094,-3487965.25,3411,0.01,5053944380.6875
3095,-11951165.674999999,6313,0.01,5320728677.28125
3096,-1184224.425,1988,0.01,2041430855.59375
3097,-12243869.475,6389,0.01,6198669547.375
3098,-3732269.4250000003,3528,0.01,4532842192.125
3099,-13199228.1,6634,0.01,6559322256.53125
3100,-6659623.55,4713,0.01,4149571414.90625
3101,-6169888.375,4536,0.01,2605377909.109375
3102,-7298259.175,4933,0.01,3233348943.46875
3103,-11951230.299999999,6313,0.01,4913651476.46875
3104,-5977300.125,4465,0.01,4641918915.28125
3105,-9011582.1,5482,0.01,5200311177.90625
3106,-2011154.0,2590,0.01,2214177887.90625
3107,-9426648.875,5606,0.01,3477719343.46875
3108,-14068937.225,6849,0.01,6229382255.34375
3109,-7957802.0,5151,0.01,6521862834.625
3110,-5534550.375,4296,0.01,5538176994.625
3111,-7902382.175,5133,0.01,4880450002.0625
3112,-5893072.3,4433,0.01,3397875944.65625
3113,-10420295.6,5894,0.01,5186579843.6875
3114,-11123283.5,6090,0.01,6526000791.21875
3115,-4356747.475,3812,0.01,4953723133.09375
3116,-6573464.975,4682,0.01,3258434980.75
3117,-1721698.35,2397,0.01,1810576595.53125
3118,-3608755.35,3469,0.01,2286916536.125
3119,-4624530.35,3927,0.01,2356066478.6875
3120,-5229402.5,4176,0.01,1852984408.25
3121,-3051597.375,3190,0.01,1690436168.71875
3122,-24700558.849999998,9074,0.01,8864046878.46875
3123,-4389224.75,3826,0.01,7240210421.3125
3124,-6597154.375,4690,0.01,7418942361.28125
3125,-4864931.675,4028,0.01,3757801460.21875
3126,-13786777.25,6780,0.01,4978095957.765625
3127,-6997549.375,4830,0.01,5223180723.875
3128,-2704645.975,3004,0.01,2629057230.5625
3129,-1470025.875,2215,0.01,1950181136.90625
3130,-5857566.375,4420,0.01,2036364401.390625
3131,-5104506.625,4126,0.01,2118904520.109375
3132,-11885609.0,6295,0.01,3774085877.28125
3133,-5096608.425,4123,0.01,4079214984.03125
3134,-762654.0,1596,0.01,1119786566.5625
3135,-1402848.975,2164,0.01,1086586374.0625
3136,-12867067.125,6550,0.01,4161007639.15625
3137,-1059185.25,1881,0.01,2655457139.8125
3138,-2161311.5,2685,0.01,3220893822.65625
3139,-7877024.5,5125,0.01,4378465063.71875
3140,-8328205.25,5270,0.01,3433037125.84375
3141,-2816421.0,3065,0.01,1983384198.9375
3142,-712480.2999999999,1543,0.01,1149538753.84375
3143,-2050480.5,2616,0.01,1785398492.75
3144,-995481.7999999999,1823,0.01,1215669144.765625
3145,-5234508.55,4178,0.01,1448542232.6015625
3146,-5206411.1,4167,0.01,1981367725.609375
3147,-9489042.375,5625,0.01,3231963727.546875
3148,-3046721.4250000003,3188,0.01,2506526703.71875
3149,-3541909.6,3437,0.01,2312567105.53125
3150,-16561149.125,7431,0.01,5340881014.640625
3151,-765498.225,1599,0.01,2549529169.6875
3152,-2695621.1,2999,0.01,4588208533.0
3153,-1741623.25,2411,0.01,3379637513.1875
3154,-10143345.25,5816,0.01,5284166311.375
3155,-721200.1,1552,0.01,1605193010.40625
3156,-1272692.875,2061,0.01,1914399374.875
3157,-12485660.475,6452,0.01,4795715555.375
3158,-7690516.35,5064,0.01,5365782138.96875
3159,-16299948.1,7372,0.01,8397307081.09375
3160,-6179783.5,4540,0.01,6411149452.25
3161,-1626638.25,2330,0.01,2308296842.375
3162,-2791392.475,3052,0.01,2722415563.75
3163,-8020388.35,5172,0.01,2139864569.953125
3164,-3383703.25,3360,0.01,2108385088.734375
3165,-10663167.924999999,5963,0.01,3663344811.5625
3166,-1007485.225,1834,0.01,1849354015.28125
3167,-2171936.85,2692,0.01,2277099273.90625
3168,-4274920.875,3776,0.01,1862986420.375
3169,-1463502.5,2210,0.01,1158876023.484375
3170,-4875646.225,4032,0.01,1588903779.75
3171,-1296735.25,2080,0.01,993010988.859375
3172,-4865426.3,4028,0.01,1945288698.953125
3173,-20633127.099999998,8294,0.01,6351843722.96875
3174,-18299329.125,7811,0.01,13460839224.40625
3175,-4423511.625,3841,0.01,8306093025.6875
3176,-7039279.25,4845,0.01,8194196985.0625
3177,-3665925.35,3497,0.01,3155600484.671875
3178,-2545145.85,2914,0.01,1664094008.90625
3179,-2010293.0,2590,0.01,1649519619.515625
3180,-19362071.375,8035,0.01,5900285137.40625
3181,-7446190.175,4983,0.01,7599068098.03125
3182,-7870381.925,5123,0.01,8922263657.5
3183,-10904351.125,6030,0.01,5811272929.15625
3184,-9073828.375,5501,0.01,4911273446.75
3185,-6084651.0,4505,0.01,4163824894.625
3186,-6287856.475,4579,0.01,3318733539.03125
3187,-3954799.975,3632,0.01,2282372550.828125
3188,-13087925.875,6606,0.01,4788534827.46875
3189,-8564134.85,5344,0.01,5637815949.84375
3190,-14552519.875,6966,0.01,8037821794.4375
3191,-23422801.725,8837,0.01,12391485308.0625
3192,-3219425.1,3277,0.01,8224531370.375
3193,-3605867.6750000003,3468,0.01,8559991501.25
3194,-2300695.25,2771,0.01,6594133295.0
3195,-8887578.35,5444,0.01,2990553964.578125
3196,-12803785.1,6534,0.01,5466318035.65625
3197,-2531256.25,2906,0.01,3900637897.46875
3198,-17735417.75,7690,0.01,9077647776.6875
3199,-7067359.0,4855,0.01,7291785024.375
3200,-5820358.0,4406,0.01,5819824254.03125
3201,-8262128.1,5249,0.01,3880190107.921875
3202,-8758625.475,5404,0.01,4648902600.28125
3203,-6989083.8,4828,0.01,4015329056.78125
3204,-6418140.25,4626,0.01,3208080600.9375
3205,-4652045.225,3939,0.01,2587085861.1875
3206,-4952023.975,4064,0.01,2571780338.203125
3207,-3915889.725,3614,0.01,1985020255.21875
3208,-7012400.5,4836,0.01,2822225471.921875
3209,-4884267.25,4036,0.01,2449607827.375
3210,-13663893.5,6750,0.01,4651023024.984375
3211,-16541814.1,7427,0.01,8084588069.4375
3212,-2993243.75,3160,0.01,5556568394.25
3213,-13692069.6,6757,0.01,6997669847.5625
3214,-4508609.425,3878,0.01,4342581367.0
3215,-14005719.475,6834,0.01,4849739283.921875
3216,-11993440.1,6324,0.01,6441941898.15625
3217,-19263614.849999998,8014,0.01,9180428722.15625
3218,-28649077.049999997,9773,0.01,15356031126.0
3219,-9403910.625,5600,0.01,10528930743.375
3220,-3428772.475,3382,0.01,8307404177.0
3221,-4331354.5,3801,0.01,3587975088.0
3222,-5520606.125,4291,0.01,2269173836.78125
3223,-2013567.975,2592,0.01,1492246478.609375
3224,-7398038.85,4967,0.01,3282289005.8125
3225,-4417585.975,3839,0.01,2828677046.28125
3226,-5187747.85,4159,0.01,2847746604.890625
3227,-31860870.624999996,10306,0.01,12527404281.90625
3228,-6146015.225,4527,0.01,12581690322.0625
3229,-4302277.8,3788,0.01,10832968698.0
3230,-8534543.1,5334,0.01,5194463003.8125
3231,-6790930.35,4759,0.01,3636390432.0
3232,-9225881.75,5546,0.01,4168819570.0
3233,-11766137.799999999,6263,0.01,5764105491.625
3234,-4996434.85,4082,0.01,5325793151.6875
3235,-6817090.425,4768,0.01,5005150327.125
3236,-1542534.6,2269,0.01,2063588087.28125
3237,-1977355.85,2569,0.01,1764675831.46875
3238,-1255646.475,2047,0.01,1051771391.734375
3239,-2946495.375,3135,0.01,1341452730.4375
3240,-3923456.225,3617,0.01,1049470253.875
3241,-7136096.675,4878,0.01,2218145113.796875
3242,-5845245.75,4415,0.01,2979077298.953125
3243,-19009007.375,7961,0.01,7239566295.21875
3244,-18916249.725,7942,0.01,10600966925.53125
3245,-9112116.975,5512,0.01,8421144244.34375
3246,-10905662.75,6030,0.01,5462868471.5625
3247,-6307670.625,4586,0.01,4664269377.65625
3248,-11331321.75,6146,0.01,6286877760.46875
3249,-6035665.5,4486,0.01,4773459338.6875
3250,-3756576.375,3540,0.01,3776959354.21875
3251,-4228650.625,3756,0.01,2882000930.984375
3252,-4808603.875,4005,0.01,1960831159.234375
3253,-3408452.6,3372,0.01,1960250911.375
3254,-3362375.475,3349,0.01,1686280962.25
3255,-4605642.0,3920,0.01,1994959073.46875
3256,-2699088.5,3001,0.01,1441407439.078125
3257,-14108773.475,6859,0.01,4418024085.34375
3258,-17082923.1,7547,0.01,9524829295.875
3259,-10666573.475,5964,0.01,8201673697.1875
3260,-4600239.225,3917,0.01,3959361067.28125
3261,-8695401.625,5385,0.01,3733257666.796875
3262,-3684910.125,3506,0.01,2450159738.0625
3263,-3163056.9250000003,3248,0.01,1871609761.84375
3264,-7064923.1,4854,0.01,2348459133.953125
3265,-11821009.049999999,6278,0.01,4351293962.34375
3266,-13824638.1,6789,0.01,6701281068.03125
3267,-6684375.625,4721,0.01,6130797345.09375
3268,-2574145.25,2930,0.01,4339106638.65625
3269,-8056856.675,5183,0.01,5826766913.625
3270,-8057928.05,5183,0.01,4696829765.5
3271,-4926946.05,4053,0.01,3643454258.28125
3272,-3261217.5500000003,3298,0.01,2968691473.21875
3273,-938706.875,1770,0.01,1555660122.125
3274,-2568699.475,2927,0.01,1818039778.5
3275,-4193833.125,3740,0.01,1764779820.015625
3276,-5568498.975,4309,0.01,1934742580.890625
3277,-13690916.0,6756,0.01,4603288143.890625
3278,-3911324.475,3612,0.01,4805535646.8125
3279,-15466570.5,7181,0.01,9067765921.6875
3280,-10826495.799999999,6008,0.01,7661420642.6875
3281,-2732629.475,3019,0.01,4441120002.125
3282,-2220548.85,2722,0.01,2720377504.046875
3283,-4452410.675,3853,0.01,1644017345.03125
3284,-4960105.975,4067,0.01,1812058248.015625
3285,-5839521.3,4413,0.01,2360153644.125
3286,-1228621.625,2025,0.01,1374968796.09375
3287,-941135.7999999999,1773,0.01,936997426.703125
3288,-8892915.25,5446,0.01,2805752607.984375
3289,-7016323.85,4837,0.01,4028647316.21875
3290,-8094104.125,5195,0.01,3769936936.6875
3291,-4691440.375,3956,0.01,3133807934.90625
3292,-1036199.5,1860,0.01,1364174876.0
3293,-6195024.0,4545,0.01,2513265847.59375
3294,-6653155.5,4710,0.01,2638464033.015625
3295,-408950.1,1169,0.01,798030440.75
3296,-13561814.725,6724,0.01,5442965224.03125
3297,-5851659.6,4417,0.01,6204122229.90625
3298,-10348234.475,5874,0.01,7529216990.5625
3299,-44546540.37499999,12186,0.01,19922722879.5625
3300,-3393504.625,3365,0.01,8035495645.625
3301,-11588666.25,6216,0.01,14942646409.34375
3302,-302301.375,1006,0.01,1657693305.5
3303,-2210753.375,2716,0.01,2357064603.3125
3304,-12746852.6,6519,0.01,5131437498.21875
3305,-8196549.05,5228,0.01,5595954796.46875
3306,-10422076.375,5895,0.01,6330467362.03125
3307,-39822793.974999994,11522,0.01,19495332446.25
3308,-10226220.85,5839,0.01,12753971303.78125
3309,-8100618.225,5197,0.01,19208342044.84375
3310,-3825037.6,3572,0.01,3808932920.8125
3311,-14150330.475,6869,0.01,6130581379.9375
3312,-4840960.425,4018,0.01,4821164696.34375
3313,-4608702.625,3921,0.01,4722598965.34375
3314,-5870818.75,4425,0.01,3706816286.390625
3315,-6894452.5,4795,0.01,2961898202.390625
3316,-4652006.975,3939,0.01,2744488489.65625
3317,-7190569.35,4897,0.01,3644084808.78125
3318,-10315410.0,5865,0.01,4402869153.5625
3319,-4011946.9250000003,3658,0.01,3483370111.96875
3320,-10241744.85,5844,0.01,5145858488.09375
3321,-885934.125,1720,0.01,1637600128.75
3322,-5357470.1,4227,0.01,3336773674.65625
3323,-18832500.35,7924,0.01,6438343642.9375
3324,-13810532.5,6786,0.01,8348591761.75
3325,-10037341.875,5785,0.01,7364046041.5625
3326,-5036812.6,4099,0.01,5562277832.25
3327,-18064416.625,7761,0.01,6484149817.59375
3328,-3146967.25,3240,0.01,5149834714.9375
3329,-3294333.75,3315,0.01,5250714918.4375
3330,-2792159.6,3052,0.01,4379154057.34375
3331,-4225263.6,3754,0.01,1862334429.53125
3332,-4204303.0,3745,0.01,1713202923.140625
3333,-18083422.25,7765,0.01,5410253136.75
3334,-7094287.1,4864,0.01,7774821781.0625
3335,-4762037.625,3985,0.01,7116722989.0625
3336,-4868765.35,4029,0.01,3435602370.078125
3337,-2689619.5,2995,0.01,2030279114.265625
3338,-15847172.225,7269,0.01,5141701141.171875
3339,-2066236.625,2626,0.01,3649565576.875
3340,-2131770.725,2667,0.01,3077462041.375
3341,-3922914.1,3617,0.01,4087623816.6875
3342,-8222295.375,5236,0.01,2411031756.59375
3343,-1390105.1,2154,0.01,1461773237.90625
3344,-9309413.875,5571,0.01,3917422558.96875
3345,-30686196.974999998,10114,0.01,13444304972.09375
3346,-6340141.55,4598,0.01,12708395037.1875
3347,-15027261.424999999,7078,0.01,17031867023.25
3348,-7042588.875,4846,0.01,6257934274.9375
3349,-3490756.475,3412,0.01,4811698420.75
3350,-4711991.35,3964,0.01,3830445081.671875
3351,-15399225.125,7165,0.01,5069336137.046875
3352,-10201689.225,5832,0.01,7698949506.125
3353,-6916463.35,4802,0.01,7579395280.09375
3354,-1847881.175,2483,0.01,2333862970.1875
3355,-5614268.475,4327,0.01,3331975869.828125
3356,-782168.375,1616,0.01,984453235.34375
3357,-2875052.1,3097,0.01,1902232550.84375
3358,-9859983.35,5734,0.01,3510563681.640625
3359,-10931333.725,6037,0.01,4515079228.90625
3360,-16029271.25,7310,0.01,7446048352.125
3361,-22747107.049999997,8708,0.01,13101273518.0625
3362,-10618263.0,5950,0.01,10591556380.53125
3363,-5381041.75,4236,0.01,9338326828.6875
3364,-13706393.25,6760,0.01,6536503094.09375
3365,-19370659.124999996,8036,0.01,9619910450.59375
3366,-17658872.924999997,7673,0.01,11099097689.4375
3367,-12322641.375,6410,0.01,9074428907.09375
3368,-1511006.25,2246,0.01,3950921431.3125
3369,-10841046.549999999,6013,0.01,5733926016.21875
3370,-2869201.1,3094,0.01,3343259441.125
3371,-2599320.5,2945,0.01,2546320461.59375
3372,-6816558.3,4768,0.01,2632645607.453125
3373,-1392712.0,2156,0.01,1261682235.546875
3374,-18032310.1,7754,0.01,5016582413.046875
3375,-6695117.25,4725,0.01,6464125624.5
3376,-4541707.85,3892,0.01,4103212890.21875
3377,-7618709.125,5040,0.01,3671621386.65625
3378,-1406475.875,2166,0.01,1669652754.625
3379,-5313289.6,4209,0.01,2776971118.46875
3380,-8001021.125,5165,0.01,3503163263.75
3381,-5490239.225,4279,0.01,3262676443.8125
3382,-1295230.35,2079,0.01,1746749453.125
3383,-7494099.6,4999,0.01,2785660669.859375
3384,-4261393.75,3770,0.01,2788895188.9375
3385,-10699908.299999999,5973,0.01,4127265203.34375
3386,-3453644.475,3394,0.01,3304223234.71875
3387,-12837062.85,6542,0.01,5178259159.25
3388,-20306272.049999997,8228,0.01,9387299416.625
3389,-7102655.725,4867,0.01,7944464110.40625
3390,-9805792.174999999,5718,0.01,8554019591.84375
3391,-13648743.375,6746,0.01,6198635696.375
3392,-12394544.35,6429,0.01,7552485453.78125
3393,-6980578.875,4825,0.01,7163815911.46875
3394,-10221889.049999999,5838,0.01,6680657132.25
3395,-9163395.299999999,5528,0.01,5421121129.40625
3396,-22225520.299999997,8608,0.01,10321278415.28125
3397,-22639693.424999997,8688,0.01,18033322408.8125
3398,-10911107.225,6032,0.01,11226819256.59375
3399,-8557101.475,5342,0.01,10321168389.9375
3400,-6034336.75,4486,0.01,5317669613.46875
3401,-3557972.625,3445,0.01,3268196027.34375
3402,-850095.75,1685,0.01,1777278045.84375
3403,-4529681.6,3887,0.01,2405265718.03125
3404,-4867384.475,4029,0.01,1969242911.734375
3405,-18646528.5,7885,0.01,6117514854.5625
3406,-29840954.599999998,9974,0.01,17479142758.125
3407,-3282044.85,3309,0.01,7078556099.125
3408,-36869618.475,11087,0.01,18947323442.9375
3409,-4349422.725,3809,0.01,7474666574.25
3410,-4628162.975,3929,0.01,3853747019.953125
3411,-7039260.75,4845,0.01,3100977594.5625
3412,-11052366.625,6071,0.01,4272111581.609375
3413,-2327627.6,2787,0.01,2671009157.46875
3414,-16917272.499999996,7510,0.01,6414080760.078125
3415,-11086790.5,6080,0.01,6696116361.6875
3416,-7032353.1,4842,0.01,4890142112.09375
3417,-13179092.975,6629,0.01,5494500808.03125
3418,-2468470.875,2870,0.01,3257572336.375
3419,-3863780.375,3590,0.01,4370925348.0625
3420,-2090441.75,2641,0.01,3316998231.0625
3421,-9506131.25,5630,0.01,2887758473.953125
3422,-4690208.125,3955,0.01,3206272201.5
3423,-5083147.35,4117,0.01,3093612796.0
3424,-8259403.8,5248,0.01,3547929201.9375
3425,-6665988.725,4714,0.01,3688067653.90625
3426,-4010124.1,3657,0.01,2829092412.59375
3427,-1341584.875,2116,0.01,1924322789.21875
3428,-17358919.099999998,7607,0.01,6413711422.84375
3429,-26729693.125,9440,0.01,15469556378.375
3430,-3804242.475,3562,0.01,7253562042.8125
3431,-2385961.25,2821,0.01,7331398309.625
3432,-1199477.125,2001,0.01,4843823742.4375
3433,-3657774.3000000003,3493,0.01,2831920418.0
3434,-2392503.875,2825,0.01,1161324208.09375
3435,-7330652.725,4944,0.01,1962605391.0625
3436,-2252018.875,2741,0.01,1903185460.1875
3437,-15050490.975,7084,0.01,4837082098.234375
3438,-9909996.424999999,5748,0.01,6809073228.4375
3439,-3563299.6,3447,0.01,3435572012.5625
3440,-5263694.0,4190,0.01,3918324522.34375
3441,-4017688.375,3661,0.01,2643604757.703125
3442,-6926975.25,4806,0.01,2540347324.578125
3443,-13912667.0,6811,0.01,4904374533.859375
3444,-10853741.5,6016,0.01,6927754724.1875
3445,-19037041.225,7967,0.01,9784035679.0
3446,-12647542.475,6494,0.01,10321218467.34375
3447,-5871262.5,4425,0.01,7713733087.40625
3448,-3775667.225,3549,0.01,3374676246.375
3449,-12935308.475,6567,0.01,4973522181.4375
3450,-8335646.35,5272,0.01,5303143389.6875
3451,-10943738.875,6041,0.01,5254328586.53125
3452,-1711619.25,2390,0.01,2258785600.59375
3453,-3392634.975,3364,0.01,2500401781.96875
3454,-5229857.0,4176,0.01,1767600060.796875
3455,-8143622.375,5211,0.01,2561473358.84375
3456,-3493835.85,3414,0.01,2374080162.375
3457,-7658965.35,5054,0.01,3281521229.40625
3458,-23513593.724999998,8854,0.01,8442475080.171875
3459,-5778756.75,4390,0.01,7927254386.8125
3460,-7528479.375,5010,0.01,8815213531.25
3461,-3731475.8000000003,3528,0.01,2750491794.03125
3462,-12158169.35,6367,0.01,4182809324.703125
3463,-2845933.625,3081,0.01,3224420513.03125
3464,-18255116.124999996,7801,0.01,7979748360.4375
3465,-6925544.0,4806,0.01,7075720568.1875
3466,-8541638.35,5337,0.01,6804192076.0
3467,-3478721.125,3406,0.01,3130273778.75
3468,-12071502.35,6344,0.01,4962226700.0
3469,-10900205.725,6029,0.01,6249192550.71875
3470,-4070521.625,3685,0.01,4372082097.3125
3471,-4836185.25,4016,0.01,2875301307.546875
3472,-910575.975,1744,0.01,1168774300.84375
3473,-1123542.225,1937,0.01,898316613.15625
3474,-1975795.425,2568,0.01,856881178.140625
3475,-2706981.625,3005,0.01,803298035.359375
3476,-10934406.299999999,6038,0.01,2481141017.640625
3477,-10288432.225,5857,0.01,5699881245.40625
3478,-5165078.0,4150,0.01,4562836007.4375
3479,-4352251.125,3810,0.01,3447307143.3125
3480,-2827925.875,3071,0.01,2296847453.28125
3481,-19002546.474999998,7959,0.01,6004759688.65625
3482,-7204003.25,4901,0.01,7207588735.6875
3483,-8856899.975,5434,0.01,6565095406.75
3484,-4836674.75,4016,0.01,3630477031.125
3485,-9968725.25,5765,0.01,4821706982.21875
3486,-1189269.975,1992,0.01,1808139221.28125
3487,-6718403.925,4733,0.01,4297037395.65625
3488,-2285472.5,2761,0.01,2721050406.4375
3489,-11485595.049999999,6188,0.01,4479991269.765625
3490,-6817218.425,4768,0.01,5663619095.0625
3491,-9359318.75,5586,0.01,6217744760.34375
3492,-13032295.6,6592,0.01,5643893655.375
3493,-9341884.25,5581,0.01,7314606392.71875
3494,-6579342.85,4684,0.01,5255647244.0625
3495,-5535963.225,4297,0.01,2847211158.59375
3496,-10449405.975,5902,0.01,3792999771.734375
3497,-11561145.475,6209,0.01,4758913448.4375
3498,-5467194.375,4270,0.01,4796571239.125
3499,-13156892.174999999,6623,0.01,5537334374.796875
3500,-9746446.0,5701,0.01,6342751855.3125
3501,-4618574.625,3925,0.01,4820079921.6875
3502,-8551130.5,5340,0.01,4040927396.0625
3503,-1864523.225,2494,0.01,2308997586.46875
3504,-13200835.975,6634,0.01,5763770176.578125
3505,-8044011.1,5179,0.01,6060011919.875
3506,-2252239.5,2741,0.01,3508666044.75
3507,-8453443.225,5309,0.01,5681966972.03125
3508,-4730489.1,3972,0.01,3626236329.0
3509,-1482926.25,2225,0.01,1833407647.8125
3510,-1995091.875,2580,0.01,1999548324.265625
3511,-3322848.35,3329,0.01,1543537828.71875
3512,-5195099.225,4162,0.01,1566517783.375
3513,-11638649.475,6229,0.01,3498034328.875
3514,-2411025.125,2836,0.01,2764060013.71875
3515,-8488348.125,5320,0.01,5315102947.8125
3516,-2558492.75,2921,0.01,3022490393.375
3517,-12106957.549999999,6353,0.01,4553285901.890625
3518,-18895727.224999998,7937,0.01,8964604686.875
3519,-15187756.625,7116,0.01,10494631365.34375
3520,-2500669.9250000003,2888,0.01,5029924829.25
3521,-9009891.25,5481,0.01,8829696402.25
3522,-9042705.0,5491,0.01,5770567169.90625
3523,-1455784.85,2204,0.01,2394120515.59375
3524,-3277365.625,3306,0.01,3857068644.4375
3525,-6721311.725,4734,0.01,3752023448.8125
3526,-7563571.85,5022,0.01,3219081687.9375
3527,-9248504.799999999,5553,0.01,4721217309.15625
3528,-28121465.599999998,9682,0.01,12122068380.96875
3529,-10267623.375,5851,0.01,12073492356.84375
3530,-4185736.875,3736,0.01,11444636942.375
3531,-9460122.875,5616,0.01,6288679540.484375
3532,-4687588.6,3954,0.01,3659142658.5625
3533,-20192350.625,8205,0.01,8399505898.3125
3534,-3325714.0,3330,0.01,6411952596.4375
3535,-11212473.225,6114,0.01,12678365906.3125
3536,-3030096.975,3179,0.01,3880276762.75
3537,-4012749.9250000003,3658,0.01,3814246386.65625
3538,-3934996.4250000003,3623,0.01,3346860015.953125
3539,-1592789.625,2306,0.01,962323098.75
3540,-4917010.75,4050,0.01,1565452925.0546875
3541,-1927291.625,2536,0.01,1163885079.28125
3542,-7736180.1,5079,0.01,2303709223.140625
3543,-4927002.85,4054,0.01,3105418529.75
3544,-11775375.125,6266,0.01,4206980303.484375
3545,-6331055.0,4595,0.01,4726486316.625
3546,-4481268.0,3866,0.01,4273534038.25
3547,-2038700.55,2608,0.01,2097369688.328125
3548,-8028610.975,5174,0.01,2788427364.265625
3549,-3571067.5,3451,0.01,2488979492.09375
3550,-7369097.6,4957,0.01,3098827277.34375
3551,-4592660.475,3914,0.01,2518005557.171875
3552,-3409524.225,3372,0.01,2010378748.71875
3553,-5224929.35,4174,0.01,2514844469.453125
3554,-7951869.35,5149,0.01,2865704479.203125
3555,-33185160.299999997,10518,0.01,13679990503.625
3556,-10075156.375,5796,0.01,10505676549.5625
3557,-9187355.875,5535,0.01,5999294632.15625
3558,-1536936.0,2265,0.01,2394447340.4375
3559,-11085848.25,6080,0.01,5806795515.78125
3560,-9719842.549999999,5693,0.01,5743746968.5
3561,-9341924.0,5581,0.01,5728614555.8125
3562,-17111996.424999997,7553,0.01,7532494663.4375
3563,-13897486.6,6807,0.01,10912401427.4375
3564,-8471303.5,5315,0.01,8180978124.4375
3565,-6389310.125,4616,0.01,5234898996.59375
3566,-11310991.125,6141,0.01,4738199207.5625
3567,-16503668.299999999,7418,0.01,7470300562.21875
3568,-3337872.225,3337,0.01,4895399515.0
3569,-4845190.125,4020,0.01,2738356753.625
3570,-3902002.3000000003,3608,0.01,2047700538.59375
3571,-5331599.475,4217,0.01,2162920289.5
3572,-9976760.424999999,5768,0.01,3251434455.421875
3573,-8468551.475,5314,0.01,4866194848.875
3574,-12372739.799999999,6423,0.01,5024274510.40625
3575,-10224746.475,5839,0.01,5961191272.375
3576,-13352834.424999999,6673,0.01,6749106955.65625
3577,-3044175.725,3187,0.01,4502726476.25
3578,-1213475.925,2013,0.01,2619657521.0
3579,-8635355.75,5366,0.01,6613762266.625
3580,-3857558.225,3587,0.01,2813815021.03125
3581,-7109649.975,4869,0.01,3779739124.28125
3582,-9454902.0,5615,0.01,4018256571.90625
3583,-7173641.375,4891,0.01,4136946552.46875
3584,-8644972.975,5369,0.01,4322944260.46875
3585,-3985092.0,3646,0.01,2954536092.78125
3586,-756314.475,1589,0.01,1226840341.625
3587,-7485164.0,4996,0.01,2123604666.8125
3588,-1391429.25,2155,0.01,1329005318.015625
3589,-9732897.225,5697,0.01,3399412284.1875
3590,-4489066.725,3869,0.01,3432207646.71875
3591,-2680682.25,2990,0.01,1899023599.0
3592,-2167737.85,2689,0.01,1338173580.75
3593,-3228973.35,3282,0.01,1457405548.4375
3594,-8089339.225,5194,0.01,2245846867.375
3595,-2652108.975,2974,0.01,2142196503.0625
3596,-13984527.549999999,6828,0.01,4616763131.453125
3597,-7580751.925,5028,0.01,5841204083.8125
3598,-11581743.475,6214,0.01,5267694068.03125
3599,-8481801.674999999,5318,0.01,5304776738.6875
3600,-5364177.0,4230,0.01,4566481615.53125
3601,-5572526.25,4311,0.01,2818451888.015625
3602,-3177430.75,3256,0.01,2082231091.84375
3603,-3222260.6,3279,0.01,1711104916.203125
3604,-3168761.5,3251,0.01,1226130780.0
3605,-2603133.475,2947,0.01,1186085792.90625
3606,-3089887.625,3210,0.01,1080778081.71875
3607,-4422103.75,3840,0.01,1301856822.171875
3608,-6940961.625,4811,0.01,2115844150.875
3609,-8271289.85,5252,0.01,3480398329.0625
3610,-2103379.1,2649,0.01,2002053025.9375
3611,-4924563.05,4053,0.01,2631920792.265625
3612,-4858920.375,4025,0.01,2049764621.046875
3613,-6468143.725,4644,0.01,2482361435.828125
3614,-1355541.975,2127,0.01,1362023797.9375
3615,-2169332.125,2690,0.01,1545657714.03125
3616,-1880068.975,2504,0.01,1172776542.90625
3617,-2948658.75,3136,0.01,1125005458.21875
3618,-4186843.975,3737,0.01,1192617102.359375
3619,-4461747.925,3858,0.01,1628849588.8125
3620,-4854366.225,4024,0.01,2006852612.703125
3621,-7683289.35,5062,0.01,3055130979.6875
3622,-2833546.25,3075,0.01,2105158961.90625
3623,-2436907.725,2852,0.01,1707461241.375
3624,-10454136.35,5904,0.01,2716810474.984375
3625,-20373379.6,8242,0.01,8299161102.0625
3626,-3172759.9250000003,3253,0.01,6224522721.1875
3627,-1045982.6,1869,0.01,2500181585.03125
3628,-4520930.925,3883,0.01,3196958307.90625
3629,-7867419.475,5122,0.01,2330161658.21875
3630,-6873753.675,4788,0.01,3407183330.71875
3631,-5758772.1,4382,0.01,3283893532.09375
3632,-22054752.0,8575,0.01,7613458691.0625
3633,-7347967.0,4950,0.01,9079314895.1875
3634,-8012979.225,5169,0.01,11098403913.90625
3635,-6567802.75,4680,0.01,3686206638.59375
3636,-6878418.35,4789,0.01,3644424899.90625
3637,-6334535.25,4596,0.01,3171793704.3125
3638,-552331.475,1359,0.01,1124181257.96875
3639,-4382430.8,3823,0.01,2627240229.71875
3640,-1671852.85,2362,0.01,1404360750.625
3641,-1856903.975,2489,0.01,1501892151.28125
3642,-3679147.8000000003,3503,0.01,1150405210.6328125
3643,-3488530.25,3411,0.01,1117204671.78125
3644,-5788194.725,4394,0.01,1666675533.796875
3645,-9627248.625,5666,0.01,3278397359.25
3646,-15717817.85,7239,0.01,6368594763.625
3647,-13712256.6,6762,0.01,9743742647.25
3648,-6785147.85,4757,0.01,7267776996.03125
3649,-18456730.5,7845,0.01,9193400785.78125
3650,-13756504.299999999,6773,0.01,8645314191.5625
3651,-6411729.85,4624,0.01,5316426966.21875
3652,-12250628.875,6391,0.01,7366963331.21875
3653,-3106404.35,3219,0.01,3779958846.1875
3654,-2810606.975,3062,0.01,3899307158.15625
3655,-3354259.875,3345,0.01,4533364157.59375
3656,-11298507.424999999,6138,0.01,3082198720.78125
3657,-1117961.975,1932,0.01,2014372914.75
3658,-6939986.5,4811,0.01,4891560538.8125
3659,-6221987.625,4555,0.01,4774907385.75
3660,-11333903.725,6147,0.01,4428791545.28125
3661,-6149334.225,4529,0.01,3745471497.46875
3662,-17188714.624999996,7570,0.01,6709843837.828125
3663,-20481190.799999997,8263,0.01,12096593153.0625
3664,-15368585.924999999,7158,0.01,10286621938.0
3665,-5119003.475,4132,0.01,6159976687.375
3666,-11663418.75,6236,0.01,8574390259.625
3667,-8065678.125,5186,0.01,5548234973.53125
3668,-12292993.85,6402,0.01,7489491436.3125
3669,-6389216.75,4616,0.01,5515266147.75
3670,-3116290.725,3224,0.01,3636175520.1875
3671,-4267866.425,3773,0.01,3197527785.3125
3672,-5388298.85,4239,0.01,2351218448.921875
3673,-14083675.225,6852,0.01,4669210403.234375
3674,-4149038.875,3720,0.01,4702391976.9375
3675,-1926752.0,2536,0.01,2855839493.75
3676,-12737740.6,6517,0.01,5363378739.234375
3677,-4806830.6,4004,0.01,4407427236.53125
3678,-21568078.0,8480,0.01,7355359434.234375
3679,-6071996.0,4500,0.01,7693838955.21875
3680,-18393660.749999996,7831,0.01,7354726283.0
3681,-30750386.499999996,10125,0.01,15876839806.71875
3682,-16650136.875,7451,0.01,15137916984.34375
3683,-9894356.35,5744,0.01,10538173208.9375
3684,-2398766.725,2829,0.01,3840151714.875
3685,-7778613.8,5093,0.01,5070018352.65625
3686,-7165429.175,4888,0.01,4171895708.625
3687,-4910673.725,4047,0.01,2868772999.6875
3688,-5475422.175,4273,0.01,3174213855.9375
3689,-3176295.0,3255,0.01,2280277412.765625
3690,-5584395.5,4316,0.01,2201381799.171875
3691,-652131.0,1476,0.01,786077336.046875
3692,-4049415.0,3675,0.01,1802496847.640625
3693,-4131197.35,3712,0.01,1893872170.53125
3694,-19436834.749999996,8050,0.01,5867036405.3125
3695,-23199448.375,8795,0.01,13446430741.9375
3696,-12175835.725,6372,0.01,10147491018.40625
3697,-6221587.375,4555,0.01,7645157825.34375
3698,-27543625.8,9583,0.01,12069034431.34375
3699,-20752858.299999997,8318,0.01,12568789877.28125
3700,-5823401.85,4407,0.01,7413107847.5
3701,-14957891.975,7062,0.01,5431775860.59375
3702,-5169193.975,4152,0.01,5553792892.5
3703,-8597061.475,5354,0.01,6490469619.28125
3704,-2346331.8000000003,2798,0.01,2251994981.40625
3705,-21834034.724999998,8532,0.01,7557625830.375
3706,-10388079.0,5885,0.01,9656657066.3125
3707,-4569135.6,3904,0.01,5139602774.90625
3708,-2091601.85,2642,0.01,2548661728.96875
3709,-10998682.125,6056,0.01,4338188716.640625
3710,-7407988.375,4970,0.01,4726554472.78125
3711,-14358851.475,6919,0.01,5933134371.46875
3712,-10513814.875,5921,0.01,6509362580.53125
3713,-2112969.875,2655,0.01,3894633122.375
3714,-4388961.0,3826,0.01,4917337198.5625
3715,-2002253.375,2585,0.01,2739583358.71875
3716,-8221218.875,5236,0.01,2883208422.75
3717,-5348612.55,4223,0.01,3129141594.96875
3718,-6957526.85,4817,0.01,3099183488.28125
3719,-18243997.349999998,7799,0.01,6836307509.703125
3720,-21677723.374999996,8501,0.01,12056372093.4375
3721,-6203604.8,4548,0.01,8588391523.5625
3722,-2972945.85,3149,0.01,6749780324.75
3723,-4756321.35,3982,0.01,4872596676.4375
3724,-2776087.1750000003,3043,0.01,1854117464.390625
3725,-14879210.924999999,7043,0.01,4590261326.40625
3726,-15608718.1,7214,0.01,8860244752.09375
3727,-3473956.725,3404,0.01,5541443549.375
3728,-3108370.0,3220,0.01,4368444325.9375
3729,-17007246.374999996,7530,0.01,7617082902.328125
3730,-7718876.8,5073,0.01,6433828695.0625
3731,-3003555.5,3165,0.01,3895652153.71875
3732,-10034718.475,5784,0.01,4739159051.515625
3733,-15131802.924999999,7103,0.01,6854390489.71875
3734,-4777468.725,3992,0.01,5951014074.9375
3735,-12288466.5,6401,0.01,8342960854.40625
3736,-6430506.25,4631,0.01,4839946734.15625
3737,-8144373.375,5211,0.01,4084415072.671875
3738,-10878304.299999999,6023,0.01,4884980211.515625
3739,-3646874.6750000003,3488,0.01,3654368761.0625
3740,-6712011.125,4731,0.01,4377348058.125
3741,-6329409.975,4594,0.01,3374128487.125
3742,-8878877.25,5441,0.01,4101965708.359375
3743,-2213676.8000000003,2718,0.01,2158347054.3125
3744,-6614315.225,4697,0.01,3563037271.78125
3745,-3665675.85,3497,0.01,2695333676.71875
3746,-2834364.875,3075,0.01,1929790560.984375
3747,-3485437.375,3410,0.01,1992216214.390625
3748,-13293368.674999999,6658,0.01,3644803683.0
3749,-20445333.874999996,8256,0.01,9709085522.25
3750,-9482824.049999999,5623,0.01,9778222304.75
3751,-5840056.8,4413,0.01,9380423561.28125
3752,-6045135.85,4489,0.01,5019370473.625
3753,-6178496.475,4539,0.01,3387968868.875
3754,-4031665.725,3667,0.01,2602851802.421875
3755,-7687292.55,5063,0.01,3339135806.015625
3756,-1284920.625,2071,0.01,1673016670.375
3757,-3704192.375,3515,0.01,2336464600.28125
3758,-5863715.85,4422,0.01,2345683439.3125
3759,-10210274.875,5835,0.01,3350229209.6875
3760,-11775592.5,6266,0.01,5579822618.0
3761,-10398662.549999999,5888,0.01,6193319227.78125
3762,-17261725.749999996,7586,0.01,9595981448.75
3763,-3696715.5,3511,0.01,6300002169.53125
3764,-6389045.75,4616,0.01,8858916097.4375
3765,-1563657.475,2284,0.01,2974312273.203125
3766,-1467730.425,2213,0.01,1551168217.421875
3767,-9874082.049999999,5738,0.01,3915704753.03125
3768,-12275852.924999999,6398,0.01,5836719043.15625
3769,-5952465.0,4455,0.01,5008803998.34375
3770,-1292192.6,2077,0.01,1838986494.96875
3771,-10863527.549999999,6018,0.01,5874588530.6875
3772,-6380196.05,4613,0.01,5065619980.75
3773,-3376280.625,3356,0.01,3119708434.09375
3774,-3171452.8000000003,3253,0.01,2812275310.59375
3775,-3814522.475,3567,0.01,1952926807.09375
3776,-8524348.225,5332,0.01,2538584948.109375
3777,-18582346.249999996,7871,0.01,6670777860.40625
3778,-8957603.5,5465,0.01,8144028049.46875
3779,-7852063.1,5117,0.01,8510554485.875
3780,-7318251.625,4940,0.01,4367326258.09375
3781,-8735226.1,5397,0.01,3659598720.21875
3782,-10597020.6,5944,0.01,5111670163.46875
3783,-10608116.475,5947,0.01,6004003536.125
3784,-11405359.975,6167,0.01,6821626727.0
3785,-13092422.85,6607,0.01,6933265154.59375
3786,-7082827.625,4860,0.01,5762688522.71875
3787,-4227680.625,3755,0.01,4855120142.03125
3788,-2825984.5,3070,0.01,2853953659.1875
3789,-3577085.35,3454,0.01,2199309568.609375
3790,-5069285.6,4112,0.01,1890747953.53125
3791,-4733684.85,3974,0.01,1913342720.078125
3792,-2083827.725,2637,0.01,1380412218.65625
3793,-4964524.35,4069,0.01,2101529612.140625
3794,-2796287.6,3054,0.01,1665473624.59375
3795,-2893542.975,3107,0.01,1463439208.078125
3796,-10970669.174999999,6048,0.01,3196205556.125
3797,-6652111.25,4710,0.01,4601351042.3125
3798,-5863715.975,4422,0.01,4789056461.0625
3799,-5889816.475,4432,0.01,3111621141.984375
3800,-1446868.725,2197,0.01,1638671161.1875
3801,-5136153.85,4139,0.01,2455321809.484375
3802,-4236299.6,3759,0.01,1839597584.796875
3803,-6617989.425,4698,0.01,2391521277.859375
3804,-3000999.1,3164,0.01,1913599696.765625
3805,-4672117.225,3947,0.01,2327674952.90625
3806,-11830594.0,6280,0.01,4323411166.21875
3807,-7727352.75,5076,0.01,5056595721.25
3808,-7120610.925,4873,0.01,4009029780.6875
3809,-1846283.1,2482,0.01,1967827083.15625
3810,-3273890.625,3305,0.01,2191032339.140625
3811,-5469334.625,4271,0.01,1616114078.0625
3812,-2644846.625,2971,0.01,1368338261.15625
3813,-16665023.35,7454,0.01,5143520137.984375
3814,-10259749.725,5849,0.01,7023338856.40625
3815,-24450478.049999997,9028,0.01,10890560694.1875
3816,-13266609.0,6651,0.01,10387330291.65625
3817,-26004063.25,9311,0.01,13133862418.09375
3818,-5067923.625,4111,0.01,7719691000.5
3819,-11877200.174999999,6293,0.01,10202418465.28125
3820,-4657625.125,3941,0.01,4090627374.78125
3821,-5286113.05,4198,0.01,2883276932.328125
3822,-4692981.5,3956,0.01,2445594348.953125
3823,-4742135.975,3977,0.01,2422059966.390625
3824,-662031.225,1487,0.01,925090161.65625
3825,-7190541.6,4897,0.01,2712632750.984375
3826,-6060424.25,4496,0.01,3039252286.46875
3827,-9737530.924999999,5698,0.01,3848113376.65625
3828,-9627528.875,5666,0.01,4837013318.28125
3829,-8944734.875,5461,0.01,5343637310.9375
3830,-19510584.999999996,8065,0.01,8577071920.46875
3831,-5808426.875,4401,0.01,7364888123.625
3832,-4782844.6,3994,0.01,4036239849.5
3833,-2783160.35,3047,0.01,2408002049.234375
3834,-5688408.0,4356,0.01,2461052009.484375
3835,-6395907.675,4618,0.01,2550142630.875
3836,-1973575.0,2566,0.01,1719188177.265625
3837,-5618709.475,4329,0.01,2510767342.421875
3838,-2050207.5,2616,0.01,1666231691.046875
3839,-2932658.0500000003,3128,0.01,1504777314.890625
3840,-4571763.25,3905,0.01,1481153347.21875
3841,-379366.0,1126,0.01,463393518.65625
3842,-1580081.375,2296,0.01,1002387999.796875
3843,-3813375.75,3566,0.01,1354693754.84375
3844,-3001029.85,3164,0.01,1399929984.9375
3845,-7276492.0,4926,0.01,1935822385.65625
3846,-3344331.625,3340,0.01,1999487688.03125
3847,-306405.175,1013,0.01,631853026.5625
3848,-4566899.55,3903,0.01,1887114329.8125
3849,-1262927.55,2053,0.01,958907445.890625
3850,-18838086.874999996,7925,0.01,6333718980.03125
3851,-2695762.725,2999,0.01,5137178763.1875
3852,-6096935.35,4509,0.01,3488306084.40625
3853,-2823706.85,3069,0.01,2052139889.84375
3854,-2727480.625,3016,0.01,1634464453.703125
3855,-4703176.375,3960,0.01,1797786000.84375
3856,-4914655.975,4049,0.01,1753774010.53125
3857,-3827027.6750000003,3573,0.01,1867683403.640625
3858,-6728512.475,4737,0.01,2597619038.390625
3859,-1475104.475,2219,0.01,1627875157.25
3860,-6264907.625,4571,0.01,2459601960.640625
3861,-5782004.125,4391,0.01,2608799943.046875
3862,-10410632.85,5892,0.01,3778421688.15625
3863,-1034848.6,1859,0.01,1639337177.90625
3864,-24679403.75,9071,0.01,9588053950.75
3865,-10490014.475,5914,0.01,11531139877.3125
3866,-7163646.8,4888,0.01,9897546165.53125
3867,-3661754.375,3495,0.01,2295324329.234375
3868,-5339052.25,4220,0.01,2537691574.421875
3869,-3626326.4250000003,3478,0.01,2212325963.859375
3870,-4823859.125,4011,0.01,1997762317.3125
3871,-3043593.975,3187,0.01,1644133675.890625
3872,-5299179.6,4204,0.01,1768948402.265625
3873,-2656530.35,2977,0.01,1446118201.4375
3874,-1353053.875,2125,0.01,953161026.75
3875,-20122220.25,8191,0.01,6914489295.125
3876,-5504192.0,4285,0.01,6858092151.4375
3877,-8929892.225,5457,0.01,7843357780.75
3878,-4039917.5,3671,0.01,3188398747.3125
3879,-9709812.5,5690,0.01,4869890817.6875
3880,-3112680.475,3222,0.01,2704990706.4375
3881,-6044008.25,4490,0.01,3227691142.234375
3882,-1177668.675,1983,0.01,1643231260.28125
3883,-3071833.5,3201,0.01,1640817087.140625
3884,-2159243.1,2684,0.01,1340568686.96875
3885,-8922853.75,5455,0.01,2452732829.1328125
3886,-3356429.625,3346,0.01,2566188067.25
3887,-7677572.25,5060,0.01,4100871998.65625
3888,-7175399.975,4892,0.01,3937157322.15625
3889,-3181871.3000000003,3258,0.01,2586259698.4375
3890,-13270020.35,6652,0.01,5393218060.875
3891,-2580626.225,2934,0.01,3767243430.875
3892,-5868372.225,4424,0.01,5072597626.6875
3893,-11842636.975,6284,0.01,5540806670.53125
3894,-11933737.049999999,6308,0.01,6682805382.84375
3895,-4191287.85,3739,0.01,5472905409.6875
3896,-7753585.0,5085,0.01,5400638182.25
3897,-6322477.25,4591,0.01,3786078402.46875
3898,-2234885.875,2731,0.01,1840162545.65625
3899,-9637402.85,5669,0.01,3060826284.71875
3900,-14657919.5,6991,0.01,5951987414.0625
3901,-5201447.625,4165,0.01,5666281023.5625
3902,-5523130.85,4292,0.01,4311516866.25
3903,-4929870.5,4055,0.01,2793685059.296875
3904,-2619960.0,2956,0.01,1841363219.171875
3905,-30993433.124999996,10165,0.01,11063598464.609375
3906,-16155652.725,7339,0.01,11888442751.4375
3907,-5858932.375,4420,0.01,7822817478.25
3908,-8451869.424999999,5308,0.01,8968495041.5625
3909,-3572653.975,3452,0.01,2934893115.09375
3910,-2165567.4250000003,2688,0.01,2019565433.21875
3911,-15896168.375,7280,0.01,5136813189.6875
3912,-18120355.55,7773,0.01,9146597702.84375
3913,-1357196.55,2128,0.01,3710908642.875
3914,-9748247.875,5701,0.01,7518373702.96875
3915,-8322243.3,5268,0.01,6103440382.90625
3916,-12952020.35,6572,0.01,5725515870.5
3917,-7266336.675,4923,0.01,5440753333.6875
3918,-6719281.35,4734,0.01,4383993688.9375
3919,-1965402.25,2561,0.01,1920470638.65625
3920,-3420655.9250000003,3378,0.01,2136719240.484375
3921,-1742998.725,2412,0.01,878325679.578125
3922,-3210915.725,3272,0.01,1120803667.625
3923,-2295202.225,2767,0.01,1056283001.59375
3924,-11182415.25,6106,0.01,2934454220.359375
3925,-4389111.875,3826,0.01,3844506171.40625
3926,-21723803.249999996,8510,0.01,9569562093.9375
3927,-10635052.5,5955,0.01,9769982565.375
3928,-17828568.375,7710,0.01,9191531392.0625
3929,-10059070.75,5791,0.01,8926685867.84375
3930,-10311801.299999999,5863,0.01,10244862888.53125
3931,-2617585.5,2955,0.01,3836981653.1875
3932,-4424893.975,3842,0.01,3320606759.296875
3933,-3304657.125,3320,0.01,2015780213.765625
3934,-4012136.8000000003,3658,0.01,1583033308.671875
3935,-3429635.85,3382,0.01,1494005598.203125
3936,-6801876.35,4762,0.01,2302306387.015625
3937,-3856433.125,3586,0.01,2196526728.28125
3938,-8443738.5,5306,0.01,2972208848.828125
3939,-6639901.875,4705,0.01,3643977056.09375
3940,-5866610.425,4423,0.01,3358778746.875
3941,-8900318.799999999,5448,0.01,4252529941.78125
3942,-6889064.925,4793,0.01,3968575578.0625
3943,-19277777.849999998,8017,0.01,7007770531.6875
3944,-4072384.625,3686,0.01,6076408511.125
3945,-3640124.875,3485,0.01,3557819892.875
3946,-4395602.1,3829,0.01,2648880578.328125
3947,-1646757.475,2344,0.01,1334757278.59375
3948,-2482967.0500000003,2878,0.01,1343465243.40625
3949,-1378971.875,2145,0.01,856415190.359375
3950,-7841578.175,5113,0.01,2003289884.6640625
3951,-5521884.125,4291,0.01,3034651056.5
3952,-4202941.975,3744,0.01,2439015483.203125
3953,-5027876.375,4095,0.01,2611931189.84375
3954,-722806.1,1554,0.01,1152679014.46875
3955,-4740796.0,3976,0.01,2374929664.984375
3956,-11397414.35,6164,0.01,3971406514.015625
3957,-5290068.75,4200,0.01,4033283116.03125
3958,-2911029.375,3116,0.01,3196678237.625
3959,-2822357.5500000003,3068,0.01,2908661837.90625
3960,-2815045.625,3065,0.01,1583430838.40625
3961,-1938507.425,2543,0.01,977614280.015625
3962,-2190132.4250000003,2703,0.01,988932450.4921875
3963,-879191.4249999999,1713,0.01,600134306.40625
3964,-2561471.5500000003,2923,0.01,861566213.3828125
3965,-3530949.1,3432,0.01,963674751.0625
3966,-5099728.725,4124,0.01,1473593129.71875
3967,-14084420.299999999,6853,0.01,4302511783.3125
3968,-5831017.0,4410,0.01,5156726726.8125
3969,-19489000.875,8061,0.01,7263650130.609375
3970,-15648741.424999999,7223,0.01,10041594164.59375
3971,-4795930.975,3999,0.01,5725155155.5
3972,-2565608.75,2925,0.01,3892161478.0
3973,-5679596.475,4352,0.01,4203970109.109375
3974,-17947062.375,7736,0.01,5684346113.203125
3975,-5556997.25,4305,0.01,6177769905.6875
3976,-3771794.975,3547,0.01,4437490528.34375
3977,-19095682.474999998,7979,0.01,7854572273.609375
3978,-20398510.35,8247,0.01,12053219732.375
3979,-3569670.75,3451,0.01,6623273523.0625
3980,-2507166.975,2892,0.01,2310251504.21875
3981,-3246759.5,3291,0.01,1478456053.375
3982,-630433.625,1451,0.01,721956699.03125
3983,-2970688.3000000003,3148,0.01,1084386519.078125
3984,-591829.125,1406,0.01,469531568.4375
3985,-3670816.85,3499,0.01,1084944794.296875
3986,-9743711.5,5700,0.01,2637790284.734375
3987,-2822901.475,3069,0.01,2459880568.875
3988,-4241126.625,3761,0.01,2679905931.796875
3989,-4425877.225,3842,0.01,2662175061.734375
3990,-2357138.35,2804,0.01,1406445002.0625
3991,-2701641.85,3002,0.01,1215196638.015625
3992,-5244927.725,4182,0.01,1530818137.203125
3993,-2282953.875,2760,0.01,1370106639.109375
3994,-5265098.25,4191,0.01,1804108299.09375
3995,-7308544.225,4937,0.01,2626847296.421875
3996,-2633822.85,2964,0.01,2162052162.40625
3997,-9729228.0,5696,0.01,3460852710.828125
3998,-6187496.225,4542,0.01,3826885457.09375
3999,-1936952.475,2542,0.01,1782478842.875
4000,-48829595.425000004,12758,0.01,20346413686.109375
4001,-7341221.925,4948,0.01,11586431485.71875
4002,-12579920.475,6477,0.01,9070059816.46875
4003,-3422469.1,3379,0.01,4049880093.625
4004,-2030948.925,2603,0.01,2604732345.0625
4005,-6478509.925,4648,0.01,3675229332.359375
4006,-6930269.475,4807,0.01,2851969915.25
4007,-5658889.85,4344,0.01,3136246660.0
4008,-10588378.625,5941,0.01,4340052893.28125
4009,-1515296.6,2249,0.01,1921349894.4375
4010,-3432394.975,3384,0.01,2577693569.0
4011,-5215827.875,4171,0.01,2336666758.0
4012,-11256713.0,6126,0.01,3485565892.8125
4013,-2841809.475,3079,0.01,2703362456.09375
4014,-6288760.85,4579,0.01,3440142088.625
4015,-4072460.75,3685,0.01,2578886155.9375
4016,-14326166.25,6911,0.01,5016360982.765625
4017,-8260398.55,5248,0.01,6224764231.9375
4018,-1940052.725,2544,0.01,3942601604.4375
4019,-5080746.375,4116,0.01,5152196377.9375
4020,-10802830.725,6002,0.01,4695047906.09375
4021,-8229107.85,5239,0.01,4882911858.0625
4022,-3809506.375,3565,0.01,3520420787.46875
4023,-6451381.225,4639,0.01,3625472806.125
4024,-4545737.975,3894,0.01,2616997987.875
4025,-2817720.75,3066,0.01,1897939861.265625
4026,-6794590.125,4760,0.01,2987224984.125
4027,-776875.125,1611,0.01,1098686451.90625
4028,-11493364.0,6190,0.01,4223179952.828125
4029,-3115696.725,3224,0.01,3940323342.5
4030,-9060238.85,5497,0.01,4071603722.078125
4031,-10319133.0,5866,0.01,4564090965.4375
4032,-9874658.049999999,5738,0.01,5515833038.8125
4033,-9019317.1,5484,0.01,5807964147.59375
4034,-7519777.1,5007,0.01,4604058582.625
4035,-7236302.6,4912,0.01,5154470593.1875
4036,-2333398.625,2790,0.01,2529342861.65625
4037,-11003338.1,6057,0.01,4284889827.1875
4038,-590751.25,1405,0.01,1576297205.8125
4039,-15802529.1,7259,0.01,6129183945.25
4040,-4927634.475,4054,0.01,5841166271.0625
4041,-11140386.5,6095,0.01,4924924680.078125
4042,-5582267.75,4315,0.01,3975032823.46875
4043,-13122769.5,6615,0.01,4875643941.078125
4044,-5592162.725,4319,0.01,4619952323.65625
4045,-10909488.75,6031,0.01,4741271168.375
4046,-13642170.85,6744,0.01,5749257910.65625
4047,-2187990.85,2702,0.01,3558644457.9375
4048,-9353513.975,5584,0.01,4288415062.625
4049,-2240804.1,2734,0.01,2623311483.90625
4050,-3466599.25,3400,0.01,2365365970.515625
4051,-9870943.975,5737,0.01,3207268548.984375
4052,-4207606.0,3746,0.01,3043802550.78125
4053,-15756793.049999999,7248,0.01,5493923140.859375
4054,-16211054.1,7352,0.01,9336075261.625
4055,-11896967.049999999,6298,0.01,7980253858.84375
4056,-16256429.1,7362,0.01,8185523687.4375
4057,-5125978.1,4134,0.01,6950652005.375
4058,-8432993.799999999,5303,0.01,7697451910.5625
4059,-5864294.6,4422,0.01,3942062472.53125
4060,-14434836.1,6937,0.01,5868285104.59375
4061,-7501292.25,5001,0.01,6341129322.5
4062,-4288215.225,3782,0.01,4947284908.84375
4063,-2217235.375,2720,0.01,2761127496.78125
4064,-14040425.6,6842,0.01,4821797239.15625
4065,-9483387.924999999,5623,0.01,6028069062.375
4066,-7920222.225,5139,0.01,4917940357.03125
4067,-5239465.0,4180,0.01,4113693481.3125
4068,-1991212.175,2578,0.01,2204912710.015625
4069,-3951633.75,3631,0.01,2216893345.140625
4070,-8694809.375,5385,0.01,2764576865.796875
4071,-3933207.85,3622,0.01,2764305977.21875
4072,-8579371.35,5349,0.01,4307717204.890625
4073,-3068566.725,3199,0.01,2657043496.03125
4074,-14251047.924999999,6893,0.01,6196997762.15625
4075,-10994543.375,6055,0.01,6550465321.1875
4076,-8205547.0,5231,0.01,6504302703.375
4077,-8005487.6,5167,0.01,5008971339.125
4078,-16579700.625,7435,0.01,6777400226.78125
4079,-3708089.1,3517,0.01,5325294405.375
4080,-6495146.475,4654,0.01,6479764517.875
4081,-3435668.5,3385,0.01,3318645837.0
4082,-10514884.375,5921,0.01,3880077966.8125
4083,-5323559.675,4213,0.01,3930623887.375
4084,-6778671.975,4754,0.01,3513746095.6875
4085,-1964275.625,2560,0.01,1774003393.03125
4086,-5399947.05,4243,0.01,2531407930.953125
4087,-4501147.475,3874,0.01,2213760707.6875
4088,-858374.1749999999,1693,0.01,981155791.90625
4089,-5195168.35,4162,0.01,2430265496.28125
4090,-1045612.0499999999,1868,0.01,1075825713.6875
4091,-13461791.375,6700,0.01,4225392375.0
4092,-3776646.35,3549,0.01,4647286586.21875
4093,-1663714.625,2356,0.01,2672623977.625
4094,-11935171.299999999,6308,0.01,5846454890.75
4095,-8945134.125,5461,0.01,6222943854.875
4096,-10863015.049999999,6018,0.01,6273853323.875
4097,-8471364.25,5315,0.01,4968584793.84375
4098,-33325992.875,10541,0.01,15138817735.09375
4099,-17934635.425,7733,0.01,13495073918.1875
4100,-3306194.25,3321,0.01,6558214836.3125
4101,-4912955.05,4048,0.01,6856687566.5625
4102,-9296994.924999999,5568,0.01,5078224044.046875
4103,-20872711.849999998,8342,0.01,8167370418.5
4104,-9721391.299999999,5693,0.01,9389876902.25
4105,-6941259.375,4811,0.01,6599961203.25
4106,-1755967.375,2420,0.01,2073464747.8125
4107,-2363607.9250000003,2808,0.01,2505442392.8125
4108,-10547009.625,5930,0.01,3464106002.75
4109,-2372031.3000000003,2813,0.01,2735541371.71875
4110,-6505642.05,4658,0.01,3850139523.0625
4111,-6152432.125,4530,0.01,3214362348.28125
4112,-3992251.225,3649,0.01,2228141896.046875
4113,-2299919.25,2770,0.01,1587593851.53125
4114,-3815242.35,3567,0.01,1863384731.53125
4115,-3031609.25,3180,0.01,1581111260.21875
4116,-4601126.85,3917,0.01,1674777858.09375
4117,-3110793.75,3221,0.01,1640285238.84375
4118,-11731418.85,6254,0.01,3631513644.203125
4119,-7675626.6,5059,0.01,5286525237.75
4120,-11215700.0,6115,0.01,6423964403.40625
4121,-1281099.425,2068,0.01,2564200063.5625
4122,-3531759.225,3432,0.01,3152891290.15625
4123,-8923223.375,5455,0.01,2984616459.328125
4124,-10854352.375,6016,0.01,4741693712.53125
4125,-9050518.975,5494,0.01,5776786746.9375
4126,-4467001.125,3860,0.01,3448003784.78125
4127,-8455189.875,5310,0.01,3675671636.859375
4128,-2683342.6,2992,0.01,2262599963.25
4129,-11190296.799999999,6108,0.01,4433000016.46875
4130,-1703487.1,2384,0.01,2639274795.6875
4131,-18545697.174999997,7863,0.01,7617031694.84375
4132,-2999470.3000000003,3163,0.01,5573137188.3125
4133,-18781174.674999997,7913,0.01,11852990222.5625
4134,-24119640.599999998,8967,0.01,14792601960.625
4135,-3440074.1,3387,0.01,7026701853.9375
4136,-31890316.374999996,10311,0.01,14506206159.21875
4137,-10155127.35,5819,0.01,10523560127.125
4138,-6811373.75,4766,0.01,5912229192.5
4139,-4433871.375,3846,0.01,3812658934.875
4140,-5238439.875,4180,0.01,2898027321.4375
4141,-9162703.85,5527,0.01,3205299023.234375
4142,-6498911.5,4655,0.01,3625757615.71875
4143,-6453119.725,4639,0.01,3943308650.15625
4144,-9400872.1,5599,0.01,4336499491.21875
4145,-6492779.675,4653,0.01,4137249259.09375
4146,-1619830.5,2325,0.01,1951184550.875
4147,-5441373.875,4260,0.01,3004568134.28125
4148,-4136855.125,3715,0.01,2581288817.203125
4149,-4568289.3,3903,0.01,1961342742.875
4150,-2079849.725,2634,0.01,1479386299.09375
4151,-8009928.55,5168,0.01,2645508258.671875
4152,-14990538.35,7069,0.01,5925931951.09375
4153,-1133979.75,1945,0.01,2775273099.5
4154,-14294336.924999999,6903,0.01,11602943064.625
4155,-28570833.099999998,9759,0.01,16786037829.375
4156,-8131560.975,5207,0.01,12089689739.75
4157,-6376664.0,4611,0.01,8206175230.1875
4158,-2159547.475,2684,0.01,2466740579.875
4159,-11168493.225,6102,0.01,4517793776.1875
4160,-2070273.925,2628,0.01,2853923597.65625
4161,-7639926.85,5047,0.01,3710508357.203125
4162,-2019298.75,2596,0.01,2128358383.0
4163,-1524644.125,2256,0.01,1403627141.96875
4164,-9265456.6,5559,0.01,2434551682.9296875
4165,-4898251.475,4042,0.01,3283011972.90625
4166,-6366162.55,4608,0.01,3341084321.3125
4167,-2143721.6,2674,0.01,1832311535.3125
4168,-1082023.625,1900,0.01,1011943848.875
4169,-1967618.225,2562,0.01,1083930704.234375
4170,-1322448.75,2101,0.01,624764575.0546875
4171,-1134436.25,1946,0.01,515689090.75
4172,-1011238.1749999999,1838,0.01,438144382.0625
4173,-4098959.0500000003,3698,0.01,864017786.7421875
4174,-5903567.85,4437,0.01,1808020350.5546875
4175,-15811603.375,7260,0.01,5000590522.359375
4176,-8544600.924999999,5338,0.01,6794967063.3125
4177,-2211357.625,2716,0.01,3866118555.9375
4178,-6713169.125,4731,0.01,5205278438.21875
4179,-6773792.425,4753,0.01,3823766519.0
4180,-7028188.875,4841,0.01,3330915676.03125
4181,-7359191.225,4954,0.01,3823979076.046875
4182,-8661031.85,5374,0.01,4260905044.09375
4183,-2576355.85,2932,0.01,2320777127.625
4184,-5362982.35,4229,0.01,3502583683.46875
4185,-1126104.85,1939,0.01,1740602277.9375
4186,-6164060.475,4534,0.01,2577656244.78125
4187,-7349250.625,4951,0.01,3088444819.3125
4188,-6102242.875,4511,0.01,3130418156.53125
4189,-6860883.55,4783,0.01,3151122090.578125
4190,-9697654.375,5686,0.01,4261166170.265625
4191,-3691672.35,3509,0.01,2901243509.65625
4192,-3760026.375,3541,0.01,3234424199.875
4193,-2347985.6,2799,0.01,2022862389.046875
4194,-3228854.85,3282,0.01,1415805385.359375
4195,-3553464.5500000003,3443,0.01,1480033385.953125
4196,-12324911.625,6411,0.01,3124957508.359375
4197,-11959765.75,6315,0.01,6459400764.375
4198,-4040116.5,3671,0.01,5263868970.125
4199,-10021534.875,5781,0.01,6731112302.625
4200,-1767712.225,2429,0.01,2375143958.375
4201,-1740367.0,2410,0.01,2372227545.5625
4202,-7962927.55,5153,0.01,3873252549.828125
4203,-5729853.125,4371,0.01,2993493540.15625
4204,-5748230.8,4378,0.01,2549490509.0
4205,-3176303.875,3255,0.01,2338339861.40625
4206,-1977933.225,2569,0.01,1796759610.1875
4207,-4647076.725,3937,0.01,1858218553.09375
4208,-3946516.3000000003,3628,0.01,1529844996.140625
4209,-4746805.225,3979,0.01,1977660036.234375
4210,-3394848.75,3365,0.01,1836770401.125
4211,-11099514.174999999,6083,0.01,3731997909.375
4212,-11644244.875,6231,0.01,6041383463.59375
4213,-16788777.624999996,7481,0.01,8866496288.40625
4214,-5295362.85,4202,0.01,7607295419.4375
4215,-15510800.625,7191,0.01,10118923152.0
4216,-10702406.475,5974,0.01,7115808037.5625
4217,-1317793.975,2097,0.01,2344872089.78125
4218,-8018560.125,5171,0.01,5347773128.0625
4219,-4620251.0,3925,0.01,3997570950.78125
4220,-7832331.0,5110,0.01,3772232412.1875
4221,-23070510.874999996,8770,0.01,8403398770.0625
4222,-4918969.875,4050,0.01,8778044043.6875
4223,-5486004.85,4277,0.01,9991982070.6875
4224,-10550307.75,5931,0.01,6085268875.8125
4225,-10676802.35,5967,0.01,5220246118.03125
4226,-5072292.55,4113,0.01,3985232075.8125
4227,-15022489.6,7077,0.01,6517238359.75
4228,-18350405.6,7822,0.01,10666763688.125
4229,-42348844.224999994,11882,0.01,22794538289.4375
4230,-4969495.625,4071,0.01,11649035366.375
4231,-5086541.85,4119,0.01,11671526421.0
4232,-2237034.35,2732,0.01,5127015207.390625
4233,-2633342.975,2964,0.01,1092697737.984375
4234,-5676113.5,4351,0.01,1524255598.6171875
4235,-1305068.475,2087,0.01,1054456621.59375
4236,-8236241.5,5241,0.01,2793948383.65625
4237,-35345801.12499999,10855,0.01,14939010855.1875
4238,-31158042.35,10192,0.01,24118279608.1875
4239,-6935534.975,4809,0.01,9961637175.78125
4240,-12177820.35,6372,0.01,18000071958.53125
4241,-10196540.375,5831,0.01,6627003646.65625
4242,-7326440.55,4943,0.01,6144373988.375
4243,-10551347.0,5931,0.01,6164772111.9375
4244,-7883213.35,5127,0.01,5498252488.0625
4245,-7910961.0,5136,0.01,5022206289.875
4246,-4310930.85,3792,0.01,2963912793.0625
4247,-5849535.85,4417,0.01,3173034577.71875
4248,-2850849.225,3084,0.01,2061600938.890625
4249,-1766540.175,2428,0.01,1405221052.34375
4250,-9819156.475,5722,0.01,3118857206.234375
4251,-4519010.725,3882,0.01,2996768852.75
4252,-11330782.475,6147,0.01,4287568926.5625
4253,-985492.975,1814,0.01,1782925436.75
4254,-5934855.225,4449,0.01,3479463390.28125
4255,-2021972.225,2597,0.01,1722520261.859375
4256,-3818152.8000000003,3568,0.01,1815703820.90625
4257,-8143762.0,5211,0.01,2335777592.1875
4258,-4138964.25,3715,0.01,2669224757.5625
4259,-7698545.1,5067,0.01,3630372438.375
4260,-1958330.625,2556,0.01,2313116149.3125
4261,-11485059.799999999,6188,0.01,5151190868.8125
4262,-9851168.875,5731,0.01,6149956427.625
4263,-10040392.25,5786,0.01,6177578149.9375
4264,-4840089.1,4017,0.01,4715439698.21875
4265,-4276633.725,3777,0.01,3436674526.21875
4266,-9770699.799999999,5708,0.01,4251502976.9375
4267,-4380957.1,3822,0.01,3302851818.40625
4268,-1538663.75,2266,0.01,1912623513.6875
4269,-5570355.25,4310,0.01,2708734204.03125
4270,-2919682.0,3121,0.01,1832686279.046875
4271,-9515805.549999999,5633,0.01,3280149025.546875
4272,-12488354.049999999,6453,0.01,5402782796.28125
4273,-1098495.125,1915,0.01,2098644726.46875
4274,-4515754.125,3881,0.01,4648095901.6875
4275,-7671761.05,5058,0.01,5606379097.4375
4276,-8346957.125,5276,0.01,3865273061.0625
4277,-12486451.174999999,6453,0.01,5913097870.1875
4278,-1901494.35,2519,0.01,2836096621.3125
4279,-4050947.0,3676,0.01,3847086967.1875
4280,-21204004.174999997,8408,0.01,7981862649.03125
4281,-3899567.375,3606,0.01,6710478309.0
4282,-16381829.375,7390,0.01,10242329884.53125
4283,-18380398.674999997,7828,0.01,10625001647.5625
4284,-2035132.25,2606,0.01,5258561843.75
4285,-16309754.975,7374,0.01,12504448453.4375
4286,-22412902.849999998,8644,0.01,11609271785.1875
4287,-20149013.124999996,8196,0.01,13947414644.09375
4288,-980316.85,1809,0.01,5343926606.9375
4289,-4548950.5,3895,0.01,8869462377.8125
4290,-4152114.75,3721,0.01,7405512798.0625
4291,-6220401.35,4554,0.01,2569642160.78125
4292,-2069147.1,2627,0.01,1540192721.203125
4293,-6097607.1,4509,0.01,2385277014.96875
4294,-6595231.5,4690,0.01,2837797796.109375
4295,-2640213.5500000003,2968,0.01,1939224662.0
4296,-2300876.75,2771,0.01,1631029984.046875
4297,-6147723.05,4528,0.01,2039250913.921875
4298,-1266587.25,2056,0.01,1168497543.734375
4299,-2503590.75,2890,0.01,1430927988.609375
4300,-2740757.6,3024,0.01,1250030833.34375
4301,-5126812.125,4135,0.01,1668070816.328125
4302,-8757518.6,5404,0.01,2542408917.203125
4303,-3632790.25,3481,0.01,2582721273.71875
4304,-2335374.25,2791,0.01,2131296671.859375
4305,-3003628.25,3165,0.01,1601973843.234375
4306,-5525423.1,4292,0.01,1722000781.890625
4307,-9645364.5,5671,0.01,3032832089.46875
4308,-2125810.6750000003,2663,0.01,2255202769.625
4309,-6001150.6,4474,0.01,3969130124.65625
4310,-11828575.75,6280,0.01,4579390661.46875
4311,-3710326.8000000003,3518,0.01,3331321150.78125
4312,-1673134.3,2363,0.01,1916069503.140625
4313,-8607895.674999999,5358,0.01,3014887111.453125
4314,-6649537.475,4709,0.01,3843720627.65625
4315,-8980156.725,5472,0.01,4683744877.9375
4316,-10738332.6,5984,0.01,5220396619.96875
4317,-494940.0,1286,0.01,1382333959.40625
4318,-5324861.975,4214,0.01,4655187761.90625
4319,-8003268.25,5166,0.01,3910290545.90625
4320,-7252129.8,4918,0.01,3433200830.921875
4321,-3263856.125,3300,0.01,2293721129.0625
4322,-2803636.3000000003,3058,0.01,2311784207.5625
4323,-5355011.0,4226,0.01,2671374855.140625
4324,-2276358.5,2756,0.01,1478140669.0
4325,-4953196.25,4065,0.01,1841336986.828125
4326,-2230128.6750000003,2728,0.01,1367485136.46875
4327,-1639540.225,2339,0.01,1114673642.3125
4328,-5929635.475,4447,0.01,1995620705.296875
4329,-12729808.875,6515,0.01,4212009331.03125
4330,-2979425.1750000003,3153,0.01,3721901867.96875
4331,-3158425.875,3246,0.01,3791993059.21875
4332,-9828876.25,5725,0.01,4753733320.53125
4333,-9380399.049999999,5593,0.01,4659911266.5
4334,-1976283.05,2568,0.01,2232330521.125
4335,-8363505.875,5281,0.01,4499762139.90625
4336,-3833323.625,3576,0.01,3070383840.28125
4337,-4263257.375,3771,0.01,2671902874.1875
4338,-10211060.375,5835,0.01,3482669431.21875
4339,-3409605.85,3372,0.01,2781842484.84375
4340,-10704669.975,5974,0.01,4645861930.0
4341,-6421982.675,4628,0.01,4300917996.90625
4342,-11797516.85,6272,0.01,5443346494.625
4343,-2217497.125,2720,0.01,2901605652.84375
4344,-3049768.5,3190,0.01,2731419156.4375
4345,-13652876.1,6747,0.01,3762076240.71875
4346,-8230246.725,5239,0.01,5945246013.6875
4347,-4402030.225,3832,0.01,4116576939.5
4348,-1341540.25,2116,0.01,1900321669.375
4349,-1676926.375,2365,0.01,1631122795.78125
4350,-9660788.0,5675,0.01,2645807601.8125
4351,-10747954.0,5986,0.01,5207210679.15625
4352,-12228069.5,6385,0.01,6736770704.5625
4353,-7506027.55,5003,0.01,5959002577.4375
4354,-4292090.225,3784,0.01,4333959723.71875
4355,-13841926.725,6794,0.01,5302978099.921875
4356,-27245869.25,9531,0.01,12470683840.0625
4357,-7205686.975,4902,0.01,9278115240.0625
4358,-8588568.875,5351,0.01,5028633654.625
4359,-3823696.375,3571,0.01,3127133339.3125
4360,-12932599.85,6567,0.01,5647302295.8125
4361,-2527574.85,2904,0.01,3394589310.21875
4362,-11372651.674999999,6158,0.01,5481265987.96875
4363,-1128376.375,1941,0.01,2330598297.90625
4364,-53541260.49999999,13360,0.01,22893374414.21875
4365,-26134942.75,9335,0.01,21228828046.375
4366,-8280421.75,5255,0.01,10714177467.75
4367,-10393284.975,5887,0.01,12690735461.21875
4368,-5316298.375,4211,0.01,4782587185.4375
4369,-2325923.5,2786,0.01,2457509991.84375
4370,-22449058.249999996,8651,0.01,9383403803.046875
4371,-14401796.975,6929,0.01,13027245241.0
4372,-469719.3,1253,0.01,2739904956.625
4373,-9174327.625,5531,0.01,7895791714.09375
4374,-10830520.6,6009,0.01,6624898359.96875
4375,-1225251.1,2022,0.01,2330800861.375
4376,-21137096.224999998,8394,0.01,10166716843.65625
4377,-15040768.625,7081,0.01,10751129222.3125
4378,-8099851.725,5197,0.01,10034997324.125
4379,-6797544.375,4761,0.01,5690209826.84375
4380,-5342012.25,4221,0.01,3001390105.0
4381,-655871.75,1480,0.01,1265954674.625
4382,-1678846.35,2367,0.01,1497762444.53125
4383,-11178182.75,6105,0.01,3281272405.53125
4384,-14776022.6,7019,0.01,6560525949.5625
4385,-8027382.475,5174,0.01,6667937077.125
4386,-8753594.674999999,5403,0.01,6200649278.625
4387,-7351222.0,4951,0.01,3972350673.15625
4388,-10533857.0,5926,0.01,4915158662.28125
4389,-40072488.675,11558,0.01,18522055798.3125
4390,-9294520.725,5567,0.01,10959305133.0625
4391,-9144053.85,5522,0.01,20022491890.84375
4392,-7514682.5,5006,0.01,5694815591.65625
4393,-5930411.225,4447,0.01,4265117901.71875
4394,-4771358.475,3989,0.01,3195280075.96875
4395,-6923235.375,4805,0.01,3335900208.296875
4396,-6438346.6,4634,0.01,3131749392.75
4397,-4008654.1,3657,0.01,2401305033.34375
4398,-4873628.85,4032,0.01,2291305491.46875
4399,-3046083.6750000003,3188,0.01,1561441180.34375
4400,-2723314.725,3014,0.01,1433794355.15625
4401,-3310965.8000000003,3323,0.01,1448230524.546875
4402,-8209258.35,5232,0.01,2171603815.2109375
4403,-11191501.1,6109,0.01,4491827499.0
4404,-27864305.174999997,9638,0.01,12821804961.0625
4405,-12219755.549999999,6383,0.01,13733466746.8125
4406,-15874853.0,7275,0.01,10737513081.25
4407,-4410537.875,3835,0.01,5903746343.75
4408,-6813491.225,4767,0.01,7406306454.25
4409,-1955486.6,2554,0.01,2621348243.84375
4410,-32315238.974999998,10379,0.01,13743488877.59375
4411,-4147247.725,3719,0.01,9126150039.5
4412,-7940826.25,5146,0.01,10944946964.5
4413,-4852804.55,4023,0.01,3633120057.78125
4414,-4768470.925,3988,0.01,2459950227.296875
4415,-8810223.0,5420,0.01,3377609645.0625
4416,-6680493.5,4720,0.01,3804969563.5625
4417,-3310709.4250000003,3323,0.01,2641434720.46875
4418,-2074223.625,2631,0.01,2076303768.546875
4419,-5111208.1,4129,0.01,1890213612.15625
4420,-3828211.3000000003,3573,0.01,1560111070.25
4421,-9946606.475,5759,0.01,3147563808.4375
4422,-2114247.625,2656,0.01,2340494898.78125
4423,-271683.6,954,0.01,891175533.0625
4424,-4437312.85,3847,0.01,2547572356.59375
4425,-2860282.6,3089,0.01,1560409792.625
4426,-2997580.975,3162,0.01,1124734171.46875
4427,-9185734.225,5534,0.01,2180845559.875
4428,-433037.675,1203,0.01,937798493.6875
4429,-6966929.5,4820,0.01,3699923907.5
4430,-4062345.625,3681,0.01,3123588950.0
4431,-11284760.6,6134,0.01,4514657070.3125
4432,-11040024.35,6067,0.01,6019024882.28125
4433,-5526483.05,4293,0.01,5626555965.5
4434,-1498380.375,2236,0.01,2453399767.6875
4435,-17124871.499999996,7556,0.01,6984561586.8125
4436,-4973159.675,4073,0.01,6247838247.875
4437,-3831623.875,3575,0.01,4881932580.9375
4438,-2432991.35,2849,0.01,3267700687.375
4439,-3405599.25,3370,0.01,1629657674.125
4440,-5029781.125,4096,0.01,1741024996.890625
4441,-2395708.975,2827,0.01,1245871979.15625
4442,-2434397.875,2850,0.01,1239740178.796875
4443,-8723536.6,5394,0.01,2531435794.84375
4444,-4395758.35,3829,0.01,3010024265.40625
4445,-4706940.975,3962,0.01,2867284183.5
4446,-9346210.725,5582,0.01,3501073638.140625
4447,-9251478.85,5554,0.01,4359195549.40625
4448,-4555791.175,3898,0.01,3299900929.84375
4449,-4338658.35,3804,0.01,2775176414.953125
4450,-2838188.35,3077,0.01,1961320192.0625
4451,-3996203.375,3651,0.01,1810244925.296875
4452,-822059.475,1657,0.01,767809364.296875
4453,-4952535.475,4064,0.01,1485388609.5625
4454,-5745763.1,4377,0.01,2193725918.5
4455,-8031824.125,5175,0.01,3058042838.671875
4456,-5929551.6,4447,0.01,3014667054.21875
4457,-5082782.35,4117,0.01,2861704608.46875
4458,-11268673.5,6130,0.01,4088400133.265625
4459,-6166158.625,4535,0.01,4043944468.96875
4460,-2960978.3000000003,3143,0.01,2622132471.84375
4461,-2212261.1,2717,0.01,2106249482.71875
4462,-6023420.35,4482,0.01,2368780601.59375
4463,-9188286.75,5535,0.01,3124130570.171875
4464,-5034971.05,4098,0.01,3153594891.875
4465,-964119.225,1794,0.01,1381688558.375
4466,-7338909.475,4947,0.01,2829732244.828125
4467,-6254416.225,4567,0.01,3297598709.125
4468,-6206564.0,4550,0.01,3009998195.40625
4469,-4597328.5,3916,0.01,2770460268.5625
4470,-3815856.0500000003,3568,0.01,2311155487.125
4471,-3658224.0500000003,3493,0.01,2153049510.640625
4472,-4724493.0,3970,0.01,1938081603.484375
4473,-4260838.0,3770,0.01,1833999086.609375
4474,-11367930.725,6157,0.01,3472818631.828125
4475,-1971809.625,2565,0.01,2259840225.78125
4476,-16731043.35,7469,0.01,6103767231.953125
4477,-11098433.975,6084,0.01,7478675425.21875
4478,-18350246.975,7822,0.01,8794842517.9375
4479,-2573116.125,2930,0.01,5253461864.75
4480,-8877653.75,5441,0.01,9192652223.3125
4481,-9832791.5,5726,0.01,5475976457.8125
4482,-14586184.85,6974,0.01,7226861206.40625
4483,-3017906.4250000003,3173,0.01,4348856099.5
4484,-6492436.55,4653,0.01,5070469566.9375
4485,-4488300.85,3869,0.01,3326158710.515625
4486,-11217326.125,6116,0.01,4080478868.125
4487,-6649391.6,4709,0.01,4111236916.875
4488,-21073022.474999998,8382,0.01,8097084373.09375
4489,-10707580.875,5975,0.01,10202255696.34375
4490,-3172568.4250000003,3253,0.01,7258547786.1875
4491,-10658161.625,5961,0.01,7082271384.25
4492,-3371950.975,3354,0.01,3641460156.3125
4493,-2051126.875,2616,0.01,2401068433.03125
4494,-4241468.375,3761,0.01,2822595574.6875
4495,-12609600.6,6484,0.01,3552019370.65625
4496,-10637664.375,5956,0.01,5395343561.90625
4497,-2048948.625,2615,0.01,2711625318.0625
4498,-3446646.5,3391,0.01,3234787977.9375
4499,-8141853.5,5211,0.01,4243726282.21875
4500,-1803147.425,2453,0.01,1758292778.46875
4501,-12615959.25,6486,0.01,5254365110.21875
4502,-3396891.375,3366,0.01,4166344183.0625
4503,-16505480.299999999,7418,0.01,6560019647.9375
4504,-18899315.299999997,7938,0.01,10776827401.0625
4505,-1727591.125,2401,0.01,5849787422.625
4506,-3672252.625,3500,0.01,7730695575.375
4507,-10857545.85,6017,0.01,9322919806.515625
4508,-7835557.1,5112,0.01,4867878833.84375
4509,-11433677.625,6175,0.01,5335238663.1875
4510,-4399957.0,3831,0.01,4388161945.25
4511,-8001215.875,5165,0.01,4272829503.25
4512,-4512600.75,3880,0.01,3069559252.71875
4513,-8432462.299999999,5303,0.01,3959326423.171875
4514,-7193740.8,4898,0.01,3715253482.03125
4515,-6123213.475,4519,0.01,3673812640.03125
4516,-8348515.375,5276,0.01,3849325577.4375
4517,-6600291.975,4692,0.01,3635729494.84375
4518,-21598311.25,8486,0.01,8563991853.25
4519,-3230755.9250000003,3283,0.01,6187523554.875
4520,-14645659.549999999,6988,0.01,11218836611.875
4521,-7797996.725,5099,0.01,5343349915.40625
4522,-6651037.85,4709,0.01,4975445046.40625
4523,-7146709.475,4882,0.01,3813428563.71875
4524,-8389393.225,5289,0.01,3878444566.46875
4525,-7956614.625,5151,0.01,4417816683.09375
4526,-15113581.975,7099,0.01,5930214346.84375
4527,-1698628.375,2381,0.01,3617112928.125
4528,-13178401.85,6629,0.01,6892042950.125
4529,-5129236.5,4136,0.01,4716490199.125
4530,-2591308.75,2940,0.01,1968712757.65625
4531,-17649131.0,7671,0.01,5541227162.125
4532,-5837223.225,4412,0.01,6431830773.9375
4533,-3422471.8000000003,3378,0.01,4806952679.125
4534,-4064941.85,3682,0.01,3400137504.421875
4535,-5804241.35,4399,0.01,2544042446.125
4536,-3418516.5,3376,0.01,2084962673.46875
4537,-5569183.1,4309,0.01,2635804024.40625
4538,-2020090.25,2596,0.01,1738878211.671875
4539,-4781224.675,3993,0.01,2286538818.46875
4540,-22198751.925,8603,0.01,7175661921.125
4541,-16726457.924999999,7468,0.01,11482104380.6875
4542,-11018465.375,6061,0.01,10597261438.375
4543,-22031673.75,8571,0.01,12411917640.25
4544,-9795866.375,5715,0.01,9641458037.28125
4545,-12593379.5,6480,0.01,9301011765.4375
4546,-8698107.375,5386,0.01,6309427834.96875
4547,-16236149.674999999,7358,0.01,7985877482.90625
4548,-993973.6,1822,0.01,3034994602.5
4549,-11062890.049999999,6073,0.01,10584881917.375
4550,-1550975.875,2275,0.01,3945156226.0625
4551,-4273408.0,3775,0.01,3626024701.375
4552,-4228858.25,3756,0.01,2909618272.125
4553,-5761411.3,4383,0.01,2009446257.859375
4554,-8700815.875,5386,0.01,3480267266.71875
4555,-15427600.975,7172,0.01,6000671965.875
4556,-1554943.675,2278,0.01,3506878346.5
4557,-4982357.625,4076,0.01,4026478828.625
4558,-7244680.125,4915,0.01,3204245527.25
4559,-7878065.0,5125,0.01,3525394447.484375
4560,-20248347.124999996,8216,0.01,7541402756.0625
4561,-17813697.975,7707,0.01,11588066996.46875
4562,-9305072.625,5570,0.01,9603162216.25
4563,-4995835.975,4082,0.01,7491737845.4375
4564,-4825239.1,4012,0.01,3653817709.09375
4565,-6403245.875,4621,0.01,2969270562.9375
4566,-6308830.25,4586,0.01,2847720340.6875
4567,-307900.875,1015,0.01,807607342.40625
4568,-16492841.625,7415,0.01,5818941950.375
4569,-5122734.925,4133,0.01,6512635487.75
4570,-6318929.125,4590,0.01,3865960624.40625
4571,-2633493.975,2964,0.01,2253195102.71875
4572,-5396195.35,4242,0.01,3132416377.15625
4573,-6997958.75,4831,0.01,2950708786.34375
4574,-2410482.0,2836,0.01,1973209194.5625
4575,-9673127.6,5679,0.01,4146918478.0625
4576,-635656.85,1457,0.01,1663244218.65625
4577,-3935922.1750000003,3623,0.01,3169708065.90625
4578,-7627759.3,5043,0.01,3537230828.5625
4579,-17389696.474999998,7614,0.01,6088818898.21875
4580,-13129993.85,6617,0.01,9073470159.15625
4581,-7439495.5,4981,0.01,6525608418.25
4582,-9374398.75,5591,0.01,6837142431.28125
4583,-27926733.725,9649,0.01,11680228875.78125
4584,-3018797.9250000003,3173,0.01,7496882542.3125
4585,-5747161.55,4378,0.01,11671733953.0625
4586,-1164609.975,1972,0.01,4268238695.375
4587,-13092394.6,6607,0.01,4721738592.671875
4588,-4460335.6,3857,0.01,5508690215.1875
4589,-8190602.25,5226,0.01,5177643948.25
4590,-1433104.725,2187,0.01,1925765464.3125
4591,-2670678.875,2985,0.01,1999537540.46875
4592,-11249494.5,6125,0.01,3746876539.671875
4593,-8783924.35,5412,0.01,5187459756.90625
4594,-2323482.6,2784,0.01,3064673180.5
4595,-2562946.225,2924,0.01,3089852717.0625
4596,-5590883.175,4318,0.01,3003856518.5625
4597,-5728735.875,4371,0.01,2326244807.28125
4598,-2151678.975,2679,0.01,1629219819.875
4599,-2637309.875,2966,0.01,1727666524.5
4600,-4543912.925,3893,0.01,1910222503.953125
4601,-4653301.6,3939,0.01,1838927350.15625
4602,-5625528.5,4331,0.01,2347863305.734375
4603,-2161291.25,2685,0.01,1678307719.78125
4604,-2300537.625,2770,0.01,1470439507.359375
4605,-1761072.1,2424,0.01,1194108770.59375
4606,-7610421.35,5037,0.01,2268707038.8125
4607,-2260847.35,2747,0.01,1922324316.5625
4608,-6155646.625,4531,0.01,2781204828.203125
4609,-5823026.6,4407,0.01,2926318907.03125
4610,-4654006.375,3940,0.01,2658869180.65625
4611,-10868142.75,6020,0.01,4143118646.765625
4612,-7998043.625,5165,0.01,4654124696.15625
4613,-12452528.975,6444,0.01,6731778764.09375
4614,-4318327.625,3795,0.01,4196473497.5
4615,-15319606.725,7147,0.01,6522785746.96875
4616,-3943630.225,3627,0.01,5010641193.8125
4617,-16110150.975,7329,0.01,8673076872.4375
4618,-2652146.6,2974,0.01,4325712553.75
4619,-2371774.0500000003,2813,0.01,2560221121.21875
4620,-2699753.25,3001,0.01,1678850427.5625
4621,-2673410.75,2986,0.01,1274909951.4453125
4622,-6715306.85,4732,0.01,1856064793.65625
4623,-6920656.975,4804,0.01,2877525001.75
4624,-2989986.4250000003,3158,0.01,2262806422.84375
4625,-10227920.625,5840,0.01,4546948117.484375
4626,-6331795.0,4595,0.01,4278299181.3125
4627,-17288762.974999998,7592,0.01,6254581743.0625
4628,-33015474.874999996,10491,0.01,18931583906.03125
4629,-24097324.799999997,8963,0.01,20542317281.6875
4630,-2592762.5,2941,0.01,7561868637.625
4631,-3655795.1,3492,0.01,8441112861.4375
4632,-3701223.225,3514,0.01,6852262859.203125
4633,-16264675.85,7364,0.01,4730957795.390625
4634,-7761736.675,5088,0.01,6230910406.375
4635,-5665560.1,4347,0.01,5349847613.75
4636,-11747534.35,6259,0.01,5228349499.0625
4637,-3484009.975,3409,0.01,3519248960.875
4638,-11978722.875,6320,0.01,7012651923.0
4639,-25049922.924999997,9138,0.01,11026892674.6875
4640,-9933513.5,5755,0.01,9385076397.25
4641,-6895195.875,4795,0.01,7415779213.78125
4642,-12957316.924999999,6573,0.01,5472342584.0625
4643,-16348048.299999999,7383,0.01,8329342102.71875
4644,-10240765.674999999,5843,0.01,7893797273.34375
4645,-3181690.3000000003,3258,0.01,3679914820.46875
4646,-7960607.975,5152,0.01,4946411016.0
4647,-9666383.6,5677,0.01,4795905796.6875
4648,-3489019.375,3411,0.01,3186763198.4375
4649,-14431193.625,6936,0.01,6190167482.90625
4650,-2672154.75,2986,0.01,3705025248.75
4651,-7108043.725,4869,0.01,4112818816.59375
4652,-5166394.0,4151,0.01,3039306845.78125
4653,-936067.0499999999,1768,0.01,1211384217.96875
4654,-7287886.75,4930,0.01,3156397625.75
4655,-7475934.8,4993,0.01,3728126216.40625
4656,-10276561.475,5854,0.01,4235970605.1875
4657,-6154321.75,4530,0.01,4633627752.71875
4658,-3981296.725,3644,0.01,3162981012.53125
4659,-4264275.5,3771,0.01,2528555455.21875
4660,-14437937.174999999,6938,0.01,4692289483.046875
4661,-26715400.724999998,9437,0.01,12484734562.4375
4662,-37020887.974999994,11109,0.01,23419657181.75
4663,-11190185.799999999,6108,0.01,13575546032.8125
4664,-6119283.725,4517,0.01,11397463366.4375
4665,-5926062.25,4445,0.01,5214172030.21875
4666,-2989054.475,3157,0.01,2846878286.671875
4667,-4245222.925,3763,0.01,2744987474.421875
4668,-9001880.6,5479,0.01,3378460150.171875
4669,-9080605.424999999,5503,0.01,4364810798.9375
4670,-884627.975,1719,0.01,1593159711.40625
4671,-5820428.75,4406,0.01,3291401157.40625
4672,-6080407.05,4503,0.01,2893958876.53125
4673,-11058400.725,6072,0.01,3925522000.90625
4674,-13098939.1,6609,0.01,5849441394.34375
4675,-4682224.225,3952,0.01,4924022880.46875
4676,-8904113.1,5449,0.01,6889539335.4375
4677,-3179141.475,3257,0.01,2768984357.125
4678,-6185714.225,4542,0.01,3389626090.84375
4679,-6909675.125,4800,0.01,3486217571.203125
4680,-4796731.375,4000,0.01,2790406600.25
4681,-11850492.625,6286,0.01,4608360023.25
4682,-6416221.25,4626,0.01,4371209241.0625
4683,-9542347.875,5641,0.01,5036485635.5
4684,-3524341.475,3429,0.01,2722334352.59375
4685,-7337097.75,4946,0.01,3329295342.671875
4686,-3147038.5,3240,0.01,2525909766.40625
4687,-11066408.225,6074,0.01,4325857228.625
4688,-9670370.799999999,5678,0.01,5259078268.1875
4689,-5592032.675,4318,0.01,4759885072.21875
4690,-1330279.1,2107,0.01,2220619533.4375
4691,-4409863.875,3835,0.01,3688150607.4375
4692,-7112369.875,4870,0.01,3133513771.25
4693,-6307264.375,4586,0.01,3327293989.1875
4694,-16680405.225,7457,0.01,6512163352.40625
4695,-20791185.875,8326,0.01,11889688229.21875
4696,-6745301.925,4743,0.01,8625433192.90625
4697,-14389608.6,6927,0.01,11971432669.5
4698,-11542594.35,6204,0.01,7664446037.40625
4699,-4322116.975,3797,0.01,4275508091.0
4700,-9236187.125,5550,0.01,5585290946.71875
4701,-8039463.3,5178,0.01,4223735900.75
4702,-33063158.225,10499,0.01,14351277382.09375
4703,-30803489.6,10134,0.01,19287151894.59375
4704,-8656064.549999999,5373,0.01,12152997595.25
4705,-2176542.25,2695,0.01,8565353324.5
4706,-3872022.1,3594,0.01,5350222102.484375
4707,-9654898.35,5674,0.01,2687425943.0625
4708,-7420238.725,4974,0.01,3981784781.03125
4709,-2799102.125,3056,0.01,2335936391.25
4710,-30365062.1,10062,0.01,11778529661.828125
4711,-10360625.424999999,5878,0.01,12111390905.6875
4712,-6180910.625,4540,0.01,11796338256.9375
4713,-3541783.725,3437,0.01,2218936482.15625
4714,-5577634.55,4313,0.01,2496435261.421875
4715,-4847007.625,4021,0.01,2107209060.5
4716,-3038685.6,3184,0.01,1485437785.6875
4717,-1641081.875,2340,0.01,1210649912.046875
4718,-1128580.25,1941,0.01,842745939.015625
4719,-4659522.1,3942,0.01,1385214655.421875
4720,-17467188.124999996,7631,0.01,5165586116.53125
4721,-15704572.75,7236,0.01,9629737784.03125
4722,-33774070.74999999,10611,0.01,19274338943.125
4723,-12264991.0,6395,0.01,11506060369.75
4724,-4775401.625,3991,0.01,12653819944.8125
4725,-7467139.875,4990,0.01,5844325648.875
4726,-9273440.875,5561,0.01,3940055664.71875
4727,-10173941.75,5825,0.01,4987589104.5
4728,-9172203.875,5530,0.01,5184864826.5
4729,-5424670.3,4253,0.01,4111410785.15625
4730,-4533113.8,3888,0.01,2612302504.65625
4731,-3594242.225,3462,0.01,2033105075.421875
4732,-5776642.85,4389,0.01,2470901885.0
4733,-7215685.25,4905,0.01,3261837993.9375
4734,-4690834.5,3955,0.01,2838649365.9375
4735,-1705994.875,2386,0.01,1803379808.875
4736,-3473811.6,3404,0.01,2505349601.78125
4737,-3874736.5,3595,0.01,1880802425.59375
4738,-2624020.0500000003,2958,0.01,1366173137.4375
4739,-15344251.475,7152,0.01,4346143145.921875
4740,-27680212.374999996,9606,0.01,14978816619.125
4741,-16074667.125,7321,0.01,12623465012.25
4742,-7931401.05,5143,0.01,8701462751.8125
4743,-10801289.375,6001,0.01,7648725340.09375
4744,-6610372.25,4695,0.01,4569309581.625
4745,-2489629.475,2882,0.01,2017247750.234375
4746,-9906380.1,5747,0.01,4020083538.140625
4747,-4863645.1,4027,0.01,3720502256.125
4748,-8092122.225,5194,0.01,4898709887.78125
4749,-18138562.499999996,7776,0.01,7114405878.5
4750,-906227.35,1739,0.01,3403024033.8125
4751,-8050469.375,5181,0.01,6739727357.71875
4752,-4947437.85,4062,0.01,4114536568.75
4753,-3348745.225,3342,0.01,2115169727.953125
4754,-2459406.725,2864,0.01,1654479293.046875
4755,-4325437.675,3798,0.01,1994297780.390625
4756,-6439892.1,4634,0.01,2276045370.515625
4757,-4371349.175,3818,0.01,2106191091.5
4758,-1650804.85,2347,0.01,1351754988.96875
4759,-5742751.125,4376,0.01,2301912034.484375
4760,-6296857.925,4583,0.01,2724122425.578125
4761,-3613586.475,3472,0.01,2134363866.625
4762,-4467506.875,3860,0.01,2480304433.25
4763,-5455767.75,4266,0.01,2200950602.265625
4764,-9993962.174999999,5773,0.01,3618872014.84375
4765,-3211048.3000000003,3273,0.01,2716240659.34375
4766,-2163124.1,2687,0.01,2120579099.34375
4767,-2109306.3000000003,2653,0.01,1407224236.078125
4768,-15620460.475,7217,0.01,4231866781.25
4769,-13273706.424999999,6653,0.01,8311033605.5
4770,-8106833.6,5199,0.01,6477718897.75
4771,-7862885.875,5120,0.01,6033546620.5
4772,-8112797.875,5201,0.01,4186744340.0625
4773,-16667601.0,7455,0.01,7104202701.0625
4774,-1201261.475,2002,0.01,3368884734.125
4775,-13397012.924999999,6683,0.01,6710874980.8125
4776,-4926641.3,4053,0.01,5488794964.9375
4777,-18143303.724999998,7777,0.01,9608689918.625
4778,-5962552.475,4459,0.01,6509551262.6875
4779,-7042193.625,4846,0.01,7546443282.125
4780,-13348751.125,6671,0.01,6320408959.46875
4781,-10316037.875,5865,0.01,6731981157.75
4782,-5287152.35,4199,0.01,4674644329.84375
4783,-2793850.3000000003,3053,0.01,2078454866.703125
4784,-15473537.549999999,7183,0.01,4660156229.3125
4785,-4865077.925,4028,0.01,5150989682.0625
4786,-17995723.875,7746,0.01,7910521258.9375
4787,-17096520.75,7550,0.01,11437351625.96875
4788,-11907029.125,6301,0.01,9621061064.65625
4789,-4209068.975,3747,0.01,4652453810.5625
4790,-3228371.1,3282,0.01,3320409905.5625
4791,-1813092.875,2460,0.01,2437549124.375
4792,-4420426.75,3840,0.01,1635675914.9609375
4793,-995069.0499999999,1823,0.01,772458595.21875
4794,-6101617.25,4511,0.01,1873479509.8125
4795,-3032954.5,3181,0.01,1850354875.25
4796,-6828874.975,4772,0.01,2670078665.078125
4797,-5708247.175,4363,0.01,2978802765.15625
4798,-6692086.6,4724,0.01,3071874330.5
4799,-1574423.1,2292,0.01,1605645553.28125
4800,-13572702.225,6727,0.01,4943665259.9375
4801,-20143475.999999996,8195,0.01,10037001018.5625
4802,-3218060.875,3276,0.01,6432102835.1875
4803,-3512613.0500000003,3423,0.01,3046993740.765625
4804,-6937426.125,4810,0.01,2502061678.609375
4805,-1606985.5,2316,0.01,1489862458.5
4806,-19086047.849999998,7977,0.01,6736619363.21875
4807,-16987288.125,7526,0.01,9752269450.5
4808,-3541591.1,3437,0.01,6144627714.6875
4809,-6479563.1,4649,0.01,4049903893.21875
4810,-3746733.75,3535,0.01,2363948118.890625
4811,-2044786.975,2612,0.01,1599436229.53125
4812,-1818942.975,2464,0.01,1567522913.5
4813,-3906574.875,3610,0.01,1546416490.734375
4814,-9517950.225,5634,0.01,2582330430.1015625
4815,-9136449.75,5520,0.01,4807420984.8125
4816,-6510917.25,4660,0.01,4719229945.15625
4817,-5071202.225,4112,0.01,3699947385.125
4818,-5758149.35,4382,0.01,3130338646.03125
4819,-5601490.225,4322,0.01,2839286641.296875
4820,-11708192.674999999,6248,0.01,4736050972.3125
4821,-8507981.75,5326,0.01,5789396893.40625
4822,-2896159.0500000003,3108,0.01,3915922665.875
4823,-5557072.0,4305,0.01,4171545311.125
4824,-3378120.35,3357,0.01,2649487118.96875
4825,-9265174.924999999,5558,0.01,3168837332.90625
4826,-4596940.25,3915,0.01,2995562119.96875
4827,-14530004.0,6960,0.01,5096383037.84375
4828,-1949176.25,2550,0.01,3388754788.8125
4829,-6146977.175,4528,0.01,5576565828.0625
4830,-829694.5,1665,0.01,2073625769.8125
4831,-2767830.225,3039,0.01,2210323560.390625
4832,-1640710.375,2340,0.01,1033157186.9375
4833,-6995303.125,4830,0.01,1835770488.484375
4834,-2983864.5,3155,0.01,1874766113.3125
4835,-2782723.85,3047,0.01,1743380090.640625
4836,-8316286.25,5266,0.01,2662855410.484375
4837,-8762570.25,5405,0.01,4077857712.84375
4838,-9878061.475,5739,0.01,5057864304.390625
4839,-6206697.35,4549,0.01,4563091239.53125
4840,-9389545.125,5595,0.01,5339144036.8125
4841,-12860260.924999999,6548,0.01,5345542195.65625
4842,-3875537.625,3595,0.01,4452947527.625
4843,-14404504.875,6930,0.01,5444223428.8125
4844,-15552469.375,7201,0.01,8244966028.625
4845,-3244637.0,3290,0.01,5597268176.25
4846,-4820264.75,4010,0.01,5863516355.4375
4847,-11826298.125,6280,0.01,5762124331.796875
4848,-11096164.049999999,6083,0.01,6175313042.5625
4849,-5588434.6,4317,0.01,5233440283.375
4850,-5630818.8,4333,0.01,3521083192.90625
4851,-624916.25,1445,0.01,1170629256.125
4852,-3237793.75,3286,0.01,1938744923.84375
4853,-10847122.725,6014,0.01,3977288379.25
4854,-9704874.475,5689,0.01,5052949121.84375
4855,-17309929.85,7597,0.01,8338373479.6875
4856,-5402691.5,4245,0.01,6758201413.625
4857,-10862759.174999999,6018,0.01,8392940547.25
4858,-11691411.1,6244,0.01,5607778951.0
4859,-3361983.6,3349,0.01,4197134005.3125
4860,-4423578.75,3841,0.01,3380742941.21875
4861,-6408263.925,4623,0.01,3185000326.640625
4862,-7323670.225,4942,0.01,3158021295.0625
4863,-2452118.875,2860,0.01,2018148294.8125
4864,-15626156.799999999,7218,0.01,6380063407.125
4865,-18235460.224999998,7797,0.01,10804625753.5625
4866,-7126823.0,4875,0.01,8634908956.71875
4867,-16901652.225,7507,0.01,11755337009.0
4868,-21640789.599999998,8494,0.01,13140924128.875
4869,-5129602.125,4136,0.01,7860012288.3125
4870,-14684952.975,6997,0.01,9573210409.21875
4871,-5580229.1,4314,0.01,5415805563.8125
4872,-3783650.6750000003,3553,0.01,2880245328.125
4873,-4888736.05,4038,0.01,2617831046.671875
4874,-1020574.75,1846,0.01,1231776800.0625
4875,-6446160.725,4637,0.01,2752512430.9375
4876,-3665124.6,3497,0.01,2288779851.3125
4877,-492500.05,1283,0.01,782746740.625
4878,-8959732.0,5466,0.01,2798261226.09375
4879,-3884502.625,3600,0.01,2588566218.53125
4880,-11834906.725,6282,0.01,3999809576.15625
4881,-2864991.85,3092,0.01,3040566492.75
4882,-24409325.249999996,9021,0.01,10179083943.84375
4883,-10349105.85,5874,0.01,11764430383.6875
4884,-9370699.625,5590,0.01,9526115127.71875
4885,-4522324.35,3884,0.01,4037729417.0625
4886,-12090556.225,6349,0.01,4522551554.953125
4887,-7599700.85,5034,0.01,5015851028.59375
4888,-26776447.299999997,9448,0.01,12456260338.71875
4889,-15359816.875,7156,0.01,11211651799.53125
4890,-4212100.175,3748,0.01,6293621727.0625
4891,-5455477.625,4266,0.01,6156222410.4375
4892,-9667557.799999999,5678,0.01,4918047449.71875
4893,-5009529.225,4087,0.01,3387219085.3125
4894,-3277287.375,3306,0.01,2328324651.46875
4895,-11135728.549999999,6093,0.01,3830598451.984375
4896,-3770428.875,3546,0.01,3702603180.25
4897,-7232744.75,4911,0.01,4121580838.0625
4898,-3679959.6750000003,3503,0.01,2757547483.484375
4899,-6926915.375,4806,0.01,3278084954.8125
4900,-4292829.475,3784,0.01,2847858984.09375
4901,-6575232.05,4683,0.01,2956605748.71875
4902,-31344818.224999998,10222,0.01,12410915644.5625
4903,-16793319.8,7483,0.01,14518987186.8125
4904,-9161566.225,5527,0.01,10069745799.0
4905,-17370372.624999996,7610,0.01,10598727740.40625
4906,-14230702.299999999,6888,0.01,11073622909.8125
4907,-4514416.875,3880,0.01,6987128633.8125
4908,-14682090.85,6997,0.01,8484525731.15625
4909,-22747769.1,8709,0.01,11033838974.6875
4910,-8981961.924999999,5473,0.01,9721278428.0
4911,-645925.1,1469,0.01,3416835035.0
4912,-4032749.6,3667,0.01,6693528873.4375
4913,-3493893.1,3414,0.01,2480765665.8125
4914,-6995178.5,4830,0.01,2551323825.03125
4915,-4618962.375,3925,0.01,2519542492.421875
4916,-25520476.849999998,9224,0.01,9622088275.1875
4917,-23017935.374999996,8760,0.01,16851334586.3125
4918,-2099783.725,2647,0.01,6599009009.8125
4919,-20586518.5,8285,0.01,16344698108.75
4920,-9329440.549999999,5578,0.01,7840330885.40625
4921,-10520443.299999999,5923,0.01,5485158420.09375
4922,-10634298.375,5955,0.01,5383236275.5625
4923,-4530311.225,3887,0.01,4105291541.71875
4924,-10085043.35,5799,0.01,5391707038.53125
4925,-6139866.375,4525,0.01,4247091994.90625
4926,-42020274.0,11836,0.01,18370352966.96875
4927,-18099886.299999997,7768,0.01,17455220582.25
4928,-13102607.0,6610,0.01,10503792153.1875
4929,-9127242.475,5517,0.01,6700680385.9375
4930,-11303271.225,6139,0.01,6516515422.65625
4931,-15561535.174999999,7203,0.01,7383062234.75
4932,-7029617.475,4842,0.01,7058793299.8125
4933,-2733493.25,3020,0.01,4449912735.125
4934,-1734489.875,2406,0.01,2712199683.59375
4935,-1391588.0,2155,0.01,1476379263.609375
4936,-5054426.375,4106,0.01,2146215124.265625
4937,-4813767.85,4007,0.01,1840435306.140625
4938,-1464122.625,2211,0.01,1187173652.625
4939,-5074408.6,4114,0.01,1913186836.15625
4940,-3118020.25,3225,0.01,1693881397.515625
4941,-1884489.55,2508,0.01,1274669301.375
4942,-4761296.625,3985,0.01,1659852322.34375
4943,-4174935.725,3732,0.01,1649111286.84375
4944,-2059907.85,2622,0.01,1322144112.640625
4945,-1430934.25,2186,0.01,996457974.484375
4946,-3647124.8000000003,3488,0.01,1456229487.984375
4947,-8457691.75,5311,0.01,2458697315.71875
4948,-4530550.725,3887,0.01,2749131274.0625
4949,-5832147.75,4410,0.01,2926632081.34375
4950,-2869524.1,3094,0.01,2045396880.421875
4951,-3969630.35,3639,0.01,2123861689.609375
4952,-2817435.125,3066,0.01,1311847893.484375
4953,-3562363.225,3447,0.01,1358540689.375
4954,-1730859.3,2403,0.01,967101807.015625
4955,-2721500.4250000003,3013,0.01,1217950842.6015625
4956,-13144487.875,6620,0.01,3447365186.546875
4957,-4679949.25,3951,0.01,4790826364.125
4958,-9640624.0,5670,0.01,6747268394.90625
4959,-20030895.724999998,8172,0.01,8272350687.375
4960,-6952940.125,4815,0.01,7951444382.59375
4961,-4871917.5,4031,0.01,6272972646.5625
4962,-12831796.75,6541,0.01,6184835588.34375
4963,-15890571.225,7279,0.01,8080604287.21875
4964,-7516326.85,5007,0.01,7056263985.90625
4965,-6708353.875,4730,0.01,4014757063.0
4966,-6037628.1,4487,0.01,3250865539.515625
4967,-2912470.725,3117,0.01,2113810571.21875
4968,-14190092.6,6879,0.01,4827851092.0
4969,-6347687.125,4601,0.01,5495722231.15625
4970,-10063237.924999999,5793,0.01,6203830583.34375
4971,-6756739.225,4747,0.01,4424448100.15625
4972,-6410669.975,4624,0.01,3642841122.328125
4973,-2443188.875,2855,0.01,2210908168.453125
4974,-1476600.375,2220,0.01,1965380927.8125
4975,-5501034.425,4283,0.01,2547953317.0
4976,-4687713.6,3954,0.01,2068875064.046875
4977,-4463071.675,3858,0.01,2024635417.0625
4978,-10875390.225,6022,0.01,3742259938.984375
4979,-6391727.725,4617,0.01,4247319693.1875
4980,-9118522.85,5514,0.01,5527210556.75
4981,-6904813.6,4799,0.01,4016664115.375
4982,-9634794.924999999,5668,0.01,5257549355.9375
4983,-3138746.0,3236,0.01,2954437875.0
4984,-5377535.75,4235,0.01,4000204910.46875
4985,-6718150.3,4733,0.01,3615227281.328125
4986,-5678187.375,4351,0.01,2959369405.5625
4987,-11260607.1,6127,0.01,4933564915.46875
4988,-6945632.8,4813,0.01,4621187668.53125
4989,-17335713.05,7603,0.01,7236120807.84375
4990,-7199749.125,4900,0.01,6694563329.25
