Episode,Reward,Steps,Epsilon,Loss
0,-1306.475,74,0.995,6753.613189697266
1,-1940.975,87,0.990025,84146.61433410645
2,-2455.1,97,0.985074875,79961.59407043457
3,-716.6000000000001,59,0.9801495006250001,62206.00257873535
4,-1434.6,77,0.9752487531218751,81350.55033874512
5,-1094.1,69,0.9703725093562657,68255.42607116699
6,-677.925,58,0.9655206468094844,63343.1522064209
7,-385.7250000000001,49,0.960693043575437,47344.34655761719
8,-1187.875,71,0.9558895783575597,81532.53991699219
9,-2836.5499999999997,103,0.9511101304657719,129274.87686157227
10,-2749.225,102,0.946354579813443,110443.04330444336
11,-312.125,46,0.9416228069143757,52286.51690673828
12,-1402.25,76,0.9369146928798039,98275.5841217041
13,-2632.625,100,0.9322301194154049,128593.93165588379
14,-1476.8,78,0.9275689688183278,89107.17597961426
15,-1879.0,86,0.9229311239742362,104053.98620605469
16,-1586.75,80,0.918316468354365,101761.46536254883
17,-1011.35,67,0.9137248860125932,80489.78393554688
18,-568.75,55,0.9091562615825302,79527.18714904785
19,-7886.5,166,0.9046104802746175,205528.31442260742
20,-434.875,50,0.9000874278732445,56860.06692504883
21,-387.2250000000001,49,0.8955869907338783,69621.349609375
22,-12461.6,207,0.8911090557802088,299305.94175720215
23,-812.85,62,0.8866535105013078,104330.04446411133
24,-647.1,57,0.8822202429488013,89819.64804077148
25,-1082.1,69,0.8778091417340573,101837.21755981445
26,-771.625,61,0.8734200960253871,103231.38986206055
27,-2241.7999999999997,93,0.8690529955452602,165830.4670715332
28,-2023.0999999999997,89,0.8647077305675338,130088.74090576172
29,-1708.8,83,0.8603841919146962,139727.54736328125
30,-3422.1000000000004,112,0.8560822709551227,179641.48272705078
31,-2473.975,97,0.851801859600347,147838.13409423828
32,-2971.0000000000005,105,0.8475428503023453,172061.86264038086
33,-711.2250000000001,59,0.8433051360508336,112051.71951293945
34,-156.0,40,0.8390886103705794,74094.29791259766
35,-387.1000000000001,49,0.8348931673187264,92628.07223510742
36,-1681.8500000000001,82,0.8307187014821328,143197.7332763672
37,-331.6,47,0.8265651079747222,95832.33480834961
38,-3399.85,112,0.8224322824348486,187682.70016479492
39,-415.125,50,0.8183201210226743,91356.15893554688
40,-2230.0499999999997,93,0.8142285204175609,178181.13806152344
41,-839.55,63,0.810157377815473,111675.16960144043
42,-2224.4249999999997,93,0.8061065909263957,152456.35391235352
43,-996.6,67,0.8020760579717637,135438.4203491211
44,-5353.925,138,0.798065677681905,267785.10160827637
45,-1248.05,73,0.7940753492934954,129294.69400024414
46,-1520.35,79,0.7901049725470279,142056.24169921875
47,-1875.875,86,0.7861544476842928,155696.42715454102
48,-1346.5,75,0.7822236754458713,120716.98770141602
49,-1479.925,78,0.778312557068642,146005.25741577148
50,-231.425,43,0.7744209942832988,107709.27244567871
51,-1496.05,78,0.7705488893118823,151072.9767150879
52,-1021.1000000000003,67,0.7666961448653229,137322.22737121582
53,-1713.05,83,0.7628626641409962,205050.4984741211
54,-484.975,52,0.7590483508202912,126115.64978027344
55,-2077.25,90,0.7552531090661897,207911.6022644043
56,-222.3,43,0.7514768435208588,105321.8189086914
57,-2419.5,96,0.7477194593032545,205694.56439208984
58,-2398.75,96,0.7439808620067382,224737.3507385254
59,-3003.75,106,0.7402609576967045,255793.03439331055
60,-754.75,60,0.736559652908221,136604.73886108398
61,-3740.975,117,0.7328768546436799,221523.11987304688
62,-1067.0500000000002,68,0.7292124703704616,150373.76440429688
63,-4395.875,126,0.7255664080186093,311129.3077392578
64,-2.1750000000000114,33,0.7219385759785162,81695.8948059082
65,-705.3500000000001,59,0.7183288830986236,127534.61608886719
66,-1630.625,81,0.7147372386831305,176243.2329711914
67,-894.2249999999999,64,0.7111635524897149,107046.64196777344
68,-2074.0,90,0.7076077347272662,180240.5731201172
69,-7488.225,162,0.7040696960536299,361671.2519226074
70,-302.125,46,0.7005493475733617,116184.50625610352
71,-415.25,50,0.697046600835495,101746.60647583008
72,-1574.125,80,0.6935613678313175,174464.51876831055
73,-1117.625,70,0.6900935609921609,187218.10034179688
74,-2048.975,89,0.6866430931872001,180312.87963867188
75,-817.725,62,0.6832098777212641,154541.86099243164
76,-674.425,58,0.6797938283326578,145987.40106201172
77,-706.6000000000001,59,0.6763948591909945,139644.57931518555
78,-634.475,57,0.6730128848950395,140450.22805786133
79,-886.7249999999999,64,0.6696478204705644,183591.8120727539
80,-6651.55,153,0.6662995813682115,354808.2835845947
81,-3074.475,107,0.6629680834613705,262642.79165649414
82,-3015.25,106,0.6596532430440636,278946.5320739746
83,-5209.5,136,0.6563549768288433,249154.46408081055
84,-1671.1,82,0.653073201944699,188141.6802520752
85,-7661.099999999999,164,0.6498078359349755,365528.8957519531
86,-1570.5,80,0.6465587967553006,129904.90853881836
87,-1468.675,78,0.6433260027715241,152401.25958251953
88,-329.85,47,0.6401093727576664,118006.8473815918
89,-676.55,58,0.6369088258938781,142143.81982421875
90,-8590.925000000001,173,0.6337242817644086,427865.1124420166
91,-1378.875,76,0.6305556603555866,178112.8729248047
92,-5644.974999999999,142,0.6274028820538087,362746.61346435547
93,-1620.375,81,0.6242658676435396,208013.2667236328
94,-3682.625,116,0.6211445383053219,299759.2590332031
95,-1044.3,68,0.6180388156137953,177095.75033569336
96,-1429.725,77,0.6149486215357263,222115.46035766602
97,-3088.725,107,0.6118738784280476,259222.03103637695
98,-2881.6,104,0.6088145090359074,271928.56538391113
99,-1864.625,86,0.6057704364907278,224292.412109375
100,-3048.1,107,0.6027415843082742,320983.5003051758
101,-5093.0,135,0.5997278763867329,388764.3730773926
102,-1001.975,67,0.5967292370047992,179955.70333862305
103,-3463.2999999999997,113,0.5937455908197752,293503.4341430664
104,-2302.1,94,0.5907768628656763,257066.05526733398
105,-897.9749999999999,64,0.5878229785513479,168689.10678100586
106,-632.1,57,0.5848838636585911,171258.2557067871
107,-810.1,62,0.5819594443402982,182557.92959594727
108,-1727.425,83,0.5790496471185967,239873.91787719727
109,-664.05,58,0.5761543988830038,176294.38916015625
110,-487.6,52,0.5732736268885887,129763.72270202637
111,-6919.75,156,0.5704072587541458,442937.6760253906
112,-16399.85,237,0.567555222460375,611746.4619140625
113,-3064.975,107,0.5647174463480732,281627.439453125
114,-225.3,43,0.5618938591163328,159418.56942749023
115,-3731.85,117,0.5590843898207511,337470.0300292969
116,-4170.05,123,0.5562889678716474,325160.26861572266
117,-2346.125,95,0.5535075230322891,260883.55793762207
118,-3736.725,117,0.5507399854171277,376160.42080688477
119,-2513.0499999999997,98,0.547986285490042,324107.14447021484
120,-1590.5000000000002,80,0.5452463540625918,273735.58877563477
121,-3407.1,112,0.5425201222922789,368036.73126220703
122,-505.925,53,0.5398075216808175,148825.060546875
123,-7768.375,165,0.5371084840724134,524496.9519348145
124,-1349.375,75,0.5344229416520513,175635.76974487305
125,-1441.1,77,0.531750826943791,230403.72372436523
126,-2946.0,105,0.5290920728090721,282135.07666015625
127,-5000.6,134,0.5264466124450268,384795.076171875
128,-730.375,60,0.5238143793828016,213833.76983642578
129,-932.6249999999999,65,0.5211953074858876,181589.69412231445
130,-707.4750000000001,59,0.5185893309484582,167918.9682006836
131,-2816.0499999999997,103,0.5159963842937159,292290.5735473633
132,-1167.625,71,0.5134164023722473,243291.17935180664
133,-481.1,52,0.510849320360386,200049.80108642578
134,-534.8500000000001,54,0.5082950737585841,190902.59954833984
135,-2746.225,102,0.5057535983897912,306422.84872436523
136,-441.625,51,0.5032248303978422,128244.7133178711
137,-785.0,61,0.500708706245853,191701.1053161621
138,-2446.225,97,0.4982051627146237,313814.22955322266
139,-3059.225,107,0.49571413690105054,369156.772064209
140,-417.625,50,0.4932355662165453,160870.45440673828
141,-1969.3,88,0.4907693883854626,266480.39099121094
142,-1663.225,82,0.4883155414435353,307965.24044799805
143,-14912.75,226,0.4858739637363176,752559.8827514648
144,-2299.35,94,0.483444593917636,265258.79846191406
145,-5344.05,138,0.4810273709480478,430770.4785461426
146,-8914.25,176,0.47862223409330756,571367.8380737305
147,-11530.1,199,0.47622912292284103,658916.5871887207
148,-1232.9750000000004,72,0.4738479773082268,233446.8803100586
149,-112.17500000000001,38,0.47147873742168567,125960.76763916016
150,-2583.725,99,0.46912134373457726,308604.8904724121
151,-4524.049999999999,128,0.46677573701590436,478141.35791015625
152,-12577.050000000001,208,0.46444185833082485,665719.0141601562
153,-899.4749999999999,64,0.46211964903917074,276646.9457092285
154,-4227.099999999999,124,0.4598090507939749,455424.19451904297
155,-3269.75,110,0.457510005540005,314088.0604248047
156,-1970.8,88,0.45522245551230495,325127.9034423828
157,-1124.75,70,0.4529463432347434,214170.4585571289
158,-6920.25,156,0.4506816115185697,549738.1224060059
159,-1702.175,83,0.4484282034609769,298307.0516357422
160,-3809.4249999999997,118,0.446186062443672,427293.04122924805
161,-1837.7500000000005,85,0.4439551321314536,376144.28091430664
162,-4051.875,121,0.4417353564707963,433201.58532714844
163,-2413.25,96,0.43952667968844233,372675.09481811523
164,-3681.25,116,0.43732904629000013,329060.32775878906
165,-4950.8,133,0.4351424010585501,485113.1684265137
166,-21620.375,271,0.43296668905325736,1167565.954711914
167,-33663.225,337,0.43080185560799106,1337398.99508667
168,-6820.75,155,0.4286478463299511,729682.6446533203
169,-3047.0000000000005,106,0.42650460709830135,448780.58837890625
170,-6732.1,154,0.42437208406280985,680845.6008300781
171,-17311.675,243,0.4222502236424958,1003972.3549804688
172,-6877.749999999999,156,0.42013897252428334,695120.1450195312
173,-10895.35,194,0.4180382776616619,787533.446472168
174,-3458.0499999999997,113,0.4159480862733536,442810.04998779297
175,-15900.550000000001,233,0.41386834584198684,960502.8946533203
176,-5513.375,140,0.4117990041127769,725751.5451660156
177,-4070.724999999999,122,0.40974000909221303,521134.5625
178,-1295.85,74,0.40769130904675194,380225.7938232422
179,-9749.1,184,0.40565285250151817,874991.4353942871
180,-9237.225,179,0.4036245882390106,922327.1796264648
181,-7034.975,157,0.4016064652978155,756031.9776611328
182,-2542.5499999999997,98,0.3995984329713264,553744.1635742188
183,-11034.75,195,0.3976004408064698,886223.3739624023
184,-8029.975,167,0.39561243860243744,858451.2810058594
185,-10011.625,186,0.3936343764094253,939622.3733520508
186,-9988.0,186,0.39166620452737816,917532.0560913086
187,-742.125,60,0.3897078735047413,251832.32080078125
188,-7059.85,157,0.3877593341372176,768115.3333129883
189,-7296.0,160,0.3858205374665315,852712.6388244629
190,-3548.225,114,0.38389143477919885,617447.5979003906
191,-2596.725,99,0.3819719776053028,480939.20568847656
192,-2157.3750000000005,91,0.3800621177172763,393301.40075683594
193,-14261.125,221,0.37816180712868996,1175538.4479980469
194,-9753.225,184,0.37627099809304654,1129120.2860717773
195,-13335.475,214,0.3743896431025813,1084739.8563232422
196,-13119.85,212,0.37251769488706843,1106090.6606445312
197,-2592.225,99,0.3706551064126331,614052.6665039062
198,-4398.0,126,0.36880183088056995,610363.128112793
199,-7398.125,161,0.3669578217261671,1004533.2579956055
200,-2752.975,102,0.36512303261753626,581027.7810668945
201,-6227.425,148,0.3632974174544486,902669.5334472656
202,-2344.25,95,0.3614809303671764,585524.0587158203
203,-14501.175000000001,223,0.3596735257153405,1230561.1985473633
204,-3818.6749999999997,118,0.3578751580867638,788868.4852294922
205,-7879.75,166,0.35608578229633,897023.6950683594
206,-1530.225,79,0.3543053533848483,433553.7456665039
207,-3030.3750000000005,106,0.35253382661792404,707003.5321044922
208,-1658.225,82,0.3507711574848344,469385.31982421875
209,-1292.1,74,0.34901730169741024,422881.70849609375
210,-20356.8,263,0.3472722151889232,1403361.4706420898
211,-7801.5,165,0.3455358541129786,996710.0921630859
212,-5847.225,144,0.3438081748424137,935969.955078125
213,-3078.1,107,0.3420891339682016,604467.8308105469
214,-7705.6,164,0.3403786882983606,1027211.4593505859
215,-3748.6,117,0.3386767948568688,579277.9550170898
216,-11358.925000000001,198,0.33698341088258443,1033673.5278930664
217,-4091.6,122,0.3352984938281715,766241.3902587891
218,-3876.7250000000004,119,0.33362200135903064,817723.7541503906
219,-3073.35,107,0.33195389135223546,580034.7250976562
220,-27837.85,307,0.3302941218954743,1892616.455871582
221,-8802.375,175,0.32864265128599696,1078871.6571044922
222,-24992.875,291,0.326999438029567,1925044.2634887695
223,-3216.725,109,0.3253644408394192,582188.8583984375
224,-1779.6,84,0.3237376186352221,514173.71209716797
225,-10903.85,194,0.322118930542046,1073245.2141113281
226,-24100.5,286,0.32050833588933575,1777178.870666504
227,-2654.75,100,0.31890579420988907,576745.428894043
228,-8190.475000000001,169,0.3173112652388396,1194153.5939941406
229,-9423.5,181,0.3157247089126454,1095494.9160766602
230,-1922.225,87,0.3141460853680822,464435.9111328125
231,-10645.975,192,0.3125753549412418,1225256.6785888672
232,-27496.625,305,0.31101247816653554,1885750.900756836
233,-13532.125,216,0.30945741577570285,1501362.3831176758
234,-8459.1,172,0.3079101286968243,1158677.2348632812
235,-4114.225,122,0.3063705780533402,836462.0927734375
236,-1920.975,87,0.30483872516307353,529453.522644043
237,-2228.4249999999997,93,0.3033145315372582,750978.0275878906
238,-15173.550000000001,228,0.3017979588795719,1574183.8561401367
239,-8063.049999999998,168,0.30028896908517405,1006703.6480712891
240,-6376.0,150,0.2987875242397482,866265.5356445312
241,-14752.0,225,0.29729358661854943,1427128.1485595703
242,-6840.5,155,0.29580711868545667,1070663.8928833008
243,-5133.125,135,0.2943280830920294,870174.0424804688
244,-10686.1,192,0.29285644267656924,1381105.1684570312
245,-4464.6,127,0.2913921604631864,610515.7934570312
246,-4091.1,122,0.28993519966087045,871146.8078613281
247,-17858.225,247,0.2884855236625661,2022014.9512939453
248,-5491.125,140,0.28704309604425327,1105162.9600219727
249,-6552.1,152,0.285607880564032,1023280.3641967773
250,-13714.725,217,0.28417984116121187,1741247.6038208008
251,-4042.625,121,0.2827589419554058,835190.9369506836
252,-2933.25,105,0.28134514724562876,794419.7570800781
253,-2579.725,99,0.2799384215094006,879898.2028808594
254,-2126.375,91,0.27853872940185365,755980.943359375
255,-13326.975,214,0.27714603575484437,1450017.9591064453
256,-7682.6,164,0.2757603055760701,1132935.7791748047
257,-2131.5,91,0.2743815040481898,976210.8841552734
258,-2993.5,106,0.2730095965279488,747673.6262817383
259,-2878.85,104,0.27164454854530906,1025512.6664428711
260,-14818.5,225,0.2702863258025825,1826593.5133666992
261,-130011.87499999999,660,0.2689348941735696,5352872.1564331055
262,-23814.475,284,0.26759021970270175,2829603.4931640625
263,-14918.0,226,0.2662522686041882,2198373.358276367
264,-1620.875,81,0.2649210072611673,901011.4171142578
265,-63814.924999999996,463,0.26359640222486147,4764188.127807617
266,-24277.35,287,0.26227842021373715,2975923.4505615234
267,-6746.225,154,0.2609670281126685,1541250.4071044922
268,-19539.675,258,0.25966219297210513,2934147.0997314453
269,-2400.5,96,0.2583638820072446,1170222.4841308594
270,-13580.25,216,0.2570720625972084,2086162.8079833984
271,-6452.375,151,0.25578670228422234,1636669.0751953125
272,-9936.499999999998,186,0.25450776877280124,1946372.0212402344
273,-12200.875,205,0.2532352299289372,1994632.964477539
274,-42172.35,377,0.2519690537792925,4309403.557983398
275,-10798.425000000001,193,0.2507092085103961,2014014.402709961
276,-5501.25,140,0.2494556624678441,1700530.0170898438
277,-1771.85,84,0.24820838415550486,1119562.6516113281
278,-6925.625,156,0.24696734223472733,1852769.1677246094
279,-4257.1,124,0.2457325055235537,1758799.8728027344
280,-36888.549999999996,353,0.24450384299593592,4378602.620727539
281,-32003.975,329,0.24328132378095624,3717834.7493896484
282,-17342.55,243,0.24206491716205145,2629307.5427246094
283,-11141.375,196,0.2408545925762412,2602098.5439453125
284,-20157.85,262,0.23965031961336,3163629.1662597656
285,-1281.725,74,0.2384520680152932,833768.8806152344
286,-10668.35,192,0.23725980767521673,2380346.9748535156
287,-6165.049999999999,148,0.23607350863684065,1646138.6499023438
288,-14432.05,223,0.23489314109365644,2875593.180908203
289,-21607.0,271,0.23371867538818816,3440166.5955810547
290,-15541.25,231,0.23255008201124722,3210401.901489258
291,-5688.975,142,0.231387331601191,1621661.7258300781
292,-15285.975,229,0.23023039494318503,3322663.3635253906
293,-49654.225,409,0.2290792429684691,4934054.573486328
294,-22302.75,275,0.22793384675362674,3168385.873046875
295,-4364.374999999999,126,0.22679417751985861,1572769.6374511719
296,-15174.550000000001,228,0.22566020663225933,2948253.8575439453
297,-15277.599999999999,229,0.22453190559909803,3136299.4887695312
298,-4081.6,122,0.22340924607110255,1385364.12109375
299,-13206.925000000001,213,0.22229219984074702,2818410.2692871094
300,-4449.475,127,0.2211807388415433,2268019.9990234375
301,-9919.75,185,0.22007483514733558,2336528.7250976562
302,-11186.85,197,0.2189744609715989,2527891.4956054688
303,-4222.474999999999,124,0.2178795886667409,1516664.8522949219
304,-6438.625,151,0.2167901907234072,1975488.5458984375
305,-16664.925000000003,238,0.21570623976979014,3101368.6888427734
306,-27995.55,308,0.21462770857094118,4320912.806152344
307,-26855.975,302,0.21355457002808648,3916524.7786865234
308,-14907.25,226,0.21248679717794605,2641119.0565185547
309,-4788.125,131,0.21142436319205632,1417728.0024414062
310,-10891.85,194,0.21036724137609603,2380548.6352539062
311,-36252.375,350,0.20931540516921554,4521076.39074707
312,-26398.725,299,0.20826882814336947,3169370.8302001953
313,-48481.6,404,0.20722748400265262,5386237.058349609
314,-12464.85,207,0.20619134658263935,2568155.364501953
315,-15158.675000000001,228,0.20516038984972615,2944953.6892089844
316,-6087.725,147,0.2041345879004775,2157373.6778564453
317,-13597.875,216,0.2031139149609751,2426102.6392822266
318,-6472.75,151,0.20209834538617025,2240747.0134277344
319,-7081.175,158,0.2010878536592394,2021263.4182128906
320,-32667.85,332,0.2000824143909432,4375729.062255859
321,-18280.25,250,0.19908200231898848,2951908.618408203
322,-10848.724999999999,194,0.19808659230739353,2225823.8118896484
323,-6550.725,152,0.19709615934585656,1848019.0246582031
324,-26771.0,301,0.19611067854912728,3653365.7459716797
325,-13215.050000000001,213,0.19513012515638165,2163006.0764160156
326,-31174.0,325,0.19415447453059972,3799735.133911133
327,-12724.1,209,0.19318370215794672,2357045.7401123047
328,-14914.25,226,0.192217783647157,2890277.2427978516
329,-10345.725,189,0.1912566947289212,2392870.71875
330,-37730.1,357,0.1903004112552766,4808251.657836914
331,-17621.625,245,0.18934890919900021,2790969.0521240234
332,-14843.625,226,0.18840216465300522,2220893.1540527344
333,-57823.375,441,0.18746015382974018,4897670.531616211
334,-32408.25,331,0.1865228530605915,3586000.88671875
335,-6257.1,149,0.18559023879528855,1896923.2768554688
336,-3383.225,112,0.1846622876013121,1491209.4365234375
337,-19526.3,258,0.18373897616330553,2922819.3873291016
338,-8470.35,172,0.182820281282489,2078585.794921875
339,-7742.625,165,0.18190617987607657,2261084.408203125
340,-16647.1,239,0.18099664897669618,2813968.4166259766
341,-23732.1,284,0.1800916657318127,3349542.0517578125
342,-5317.299999999999,138,0.17919120740315364,1756317.4145507812
343,-49353.049999999996,408,0.17829525136613786,5307191.627441406
344,-20642.5,265,0.17740377510930716,3557877.7955322266
345,-15163.425000000001,228,0.17651675623376062,2781913.4487304688
346,-8066.05,168,0.1756341724525918,1795776.5930175781
347,-13949.85,219,0.17475600159032884,2443924.2380371094
348,-36701.85,352,0.17388222158237718,4490312.270629883
349,-23745.1,284,0.1730128104744653,3120980.9904785156
350,-11562.125,200,0.17214774642209296,2856672.1489257812
351,-11324.800000000001,198,0.1712870076899825,2553001.2126464844
352,-17426.35,244,0.17043057265153258,3163099.2814941406
353,-22431.5,276,0.16957841978827493,3675725.832763672
354,-7177.724999999999,159,0.16873052768933355,1947503.8582763672
355,-17506.625,245,0.1678868750508869,3273910.7657470703
356,-34364.75,341,0.16704744067563246,3757233.0100097656
357,-25984.85,297,0.1662122034722543,3246656.6701660156
358,-34803.049999999996,343,0.16538114245489302,3676393.141845703
359,-49441.924999999996,408,0.16455423674261854,4548353.333251953
360,-30049.475,319,0.16373146555890544,4001850.0661621094
361,-21239.1,269,0.16291280823111093,3135805.809326172
362,-42127.725,377,0.16209824418995536,4543756.212524414
363,-10601.974999999999,192,0.16128775296900558,2553472.1795654297
364,-4301.625,125,0.16048131420416054,1726022.8801269531
365,-16218.0,236,0.15967890763313974,2702845.7520751953
366,-18744.175,253,0.15888051309497406,3649680.8497314453
367,-25102.85,292,0.1580861105294992,3301472.8486328125
368,-28481.125,311,0.1572956799768517,3910856.8013916016
369,-2497.0499999999997,98,0.15650920157696743,1312016.169921875
370,-17356.3,243,0.1557266555690826,2864228.1279296875
371,-23024.5,280,0.1549480222912372,3839124.1630859375
372,-15028.1,227,0.15417328217978102,3134590.9782714844
373,-26694.625,301,0.1534024157688821,3976619.4439697266
374,-7561.05,163,0.1526354036900377,2028528.7009277344
375,-17223.425,243,0.1518722266715875,3148934.779663086
376,-32029.725,329,0.15111286553822956,4428900.1513671875
377,-14994.225,227,0.15035730121053842,2847305.177734375
378,-5913.25,145,0.14960551470448571,1700434.5222167969
379,-33958.225,339,0.14885748713096328,4503802.355957031
380,-6893.75,156,0.14811319969530845,1951573.19140625
381,-27422.625,305,0.1473726336968319,3730902.033935547
382,-17077.1,242,0.14663577052834775,3249319.4454345703
383,-79529.09999999999,517,0.14590259167570602,6875961.138549805
384,-7061.924999999999,158,0.1451730787173275,2175032.725341797
385,-55920.225,434,0.14444721332374086,6833618.344116211
386,-4450.725,127,0.14372497725712216,1862777.7861328125
387,-9078.175000000001,178,0.14300635237083656,2412998.1123046875
388,-30837.55,323,0.14229132060898236,4367500.992919922
389,-46812.35,397,0.14157986400593744,5456681.928955078
390,-77346.99999999999,510,0.14087196468590776,7054596.736572266
391,-18035.675,248,0.14016760486247823,3492858.1560058594
392,-19806.875,260,0.13946676683816583,3960718.057373047
393,-16937.875,241,0.138769433003975,3255959.5463867188
394,-58582.1,444,0.13807558583895513,7400577.704467773
395,-19512.175,258,0.13738520790976036,3429103.318359375
396,-61324.475,454,0.13669828187021155,6926543.789550781
397,-5845.1,144,0.13601479046086049,2262872.869873047
398,-16029.85,234,0.1353347165085562,4077363.928833008
399,-21757.85,272,0.1346580429260134,3744557.806640625
400,-44196.375,386,0.13398475271138335,6186482.970458984
401,-34371.25,341,0.13331482894782642,5261595.140136719
402,-27474.75,305,0.13264825480308728,4716426.0322265625
403,-13310.974999999999,214,0.13198501352907185,3181425.0302734375
404,-55239.875,431,0.1313250884614265,6563345.522705078
405,-75349.79999999999,503,0.13066846301911936,7866109.445800781
406,-16154.625,235,0.13001512070402377,3323943.131591797
407,-44920.475,389,0.12936504510050365,5242450.361083984
408,-72939.99999999999,495,0.12871821987500112,8182173.7099609375
409,-2946.25,105,0.12807462877562611,1328248.7026367188
410,-177267.24999999997,770,0.12743425563174798,11927172.88256836
411,-14741.875,225,0.12679708435358925,3868697.515625
412,-8847.499999999998,176,0.1261630989318213,2932082.3041992188
413,-42752.625,380,0.1255322834371622,6811071.527832031
414,-20136.6,262,0.12490462201997637,4869378.3330078125
415,-30253.0,320,0.1242800989098765,5754038.341308594
416,-13423.125,215,0.12365869841532712,3980150.757080078
417,-21544.25,271,0.12304040492325048,5378122.805908203
418,-56973.049999999996,438,0.12242520289863423,7919256.689208984
419,-23523.55,283,0.12181307688414106,4748296.771240234
420,-91769.62499999999,555,0.12120401149972035,11135433.283691406
421,-7101.925,158,0.12059799144222175,2801123.3315429688
422,-26478.125,300,0.11999500148501063,6172063.206542969
423,-110944.37499999999,610,0.11939502647758558,10082299.307373047
424,-120285.99999999999,635,0.11879805134519765,12253442.018554688
425,-9633.175000000001,183,0.11820406108847166,3562380.087890625
426,-26187.55,298,0.1176130407830293,6204147.456542969
427,-30757.05,323,0.11702497557911415,6373129.5234375
428,-91794.12499999999,555,0.11643985070121858,11091408.735351562
429,-31375.375,326,0.11585765144771248,6320743.65625
430,-4601.725,129,0.11527836319047392,2981148.98046875
431,-45163.125,390,0.11470197137452155,8384229.217285156
432,-42694.625,380,0.11412846151764894,8062849.5673828125
433,-22388.875,276,0.1135578192100607,6560274.5087890625
434,-104.55000000000001,38,0.11299003011401039,747043.6420898438
435,-28980.425,313,0.11242507996344034,7807942.597167969
436,-23050.625,280,0.11186295456362313,6402850.174316406
437,-23485.3,283,0.11130363979080501,6078058.576171875
438,-81399.42499999999,523,0.11074712159185099,12131465.45703125
439,-37976.924999999996,358,0.11019338598389174,8175559.787109375
440,-58199.299999999996,443,0.10964241905397228,10099747.301513672
441,-61614.75,455,0.10909420695870241,9595432.27319336
442,-25110.35,292,0.1085487359239089,5428248.345458984
443,-9209.725,179,0.10800599224428936,3944706.2709960938
444,-39513.875,365,0.10746596228306791,8393402.828125
445,-11926.800000000001,203,0.10692863247165257,4099606.4770507812
446,-24431.05,288,0.1063939893092943,7393498.194824219
447,-106656.04999999999,598,0.10586201936274783,13136577.064208984
448,-23073.25,280,0.10533270926593409,5870148.9091796875
449,-43055.0,381,0.10480604571960442,8959569.962402344
450,-39041.174999999996,363,0.1042820154910064,8397811.134277344
451,-140031.12499999997,685,0.10376060541355137,13731652.411132812
452,-170271.24999999997,755,0.1032418023864836,18379072.071289062
453,-93237.97499999999,559,0.10272559337455119,10898025.84375
454,-31092.975,324,0.10221196540767843,7429700.687255859
455,-112892.24999999999,615,0.10170090558064004,14055045.110839844
456,-121517.92499999999,638,0.10119240105273684,14325721.568359375
457,-110011.22499999999,607,0.10068643904747315,13433209.588867188
458,-206574.375,831,0.10018300685223579,20046441.154296875
459,-26040.975,297,0.0996820918179746,7177605.232421875
460,-94518.92499999999,563,0.09918368135888474,15292844.451660156
461,-142339.37499999997,690,0.09868776295209031,18896885.74169922
462,-153288.25,716,0.09819432413732986,18277209.544433594
463,-60377.875,450,0.09770335251664321,11541122.1484375
464,-462963.05,1243,0.09721483575406,38190722.66455078
465,-75174.6,502,0.09672876157528969,17744290.516601562
466,-59540.475,447,0.09624511776741324,18922625.452148438
467,-31070.35,324,0.09576389217857617,13600407.91015625
468,-33840.549999999996,338,0.09528507271768329,12965083.51171875
469,-319510.675,1033,0.09480864735409487,42626054.87402344
470,-19034.125,255,0.0943346041173244,9823383.004882812
471,-116713.99999999999,625,0.09386293109673778,26542027.193359375
472,-31593.85,327,0.09339361644125409,15785452.952148438
473,-54367.174999999996,428,0.09292664835904782,17495005.858398438
474,-116542.12499999999,625,0.09246201511725258,31641026.548828125
475,-23003.850000000002,279,0.09199970504166631,12078038.939453125
476,-22307.0,275,0.09153970651645797,14838174.78125
477,-156134.175,723,0.09108200798387568,34028043.67871094
478,-312811.35,1022,0.0906265979439563,45764485.27734375
479,-113704.975,617,0.09017346495423652,31871409.359375
480,-286814.475,979,0.08972259762946533,50728843.376953125
481,-13871.175000000001,218,0.089273984641318,11938448.032226562
482,-51423.875,416,0.0888276147181114,22583437.145507812
483,-206233.875,830,0.08838347664452084,41931201.11816406
484,-129720.1,659,0.08794155926129824,33019075.3828125
485,-83425.72499999999,529,0.08750185146499175,23756745.083007812
486,-179414.87499999997,775,0.08706434220766679,38387244.59765625
487,-80035.8,518,0.08662902049662846,25838931.157226562
488,-103230.425,588,0.08619587539414532,27032510.631835938
489,-62701.35,459,0.08576489601717459,20874950.814453125
490,-25183.85,292,0.08533607153708872,14174509.859375
491,-101561.55,583,0.08490939117940327,30897868.642578125
492,-155745.84999999998,722,0.08448484422350626,34406573.87597656
493,-323504.725,1039,0.08406242000238873,47929010.181640625
494,-161118.09999999998,734,0.08364210790237678,34603163.74316406
495,-226954.37499999997,871,0.0832238973628649,39041720.65625
496,-93326.475,559,0.08280777787605056,26350338.939453125
497,-28948.05,313,0.08239373898667031,15986790.47265625
498,-248934.47499999998,912,0.08198177029173696,45583767.62011719
499,-75567.84999999999,504,0.08157186144027828,24113165.631835938
500,-266165.3,943,0.0811640021330769,41125318.189453125
501,-57515.625,440,0.08075818212241151,18857471.223632812
502,-56479.875,436,0.08035439121179945,20935380.260742188
503,-340249.25,1066,0.07995261925574046,52334723.693359375
504,-26533.25,300,0.07955285615946175,13543665.708984375
505,-91896.37499999999,555,0.07915509187866444,29233452.782226562
506,-5497.625,140,0.07875931641927113,5993147.7939453125
507,-92146.12499999999,556,0.07836551983717477,29124680.834960938
508,-607249.6,1424,0.07797369223798889,71213970.171875
509,-264086.725,939,0.07758382377679894,61597540.462890625
510,-56251.75,435,0.07719590465791494,28722032.5078125
511,-671525.475,1497,0.07680992513462537,105118178.96679688
512,-74486.49999999999,500,0.07642587550895225,37198985.2109375
513,-197679.55,813,0.07604374613140748,65311071.32421875
514,-272474.35,954,0.07566352740075044,72737450.3984375
515,-231818.37499999997,880,0.07528520976374668,70144645.89257812
516,-196240.12499999997,810,0.07490878371492794,63270925.091796875
517,-164557.34999999998,742,0.0745342397963533,53325840.361328125
518,-85725.125,536,0.07416156859737154,30956450.97265625
519,-253648.37499999997,921,0.07379076075438468,61612525.5546875
520,-11913.550000000001,203,0.07342180695061275,14984107.6953125
521,-78439.79999999999,513,0.07305469791585968,30274635.146484375
522,-90037.24999999999,550,0.07268942442628039,33534424.53125
523,-42959.25,381,0.07232597730414898,28151982.873046875
524,-31249.625,325,0.07196434741762824,24043006.373046875
525,-67638.72499999999,477,0.0716045256805401,30729209.90625
526,-122889.625,641,0.0712465030521374,39033863.72949219
527,-100712.99999999999,581,0.0708902705368767,35774142.509765625
528,-51463.0,416,0.07053581918419231,21164469.125
529,-39467.75,365,0.07018314008827135,18592461.8359375
530,-1256087.975,2047,0.06983222438783,119352634.20019531
531,-265565.975,942,0.06948306326589085,93546558.09765625
532,-27781.6,307,0.0691356479495614,31227142.748046875
533,-274183.1,957,0.06878996970981359,99448694.45117188
534,-294370.225,992,0.06844601986126451,105276664.4765625
535,-241855.84999999998,899,0.06810378976195819,96675852.39453125
536,-194685.09999999998,807,0.0677632708131484,87732929.234375
537,-133609.84999999998,669,0.06742445445908266,67075977.66796875
538,-104420.22499999999,592,0.06708733218678724,61206302.0234375
539,-159665.37499999997,731,0.0667518955258533,69282365.25976562
540,-266662.475,944,0.06641813604822402,87189105.65039062
541,-68496.99999999999,480,0.0660860453679829,41897307.693359375
542,-138407.87499999997,681,0.06575561514114299,58584950.25390625
543,-75284.92499999999,503,0.06542683706543727,44703297.49609375
544,-158313.8,728,0.06509970288011008,54808948.86425781
545,-85986.34999999999,537,0.06477420436570952,28114227.557617188
546,-457628.875,1236,0.06445033334388098,64694647.16894531
547,-56805.725,437,0.06412808167716157,31444717.228515625
548,-163000.97499999998,739,0.06380744126877576,47500877.07910156
549,-24055.25,286,0.06348840406243188,16736534.870117188
550,-170634.37499999997,756,0.06317096204211972,47589171.537109375
551,-253043.37499999997,920,0.06285510723190912,53079894.43261719
552,-586166.85,1399,0.06254083169574957,75975195.9765625
553,-66224.97499999999,472,0.062228127537270826,28895305.51953125
554,-307161.8,1013,0.06191698689958447,71506628.37304688
555,-243233.72499999998,902,0.061607401965086545,58978438.353515625
556,-50358.975,412,0.06129936495526111,31632469.79296875
557,-252569.47499999998,919,0.0609928681304848,65685988.7890625
558,-92408.34999999999,557,0.060687903789832374,40052655.455078125
559,-404761.55,1163,0.06038446427088321,85429244.6875
560,-30423.125,321,0.06008254194952879,22974902.770507812
561,-72424.05,493,0.05978212923978115,34110139.8125
562,-251443.09999999998,917,0.05948321859358224,57998770.07421875
563,-263697.725,939,0.05918580250061433,54072567.884765625
564,-516900.6,1314,0.058889873488111255,85963793.03320312
565,-14095.875,220,0.058595424120670696,14510194.4140625
566,-85050.59999999999,534,0.05830244700006734,35126929.41796875
567,-351715.85,1084,0.058010934765067,65760004.611328125
568,-129140.67499999999,658,0.05772088009124167,44385555.15234375
569,-114806.74999999999,620,0.05743227569078546,47276553.515625
570,-295247.55,993,0.05714511431233153,61486859.607421875
571,-63564.1,462,0.05685938874076987,38883347.296875
572,-448119.8,1223,0.056575091797066025,85311315.87304688
573,-226366.74999999997,870,0.056292216338080694,56199808.5625
574,-92073.5,555,0.05601075525639029,39120909.0546875
575,-251147.87499999997,916,0.05573070148010834,67428230.32421875
576,-776130.225,1609,0.0554520479727078,102921286.359375
577,-202032.59999999998,822,0.05517478773284426,66498359.748046875
578,-207426.175,833,0.05489891379418004,60301203.18359375
579,-136406.37499999997,676,0.05462441922520914,47069345.958984375
580,-127248.42499999999,653,0.0543512971290831,47130734.779296875
581,-447983.8,1223,0.05407954064343768,88753376.43945312
582,-393650.975,1147,0.05380914294022049,90327428.10742188
583,-104134.49999999999,591,0.05354009722551939,43680829.931640625
584,-249198.3,913,0.05327239673939179,72051999.55859375
585,-110261.42499999999,608,0.053006034755694834,39240192.8984375
586,-94001.84999999999,562,0.052741004581916356,45581720.05078125
587,-467624.875,1250,0.052477299559006776,82635478.60742188
588,-29074.725,314,0.052214913061211746,23932173.15625
589,-127613.47499999999,654,0.05195383849590569,45390025.0
590,-156086.8,723,0.05169406930342616,48410213.765625
591,-750546.5499999999,1583,0.05143559895690903,99331177.08984375
592,-461805.475,1242,0.051178420962124486,94263934.26757812
593,-1049335.0,1871,0.05092252885731386,171693791.5625
594,-45104.875,390,0.05066791621302729,37520850.58203125
595,-192918.425,803,0.05041457663196215,82482915.19140625
596,-396144.125,1150,0.050162503748802344,121773394.6640625
597,-329425.85,1049,0.049911691230058335,100143181.9921875
598,-1423812.475,2179,0.04966213277390804,228657036.21875
599,-414339.625,1176,0.0494138221100385,139683333.76171875
600,-173009.24999999997,761,0.04916675299948831,102406312.03125
601,-265643.35,942,0.04892091923449087,118631986.0078125
602,-373029.0,1116,0.04867631463831842,134243450.32421875
603,-1099479.5,1915,0.048432933065126825,242077535.16015625
604,-476284.625,1261,0.048190768399801194,165803075.26171875
605,-512285.175,1308,0.04794981455780219,174805843.76953125
606,-452660.35,1229,0.04771006548501318,172314412.4375
607,-1653301.175,2348,0.047471515157588115,293510826.43359375
608,-893418.225,1727,0.047234157581800176,254017772.74609375
609,-347282.725,1077,0.046997986793891174,159282689.765625
610,-2611382.375,2951,0.04676299685992172,502554044.8203125
611,-1263560.3,2053,0.04652918187562211,478464554.953125
612,-1728677.875,2401,0.046296535966244,597684829.6484375
613,-320660.625,1035,0.046065053286412784,255079033.5234375
614,-298826.6,999,0.04583472801998072,257486357.7265625
615,-120710.87499999999,636,0.045605554379880814,157631329.71875
616,-180495.97499999998,777,0.04537752660798141,227232548.8828125
617,-260501.8,933,0.0451506389749415,266625990.28125
618,-1012453.2999999999,1838,0.044924885780066794,513164492.45703125
619,-300142.75,1001,0.04470026135116646,208632553.3359375
620,-487888.75,1276,0.04447676004441063,297348663.484375
621,-634419.25,1455,0.04425437624418858,333567128.77734375
622,-549291.975,1354,0.04403310436296763,236737046.92382812
623,-229109.62499999997,875,0.043812938841152796,138917393.78515625
624,-547638.225,1352,0.04359387414694703,187193982.80859375
625,-1422269.425,2178,0.043375904776212296,317550731.546875
626,-892234.5,1725,0.043159025252331236,252693113.22265625
627,-125716.84999999999,649,0.04294323012606958,107461937.6484375
628,-698769.6,1527,0.04272851397543923,244185458.47265625
629,-419646.35,1184,0.04251487140556204,184636844.0234375
630,-506791.125,1301,0.04230229704853423,196977405.78515625
631,-143441.425,693,0.04209078556329156,104070502.8125
632,-136015.49999999997,675,0.0418803316354751,115354033.5
633,-263156.3,938,0.041670929977297724,146772914.64453125
634,-411215.1,1172,0.04146257532741124,182044757.65234375
635,-42841.125,380,0.04125526245077418,55298771.953125
636,-384164.55,1133,0.04104898613852031,149304849.50585938
637,-265690.35,942,0.04084374120782771,97136413.47460938
638,-273506.875,956,0.04063952250178857,116697457.54492188
639,-1001591.9249999999,1828,0.04043632488927963,187549981.65429688
640,-545990.25,1350,0.04023414326483323,161254253.38085938
641,-503191.75,1296,0.040032972548509065,141075655.89453125
642,-332608.1,1054,0.03983280768576652,114515468.15234375
643,-876273.5,1710,0.03963364364733769,195851771.01367188
644,-1359060.725,2129,0.039435475429100995,241441666.3125
645,-259979.1,932,0.03923829805195549,116540647.44921875
646,-517206.85,1314,0.03904210656169572,193338341.609375
647,-748053.75,1580,0.03884689602888724,201704124.546875
648,-108487.17499999999,603,0.0386526615487428,79616468.6328125
649,-436245.6,1207,0.03845939824099909,162228851.40234375
650,-647720.75,1470,0.03826710124979409,196517222.05078125
651,-707696.725,1537,0.038075765743545126,207562434.63671875
652,-685816.4249999999,1513,0.0378853869148274,181360758.0703125
653,-1139297.125,1950,0.03769595998025326,206703012.19140625
654,-117962.59999999999,629,0.03750748018035199,81399423.16015625
655,-172113.59999999998,759,0.037319942779450235,103303501.34375
656,-1005036.0,1831,0.037133343065552986,232853413.53125
657,-130063.24999999999,660,0.03694767635022522,95229224.7890625
658,-654104.9249999999,1478,0.036762937968474095,219293864.9375
659,-961805.6,1792,0.03657912327863173,252130377.50390625
660,-36620.6,352,0.036396227662238566,46742324.1171875
661,-77386.49999999999,510,0.03621424652392737,85731161.85546875
662,-425587.35,1192,0.036033175291307735,189723213.15625
663,-325236.725,1042,0.03585300941485119,160905904.82421875
664,-483761.5,1271,0.035673744367776934,170637693.58203125
665,-453157.125,1230,0.03549537564593805,149403331.328125
666,-538637.375,1341,0.035317898767708356,147053019.35546875
667,-133087.425,668,0.03514130927386981,74471361.77734375
668,-973550.0499999999,1803,0.03496560272750046,208569927.1171875
669,-386804.85,1137,0.03479077471386296,111934934.46679688
670,-358851.375,1095,0.03461682084029365,103574818.92578125
671,-304534.1,1009,0.034443736736092176,97948030.67578125
672,-456343.625,1235,0.034271518052411715,126174920.41796875
673,-225738.22499999998,869,0.034100160462149656,86685217.19921875
674,-604717.25,1421,0.03392965965983891,137733062.65429688
675,-308753.0,1016,0.033760011361539714,103727054.5859375
676,-752831.5,1585,0.03359121130473201,163013096.7109375
677,-160436.925,733,0.033423255248208356,82851398.97070312
678,-225269.925,868,0.03325613897196732,83569216.6328125
679,-520112.925,1318,0.03308985827710748,127093805.125
680,-90098.49999999999,550,0.032924408985721944,57888144.2265625
681,-455654.35,1234,0.03275978694079333,116585322.60351562
682,-289001.8,983,0.032595988006089364,87738883.328125
683,-51349.875,416,0.032433008066058915,42092943.248046875
684,-292489.725,989,0.03227084302572862,94283735.84375
685,-593705.0499999999,1408,0.032109488810599975,123774449.98046875
686,-516227.55,1313,0.031948941366546975,122502236.40039062
687,-378834.25,1125,0.03178919665971424,101569673.06445312
688,-302591.25,1006,0.03163025067641567,87151608.5234375
689,-485936.6,1274,0.03147209942303359,112293597.8046875
690,-514555.0,1311,0.03131473892591842,102915983.05078125
691,-1202260.675,2003,0.031158165231288826,186626436.87695312
692,-363449.6,1102,0.03100237440513238,126078077.23046875
693,-135129.675,673,0.030847362533106718,64816821.39453125
694,-265486.475,942,0.030693125720441184,90304407.671875
695,-648944.475,1472,0.030539660091838977,165614180.59375
696,-328157.975,1047,0.03038696179137978,118416452.796875
697,-738363.125,1570,0.030235026982422884,176092271.87109375
698,-285478.725,977,0.030083851847510768,120046861.171875
699,-301590.35,1004,0.029933432588273214,114152213.4609375
700,-510022.625,1305,0.029783765425331846,164936402.08203125
701,-305269.375,1010,0.029634846598205186,112131046.98242188
702,-111701.09999999999,612,0.02948667236521416,60891740.119140625
703,-423042.85,1189,0.029339239003388088,106021384.79492188
704,-489892.475,1279,0.029192542808371146,126607445.24609375
705,-576114.225,1387,0.02904658009432929,129017014.796875
706,-314287.625,1025,0.028901347193857643,105550068.734375
707,-377979.1,1124,0.028756840457888354,106777497.07421875
708,-279048.125,966,0.02861305625559891,86066302.46289062
709,-897208.25,1731,0.028469990974320916,163135310.44335938
710,-1080448.475,1899,0.02832764101944931,207957016.2890625
711,-1158177.75,1966,0.028186002814352063,231199406.1484375
712,-173468.22499999998,762,0.0280450728002803,95864342.53515625
713,-225183.55,868,0.0279048474362789,123741006.16796875
714,-1166774.3,1973,0.027765323199097504,255302314.828125
715,-888738.475,1722,0.027626496583102015,255120381.7265625
716,-562056.125,1370,0.027488364100186506,234916791.32421875
717,-581292.2999999999,1393,0.027350922279685573,210352014.37890625
718,-254746.55,923,0.027214167668287145,146276085.67578125
719,-654206.5499999999,1478,0.02707809682994571,215148874.04296875
720,-226882.74999999997,871,0.02694270634579598,116522177.734375
721,-838420.9249999999,1673,0.026807992814067,224005102.484375
722,-306828.3,1013,0.026673952849996664,127877720.37890625
723,-1232208.8,2028,0.02654058308574668,243449491.42578125
724,-126439.24999999999,651,0.026407880170317945,97367222.22265625
725,-809814.975,1644,0.026275840769466357,235553040.65234375
726,-1232385.675,2028,0.026144461565619025,297639590.1484375
727,-337328.725,1062,0.02601373925779093,176434573.578125
728,-452813.625,1230,0.025883670561501974,192758965.12890625
729,-525430.25,1325,0.025754252208694463,213416922.69140625
730,-509661.5,1305,0.02562548094765099,201831687.6171875
731,-934105.625,1766,0.025497353542912736,255378710.4296875
732,-310595.6,1019,0.02536986677519817,146744701.96484375
733,-2629774.975,2962,0.02524301744132218,418433793.07421875
734,-893359.1,1727,0.025116802354115567,375088531.75
735,-1599298.5,2310,0.024991218342344988,497790369.5625
736,-830877.0,1665,0.024866262250633264,363855614.2265625
737,-797736.975,1632,0.024741930939380097,368812105.125
738,-954807.5,1785,0.024618221284683196,395942567.828125
739,-3253723.225,3294,0.02449513017825978,672763920.3632812
740,-9812102.75,5720,0.02437265452736848,2334010651.1484375
741,-2597983.725,2944,0.024250791254731636,2411295370.4375
742,-1301056.475,2084,0.024129537298457977,1913044590.9375
743,-1991817.425,2578,0.024008889611965685,2341194258.15625
744,-2141167.9250000003,2673,0.023888845163905856,2063874331.78125
745,-321428.225,1037,0.023769400938086327,401370490.2734375
746,-2991473.975,3159,0.023650553933395897,1159408711.921875
747,-8095963.25,5196,0.023532301163728918,2211776980.921875
748,-863853.5499999999,1698,0.023414639657910272,1283898027.84375
749,-739187.375,1571,0.023297566459620722,1242205931.0
750,-1551122.75,2275,0.023181078627322618,1888600564.40625
751,-4199042.725,3742,0.023065173234186005,3041889973.96875
752,-1232565.05,2028,0.022949847368015076,979388544.78125
753,-540893.225,1344,0.022835098131175,525399842.328125
754,-611292.35,1429,0.022720922640519125,557160258.09375
755,-4974218.05,4073,0.02260731802731653,1744591882.46875
756,-4642213.875,3935,0.022494281437179946,1972814315.375
757,-504495.8,1298,0.022381810029994047,734596094.46875
758,-2883779.875,3101,0.022269900979844076,1445866050.484375
759,-3408310.5,3371,0.022158551474944856,1569427565.03125
760,-1115628.475,1929,0.022047758717570132,917926857.5625
761,-1765337.225,2427,0.021937519923982282,821757597.4375
762,-2277322.0,2756,0.021827832324362372,840761944.1171875
763,-684626.475,1512,0.02171869316274056,454503682.796875
764,-1644609.225,2342,0.021610099696926857,658297456.9609375
765,-1923026.3,2533,0.021502049198442223,672913602.1484375
766,-797925.35,1632,0.021394538952450012,500892984.34375
767,-774410.7999999999,1608,0.02128756625768776,448346641.1640625
768,-2515356.85,2897,0.021181128426399323,683985301.8554688
769,-331827.3,1053,0.021075222784267326,256203614.15625
770,-1540497.225,2267,0.020969846670345987,658388160.8515625
771,-573986.225,1384,0.020864997436994256,343395109.28125
772,-5950069.975,4454,0.020760672449809284,1306532639.8515625
773,-1386101.25,2151,0.020656869087560238,1175348831.796875
774,-4273335.5,3775,0.020553584742122436,1714393836.296875
775,-1507455.3,2243,0.020450816818411825,897634363.25
776,-3260856.8000000003,3298,0.020348562734319765,1330499026.265625
777,-1556812.725,2279,0.020246819920648168,881874840.640625
778,-1258313.1,2049,0.020145585821044927,920411952.75
779,-3363669.5,3350,0.020044857891939702,1007820377.3359375
780,-1140233.25,1951,0.019944633602480003,670677564.8125
781,-517568.625,1315,0.019844910434467605,429766849.9375
782,-1257011.925,2048,0.019745685882295267,677725212.578125
783,-2028027.125,2601,0.01964695745288379,860790365.1953125
784,-623346.1749999999,1443,0.01954872266561937,458207186.859375
785,-2519766.225,2899,0.019450979052291272,704040054.3554688
786,-3812594.75,3566,0.019353724157029815,1002616637.0
787,-3600646.875,3465,0.019256955536244666,1273047917.53125
788,-334778.3,1058,0.019160670758563442,400001433.578125
789,-4141232.875,3716,0.019064867404770626,1569296349.0625
790,-2453395.5,2861,0.018969543067746772,1389640618.46875
791,-5347478.925,4223,0.018874695352408037,1874522514.046875
792,-3077477.475,3204,0.018780321875645996,1581278080.34375
793,-2068125.6,2627,0.018686420266267767,1238079602.203125
794,-1335088.625,2111,0.018592988164936427,1007905457.09375
795,-5569210.5,4310,0.018500023224111744,1988717459.453125
796,-3190393.85,3262,0.018407523107991184,1675843035.40625
797,-3074501.85,3202,0.01831548549245123,1580386330.140625
798,-3192380.6750000003,3263,0.018223908064988973,1691942585.796875
799,-3742524.0500000003,3533,0.018132788524664028,1571425929.234375
800,-2491811.5500000003,2883,0.018042124582040707,1273884446.546875
801,-953288.225,1784,0.017951913959130504,763482462.5625
802,-2303125.6,2772,0.01786215438933485,1134528677.375
803,-816555.625,1651,0.017772843617388175,668990477.109375
804,-1839107.85,2477,0.017683979399301233,758583192.8828125
805,-2531265.125,2906,0.017595559502304726,772979113.84375
806,-2387147.225,2822,0.0175075817047932,689552985.8125
807,-1555049.425,2278,0.017420043796269234,622314736.5390625
808,-7160342.25,4886,0.017332943577287888,1599465557.0390625
809,-1239767.1,2034,0.01724627885940145,1185432381.6875
810,-2758602.475,3034,0.017160047465104442,1671640667.96875
811,-3800321.125,3560,0.01707424722777892,1591207483.90625
812,-2416096.1,2839,0.016988875991640028,1245862677.90625
813,-11550886.625,6206,0.016903931611681827,2654793068.546875
814,-1354319.375,2126,0.01681941195362342,2106207211.4375
815,-9167974.6,5529,0.016735314893855303,5332816498.34375
816,-5123725.55,4133,0.016651638319386028,4078698405.25
817,-6990735.8,4828,0.0165683801277891,3048464859.96875
818,-3013743.875,3170,0.016485538227150154,2094340388.9375
819,-10020768.25,5780,0.0164031105360144,3961925393.703125
820,-3445671.875,3390,0.01632109498333433,2974759004.15625
821,-15056150.5,7085,0.016239489508417658,7028782463.0
822,-2255280.1750000003,2743,0.01615829206087557,3613547839.1875
823,-3449020.6,3392,0.01607750060057119,3961181961.40625
824,-7910868.125,5136,0.015997113097568336,5083509344.15625
825,-1595283.225,2307,0.015917127532080494,1623961401.34375
826,-9868570.625,5736,0.01583754189442009,3225329043.15625
827,-2113563.125,2655,0.01575835418494799,2534627910.5
828,-3704754.5,3515,0.01567956241402325,3176274870.375
829,-3984383.25,3645,0.015601164601953134,3070769394.546875
830,-827526.85,1662,0.015523158778943369,679202418.328125
831,-3171099.975,3252,0.015445542985048652,1293091483.7734375
832,-4806317.3,4003,0.015368315270123408,1626302405.734375
833,-2970460.35,3147,0.01529147369377279,1474010240.765625
834,-3594269.475,3462,0.015215016325303928,1556082202.859375
835,-2832322.0500000003,3073,0.015138941243677408,1513339738.234375
836,-565577.475,1374,0.01506324653745902,647970918.1875
837,-2158517.6750000003,2683,0.014987930304771725,1286528752.5
838,-2035599.625,2606,0.014912990653247866,1259833703.9375
839,-3227884.875,3281,0.014838425699981627,1232157739.84375
840,-2198131.5500000003,2708,0.01476423357148172,886399313.796875
841,-4199389.85,3742,0.014690412403624311,1241338278.828125
842,-1254466.75,2046,0.01461696034160619,780038557.90625
843,-1414205.225,2172,0.014543875539898159,858286500.734375
844,-1654662.6,2349,0.014471156162198668,748407942.5234375
845,-4081380.725,3689,0.014398800381387675,1135697219.921875
846,-1417204.35,2174,0.014326806379480736,774901852.671875
847,-5257847.225,4187,0.014255172347583332,1524791168.28125
848,-1275644.3,2063,0.014183896485845416,1007680054.296875
849,-5036977.175,4098,0.014112977003416188,2086213043.9375
850,-694715.4249999999,1523,0.014042412118399107,837378050.53125
851,-10703913.35,5974,0.013972200057807112,3356463751.734375
852,-1587059.25,2301,0.013902339057518077,2282369970.25
853,-11871398.875,6291,0.013832827362230486,6531745440.21875
854,-6125043.6,4519,0.013763663225419333,5035790764.84375
855,-15878532.625,7276,0.013694844909292236,7351487156.65625
856,-2811069.35,3062,0.013626370684745774,4392484800.9375
857,-859384.225,1694,0.013558238831322046,2406370226.75
858,-7833048.125,5111,0.013490447637165436,5282373461.015625
859,-2380222.4250000003,2818,0.013422995398979608,2229631452.5625
860,-8530626.049999999,5333,0.01335588042198471,3770886629.03125
861,-3013890.0,3170,0.013289101019874787,2687988953.6875
862,-1180954.125,1985,0.013222655514775413,1552475960.9375
863,-9857671.674999999,5733,0.013156542237201536,4495347274.953125
864,-7896612.75,5131,0.013090759526015528,4938752000.0625
865,-7520224.475,5007,0.01302530572838545,4608146581.15625
866,-2476094.975,2874,0.012960179199743523,2377896416.5
867,-5173675.35,4154,0.012895378303744804,2873906693.625
868,-5779488.75,4390,0.01283090141222608,2513761080.28125
869,-17125026.999999996,7556,0.012766746905164949,5673033461.96875
870,-8401596.924999999,5293,0.012702913170639124,6645913135.46875
871,-2201149.125,2710,0.012639398604785928,2851161358.09375
872,-3741099.35,3532,0.012576201611761997,3833986895.015625
873,-1424281.125,2180,0.012513320603703188,2026613142.4375
874,-4624201.975,3927,0.012450754000684672,2407239878.4375
875,-2181841.1750000003,2698,0.012388500230681249,1414515319.03125
876,-3816131.8000000003,3568,0.012326557729527843,1746199870.140625
877,-5429849.125,4255,0.012264924940880204,2113075953.765625
878,-5037835.725,4099,0.012203600316175803,2192090594.046875
879,-4560657.875,3900,0.012142582314594924,2153545342.640625
880,-3039003.475,3184,0.01208186940302195,1789516717.203125
881,-8555149.5,5341,0.01202146005600684,2799485322.484375
882,-3953023.0,3631,0.011961352755726806,2793211897.4375
883,-4945994.875,4061,0.01190154599194817,3086906428.96875
884,-4039844.0,3670,0.01184203826198843,2479004762.828125
885,-3484306.975,3409,0.011782828070678488,1849820499.78125
886,-1771634.75,2431,0.011723913930325095,1241511318.421875
887,-5394208.375,4241,0.01166529436067347,2034238416.96875
888,-8620732.75,5361,0.011606967888870102,3109921211.03125
889,-1946564.925,2548,0.01154893304942575,1891010177.5
890,-5712793.0,4365,0.011491188384178622,3436876624.84375
891,-5518794.25,4290,0.011433732442257729,3053250369.0625
892,-6802987.8,4763,0.01137656378004644,2833800468.453125
893,-3458785.85,3397,0.011319680961146208,2260678571.71875
894,-12046383.049999999,6338,0.011263082556340478,3689944404.109375
895,-680049.475,1507,0.011206767143558775,1511907347.9375
896,-3215424.0,3275,0.011150733307840981,2645871480.21875
897,-2660207.35,2979,0.011094979641301777,1458964508.328125
898,-1689213.225,2374,0.011039504743095268,1101944265.53125
899,-2684166.225,2992,0.01098430721937979,991989334.265625
900,-14386200.25,6925,0.010929385683282892,3594951511.578125
901,-24066174.474999998,8957,0.010874738754866477,12065438246.0625
902,-10455427.1,5904,0.010820365061092144,11470174660.75
903,-1333041.225,2109,0.010766263235786683,4900148897.0
904,-3543380.1,3437,0.01071243191960775,6055783098.15625
905,-6898339.375,4796,0.010658869760009713,5234077028.4375
906,-7087877.725,4862,0.010605575411209664,3034463010.390625
907,-8106651.35,5199,0.010552547534153616,3604148769.75
908,-9429540.85,5607,0.010499784796482848,4359458245.21875
909,-7995179.8,5163,0.010447285872500434,4623109355.25
910,-6532167.85,4667,0.01039504944313793,3950644100.75
911,-7775920.225,5092,0.010343074195922241,4212829332.9375
912,-1895060.475,2514,0.01029135882494263,1938278643.015625
913,-18301762.124999996,7811,0.010239902030817916,8134657334.09375
914,-5212815.85,4169,0.010188702520663827,6938900048.75
915,-11942393.75,6310,0.010137759008060509,9656227135.5
916,-2737893.6,3022,0.010087070213020206,3201478360.8125
917,-1225425.475,2022,0.010036634861955105,2476152710.5625
918,-12688072.6,6504,0.01,6521417501.625
919,-15329784.1,7149,0.01,8500175896.53125
920,-2862322.875,3090,0.01,4846089641.5625
921,-7758360.25,5086,0.01,7815429137.1875
922,-8058042.05,5183,0.01,5229434603.15625
923,-1259373.75,2050,0.01,1579477283.65625
924,-8962597.35,5467,0.01,4432336363.90625
925,-6732571.675,4738,0.01,4234270748.15625
926,-13098113.299999999,6608,0.01,5055250502.0
927,-7384085.6,4962,0.01,5392000565.71875
928,-12988982.0,6581,0.01,8162973685.5
929,-7418172.55,4973,0.01,6143503690.5
930,-6664348.975,4714,0.01,6014095521.0
931,-5206106.75,4166,0.01,3647494904.203125
932,-11813934.5,6276,0.01,4808925114.625
933,-3891010.6,3602,0.01,3663198108.71875
934,-5664203.375,4346,0.01,4442444360.625
935,-8372677.975,5284,0.01,4055090310.28125
936,-23482175.924999997,8848,0.01,8752458557.71875
937,-25505342.499999996,9221,0.01,18273851219.21875
938,-19292251.874999996,8020,0.01,16231317151.5
939,-5174524.225,4154,0.01,9844982534.25
940,-5225808.725,4174,0.01,8024463245.375
941,-5906424.55,4438,0.01,4734690716.78125
942,-3331395.0500000003,3333,0.01,2778209440.921875
943,-6618887.925,4698,0.01,3762988124.921875
944,-9149212.799999999,5523,0.01,4003273466.1875
945,-7939407.625,5145,0.01,4635737312.28125
946,-443494.725,1217,0.01,1208340885.0625
947,-6857956.225,4782,0.01,4963986797.125
948,-3899280.5,3606,0.01,3366127152.875
949,-6393271.1,4617,0.01,2788148840.921875
950,-2738698.35,3022,0.01,1931999021.296875
951,-1077569.0,1896,0.01,1247836537.5
952,-4892015.975,4039,0.01,2453198709.5
953,-7280456.85,4927,0.01,2783042271.6875
954,-2856723.6,3087,0.01,1939986819.25
955,-12413769.799999999,6433,0.01,5108427715.78125
956,-4871136.25,4030,0.01,4566308871.0
957,-2236554.625,2731,0.01,2434393147.65625
958,-2161056.0,2685,0.01,2456610195.8125
959,-7447455.8,4983,0.01,2591718922.25
960,-18919255.349999998,7942,0.01,6251842372.03125
961,-533813.625,1335,0.01,2344493041.125
962,-6358533.85,4604,0.01,6892925524.5625
963,-7994761.05,5163,0.01,5514560479.53125
964,-9205698.375,5540,0.01,4546909864.78125
965,-67955541.0,15051,0.01,28546364132.15625
966,-21034094.974999998,8374,0.01,20706482938.1875
967,-19164280.799999997,7993,0.01,19035224676.25
968,-8912438.625,5451,0.01,11010130602.0625
969,-8234320.875,5240,0.01,8570424190.6875
970,-5527126.55,4293,0.01,4779212453.84375
971,-5566038.675,4308,0.01,3968318782.375
972,-2516317.85,2897,0.01,2608752912.609375
973,-5544806.375,4300,0.01,3322561884.109375
974,-10843076.424999999,6013,0.01,4397171697.171875
975,-25206408.599999998,9167,0.01,10601103440.625
976,-11074093.475,6077,0.01,9617986942.59375
977,-8965266.299999999,5468,0.01,5870627559.4375
978,-11306268.25,6140,0.01,5339008291.09375
979,-14586294.475,6974,0.01,7196585148.53125
980,-14383014.875,6925,0.01,8997740157.78125
981,-37972417.24999999,11251,0.01,20768904486.0625
982,-9029681.475,5487,0.01,13123965883.625
983,-10313094.1,5864,0.01,19820374656.1875
984,-14011709.5,6835,0.01,6875662565.65625
985,-1944395.725,2547,0.01,3749517013.875
986,-6518200.6,4662,0.01,5108577623.96875
987,-17057023.499999996,7541,0.01,6857244206.0
988,-3802277.75,3561,0.01,5434458721.0
989,-13157601.174999999,6623,0.01,7072691090.8125
990,-1611912.85,2319,0.01,2466653867.5
991,-5685099.725,4354,0.01,4069107254.28125
992,-2609179.0,2950,0.01,2379936236.53125
993,-1636533.6,2337,0.01,1371723086.03125
994,-1154225.3,1963,0.01,1143490756.140625
995,-2699980.875,3001,0.01,1548188249.15625
996,-4442632.725,3849,0.01,1331393600.765625
997,-8334787.975,5272,0.01,2307035759.234375
998,-10574075.799999999,5938,0.01,4390203729.53125
999,-21373288.249999996,8441,0.01,9248225750.5
1000,-2819973.725,3067,0.01,5908144381.125
1001,-3528321.375,3431,0.01,7678843307.0625
1002,-10242302.1,5844,0.01,8690544637.125
1003,-6058894.875,4495,0.01,4126057560.3125
1004,-12377784.225,6424,0.01,5877421940.71875
1005,-10629409.049999999,5953,0.01,6365428444.4375
1006,-3419553.35,3377,0.01,4421568385.0625
1007,-9098794.299999999,5508,0.01,5913238689.71875
1008,-2357146.725,2804,0.01,2967667906.625
1009,-3336584.5,3336,0.01,2692216502.484375
1010,-2790599.75,3051,0.01,2396817806.5625
1011,-5510515.85,4287,0.01,2042015764.6640625
1012,-7038921.625,4845,0.01,2469521746.6875
1013,-13713593.85,6762,0.01,5016597794.65625
1014,-8093276.375,5195,0.01,5553687777.65625
1015,-5132785.675,4138,0.01,4772685374.9375
1016,-459253.85,1239,0.01,1287883765.1875
1017,-5953182.5,4456,0.01,3294800737.71875
1018,-3786941.6,3554,0.01,2251063955.46875
1019,-1579707.875,2296,0.01,1369670744.90625
1020,-43242344.6,12007,0.01,16624591476.703125
1021,-5502606.475,4284,0.01,7596814894.3125
1022,-7171973.5,4891,0.01,4610480860.9375
1023,-4304726.225,3789,0.01,3170383461.890625
1024,-3578411.0,3455,0.01,2301388184.234375
1025,-11060728.549999999,6073,0.01,3658322458.390625
1026,-2172696.975,2692,0.01,2567175783.59375
1027,-3372727.35,3354,0.01,2982824370.5
1028,-12059450.625,6341,0.01,4613639875.0
1029,-14944871.1,7059,0.01,6986341124.0
1030,-25283780.999999996,9181,0.01,12851533188.21875
1031,-8148246.3,5213,0.01,9690957980.40625
1032,-8861856.125,5436,0.01,11328060934.625
1033,-5616604.05,4328,0.01,5055767839.90625
1034,-6813755.1,4767,0.01,4157026662.0625
1035,-2856572.35,3087,0.01,2356305048.171875
1036,-2810949.85,3062,0.01,2166424540.9375
1037,-3468100.625,3401,0.01,2257974906.171875
1038,-5326448.75,4215,0.01,1786925656.6875
1039,-2438011.1,2852,0.01,1364766102.734375
1040,-5561150.6,4307,0.01,1985977749.9375
1041,-3420561.8000000003,3378,0.01,1710698908.84375
1042,-3856819.225,3587,0.01,1644492772.359375
1043,-1191138.55,1993,0.01,777423508.140625
1044,-16765504.875,7476,0.01,4634661403.5
1045,-4440546.425,3848,0.01,6364309256.1875
1046,-9256148.375,5555,0.01,7866403714.75
1047,-6904715.8,4798,0.01,4032675536.5625
1048,-10138073.35,5814,0.01,5019780422.875
1049,-27783745.474999998,9624,0.01,11326297506.4375
1050,-3263807.475,3299,0.01,6672564226.75
1051,-13595877.049999999,6733,0.01,12620949629.125
1052,-9676548.5,5680,0.01,6287211881.53125
1053,-18744381.874999996,7905,0.01,8876289730.03125
1054,-3710984.0500000003,3518,0.01,6044440021.5
1055,-2049711.0,2615,0.01,5679358993.375
1056,-4586914.125,3911,0.01,8049159103.21875
1057,-5574203.375,4311,0.01,2593543492.34375
1058,-4745234.05,3978,0.01,2141431202.078125
1059,-8196936.425,5228,0.01,3333620294.59375
1060,-1739460.85,2409,0.01,1732950167.03125
1061,-6832654.175,4773,0.01,3223257256.75
1062,-11074733.35,6077,0.01,4577486737.375
1063,-7270633.85,4924,0.01,4761014857.0625
1064,-2111515.85,2654,0.01,2443358295.03125
1065,-9959680.049999999,5763,0.01,5347910657.90625
1066,-7628320.6,5044,0.01,4794766428.25
1067,-8569935.125,5346,0.01,4442858881.375
1068,-3957970.5500000003,3633,0.01,3007153378.0
1069,-9802071.725,5717,0.01,4346333895.734375
1070,-3671110.975,3499,0.01,3095300543.90625
1071,-2209457.75,2715,0.01,2231042620.78125
1072,-4152904.475,3722,0.01,2572651563.453125
1073,-4326765.975,3799,0.01,1603718315.59375
1074,-4363325.125,3815,0.01,1667768880.9375
1075,-13339788.1,6669,0.01,4115183614.75
1076,-2890270.375,3105,0.01,3664926250.1875
1077,-40335238.875,11596,0.01,19657894045.15625
1078,-3114760.8000000003,3223,0.01,6972936364.25
1079,-8779617.625,5411,0.01,21370299843.6875
1080,-8125571.625,5205,0.01,6650888105.6875
1081,-8788944.1,5414,0.01,4828758500.21875
1082,-7898808.725,5132,0.01,4441696505.375
1083,-8443396.125,5306,0.01,4621269016.71875
1084,-11595363.049999999,6218,0.01,5407501926.125
1085,-4000323.4250000003,3653,0.01,4183311742.28125
1086,-2625324.725,2959,0.01,3119450041.09375
1087,-1666435.175,2358,0.01,2644639547.5
1088,-1824045.1,2467,0.01,1433009881.875
1089,-8561958.674999999,5343,0.01,2135315596.234375
1090,-8352855.175,5278,0.01,4012506735.21875
1091,-8240676.475,5242,0.01,4322748928.46875
1092,-18782151.924999997,7913,0.01,7572698041.84375
1093,-15451709.799999999,7178,0.01,9892396777.09375
1094,-2764477.475,3037,0.01,6164405672.25
1095,-6943608.35,4812,0.01,5875598058.3125
1096,-9594800.75,5656,0.01,5079477541.5625
1097,-2743350.875,3025,0.01,2304861030.75
1098,-15583260.049999999,7208,0.01,6506400536.3125
1099,-28732849.849999998,9787,0.01,14072325049.1875
1100,-17774409.174999997,7698,0.01,12851347391.71875
1101,-10945481.75,6041,0.01,10063709497.78125
1102,-4578930.55,3908,0.01,6804633223.4375
1103,-11112833.85,6087,0.01,6362118255.625
1104,-3232996.225,3284,0.01,3119079319.0
1105,-11005677.174999999,6058,0.01,6267278764.9375
1106,-21507523.675,8468,0.01,9238329464.46875
1107,-22074264.1,8579,0.01,14570130154.25
1108,-5862845.225,4422,0.01,8550571140.75
1109,-3362614.475,3349,0.01,6204080388.75
1110,-6511883.875,4660,0.01,5811001855.484375
1111,-16411854.975,7397,0.01,6464045994.578125
1112,-13696123.549999999,6758,0.01,8456880311.65625
1113,-7142137.5,4880,0.01,7288666946.5
1114,-2248584.725,2739,0.01,3243655199.90625
1115,-4361654.975,3814,0.01,3816834391.0
1116,-7497568.25,5000,0.01,3256676398.0625
1117,-2847077.725,3082,0.01,1990430393.140625
1118,-16209628.35,7352,0.01,5676520966.03125
1119,-15580981.049999999,7208,0.01,8126299555.96875
1120,-8539783.125,5336,0.01,6696590169.09375
1121,-11455530.0,6180,0.01,6117722288.125
1122,-5943483.725,4452,0.01,4677161314.0
1123,-3176680.625,3255,0.01,2274678190.359375
1124,-8613953.85,5359,0.01,3126683511.609375
1125,-5273121.925,4193,0.01,3153694060.5
1126,-15321492.85,7147,0.01,5771957673.78125
1127,-13966113.85,6824,0.01,8028283054.3125
1128,-5140354.0,4140,0.01,6741469489.3125
1129,-39636729.49999999,11495,0.01,20151245919.71875
1130,-17683730.674999997,7678,0.01,14687025376.375
1131,-11877513.049999999,6293,0.01,14815745012.375
1132,-11585917.0,6215,0.01,9596919717.8125
1133,-17147878.874999996,7561,0.01,9438230579.59375
1134,-4271004.85,3774,0.01,6542704044.0625
1135,-9808827.1,5719,0.01,9252950603.25
1136,-6292940.75,4581,0.01,4187371086.65625
1137,-5753229.75,4380,0.01,3601804144.71875
1138,-21206567.049999997,8408,0.01,7763996666.234375
1139,-3167722.5,3250,0.01,6225402706.6875
1140,-5495870.625,4281,0.01,8753858712.875
1141,-5287250.35,4199,0.01,5580111008.140625
1142,-3458401.25,3396,0.01,2111937635.515625
1143,-4779266.975,3992,0.01,2283818619.890625
1144,-4494619.625,3871,0.01,2152086351.921875
1145,-3656670.975,3492,0.01,1712958331.1875
1146,-9649314.1,5672,0.01,3384358156.375
1147,-17135332.299999997,7558,0.01,7081567849.625
1148,-6846675.55,4778,0.01,6833102407.125
1149,-10816334.125,6005,0.01,8093730926.25
1150,-16794893.299999997,7483,0.01,7909791095.9375
1151,-2368088.625,2811,0.01,4845752058.0625
1152,-2821968.0500000003,3068,0.01,3241930253.03125
1153,-8063015.25,5185,0.01,3464979566.203125
1154,-785420.35,1619,0.01,1305684825.609375
1155,-14882787.85,7044,0.01,5508829325.90625
1156,-3678269.85,3502,0.01,4740379817.4375
1157,-9389063.625,5595,0.01,3912929439.34375
1158,-6893048.35,4794,0.01,3877045297.25
1159,-13919875.549999999,6813,0.01,5866906188.5
1160,-28124250.174999997,9683,0.01,13412556514.59375
1161,-32982397.374999996,10486,0.01,22476027115.625
1162,-15270699.625,7135,0.01,12035452085.0
1163,-14932728.625,7056,0.01,12610409551.9375
1164,-29049693.624999996,9841,0.01,15056870788.28125
1165,-5280654.0,4196,0.01,8951672653.75
1166,-11726433.549999999,6253,0.01,13702274428.8125
1167,-7935224.35,5144,0.01,5385621194.25
1168,-4171288.875,3730,0.01,3172029915.65625
1169,-4065243.35,3682,0.01,2304424584.875
1170,-13480638.975,6704,0.01,4471595925.25
1171,-11253573.25,6126,0.01,6542495011.875
1172,-14249269.799999999,6893,0.01,7442250564.84375
1173,-11952362.424999999,6313,0.01,7363724453.03125
1174,-10514278.5,5921,0.01,7642733915.75
1175,-11878261.049999999,6293,0.01,7243103537.15625
1176,-6426056.975,4629,0.01,5389207798.34375
1177,-5001159.475,4084,0.01,4189863951.65625
1178,-4549343.125,3895,0.01,3184025665.375
1179,-4844274.225,4019,0.01,2733776132.90625
1180,-6517935.225,4662,0.01,2924364937.515625
1181,-9205365.375,5540,0.01,3788769250.546875
1182,-11552935.0,6206,0.01,5227817114.21875
1183,-12118100.75,6356,0.01,6347814104.125
1184,-9307232.375,5571,0.01,7353450959.875
1185,-15053099.75,7085,0.01,7579127405.0625
1186,-21092537.25,8386,0.01,11067815567.5625
1187,-4775625.625,3991,0.01,8414522289.4375
1188,-13133882.674999999,6618,0.01,11748427576.25
1189,-614121.975,1432,0.01,1613410930.34375
1190,-43687556.675,12068,0.01,22368083171.15625
1191,-9285611.85,5564,0.01,13511810179.625
1192,-7145359.125,4881,0.01,12100033396.8125
1193,-16564089.25,7431,0.01,6838109380.1875
1194,-5719963.85,4367,0.01,6410513869.1875
1195,-9225410.25,5546,0.01,8391725822.5625
1196,-21127100.599999998,8392,0.01,9220004966.6875
1197,-5320430.35,4212,0.01,8366218051.4375
1198,-9492154.125,5626,0.01,10927926341.875
1199,-4561337.875,3900,0.01,4035243903.25
1200,-14605627.549999999,6978,0.01,7074395857.25
1201,-10869871.0,6020,0.01,6534105263.65625
1202,-16280843.35,7367,0.01,8981200625.28125
1203,-4770128.925,3988,0.01,6305068795.875
1204,-13211797.1,6637,0.01,9851163917.0
1205,-13718897.799999999,6763,0.01,8308804135.0
1206,-5073172.175,4113,0.01,6180579124.3125
1207,-5295883.85,4202,0.01,5820011125.40625
1208,-6726836.875,4736,0.01,4831669892.703125
1209,-2098746.875,2646,0.01,2249914946.359375
1210,-6081663.8,4503,0.01,3629422599.90625
1211,-4810704.875,4005,0.01,2962375591.84375
1212,-2795136.8000000003,3053,0.01,1919000911.703125
1213,-9106218.0,5510,0.01,3578337257.0
1214,-8091201.1,5194,0.01,4194975654.34375
1215,-7812719.1,5104,0.01,4418632264.6875
1216,-9210897.975,5542,0.01,5015967203.125
1217,-9445872.1,5612,0.01,5952124368.5625
1218,-9867912.125,5736,0.01,5992576784.75
1219,-6988609.975,4827,0.01,5318186873.78125
1220,-6459952.5,4641,0.01,4899975566.0
1221,-9125968.5,5516,0.01,4788228417.5
1222,-12159974.475,6367,0.01,6401827469.78125
1223,-9493881.75,5626,0.01,6461438540.9375
1224,-9575168.25,5650,0.01,6374121315.34375
1225,-4309567.25,3791,0.01,3911801531.71875
1226,-15248200.0,7130,0.01,7579668225.0625
1227,-7579971.85,5027,0.01,6320989407.71875
1228,-3608517.475,3469,0.01,5426630860.28125
1229,-6008621.875,4476,0.01,5137859890.71875
1230,-13494138.1,6707,0.01,5749986514.65625
1231,-7689928.675,5063,0.01,6503123588.1875
1232,-5498563.35,4282,0.01,5225712462.0
1233,-18093019.249999996,7766,0.01,7390332251.9375
1234,-3173118.8000000003,3253,0.01,5397413683.625
1235,-6406420.6,4622,0.01,7992974449.625
1236,-7266770.85,4922,0.01,5553012184.796875
1237,-14645722.424999999,6988,0.01,6136642417.78125
1238,-8772043.049999999,5408,0.01,6915279400.25
1239,-7223874.05,4908,0.01,6309309661.40625
1240,-13955311.75,6821,0.01,6560226664.0
1241,-7020616.425,4838,0.01,5772432856.59375
1242,-3292933.1,3314,0.01,4631826720.09375
1243,-2935344.725,3129,0.01,3137236391.875
1244,-1674983.85,2364,0.01,1741325085.6875
1245,-1563578.6,2284,0.01,1335910929.515625
1246,-2144347.475,2674,0.01,1322115111.25
1247,-5494706.625,4280,0.01,1892402597.0078125
1248,-14278075.6,6899,0.01,4288204962.265625
1249,-4582911.225,3909,0.01,4699980363.0625
1250,-2440204.5500000003,2853,0.01,3417061805.9375
1251,-9383220.1,5594,0.01,5354683959.765625
1252,-11252029.25,6125,0.01,5039897916.96875
1253,-5260152.55,4188,0.01,4104443358.4375
1254,-12652739.875,6495,0.01,5567306073.0
1255,-2419831.875,2841,0.01,2947937075.9375
1256,-4288652.225,3782,0.01,4088193128.125
1257,-6236222.0,4560,0.01,4392685602.921875
1258,-13049225.125,6596,0.01,5013625813.921875
1259,-5711561.6,4364,0.01,4797646404.09375
1260,-7045674.225,4847,0.01,5187356130.90625
1261,-2875733.225,3097,0.01,2674548614.59375
1262,-8707098.049999999,5388,0.01,3926748205.84375
1263,-11142211.0,6095,0.01,5233465544.96875
1264,-5165543.25,4150,0.01,4096763658.09375
1265,-17564129.349999998,7652,0.01,8276615999.03125
1266,-14921166.799999999,7053,0.01,8972795598.21875
1267,-14458353.799999999,6943,0.01,10839872258.6875
1268,-9999952.35,5774,0.01,8917264356.0
1269,-1949586.125,2550,0.01,4013359824.0625
1270,-3462648.6750000003,3398,0.01,4018463477.59375
1271,-4061213.875,3680,0.01,2977200236.265625
1272,-4067558.4250000003,3683,0.01,1978770413.875
1273,-4947501.85,4062,0.01,1993814628.484375
1274,-9198813.799999999,5538,0.01,3081423452.875
1275,-23688086.374999996,8886,0.01,9155480774.90625
1276,-13711155.625,6761,0.01,12013126277.59375
1277,-10715447.975,5977,0.01,9921961808.5625
1278,-8238232.125,5241,0.01,6989126260.71875
1279,-5717144.125,4366,0.01,4834941172.8125
1280,-7609517.1,5037,0.01,4562716895.0
1281,-5719522.35,4367,0.01,3337785186.984375
1282,-5539305.05,4298,0.01,3184199599.421875
1283,-1960379.85,2557,0.01,1889707831.75
1284,-6574992.85,4682,0.01,3178250000.125
1285,-11138292.85,6094,0.01,4219203093.8125
1286,-8446369.6,5307,0.01,4936502215.6875
1287,-8290449.3,5258,0.01,4958043456.1875
1288,-886379.25,1720,0.01,1509754008.40625
1289,-16854491.124999996,7496,0.01,8486259872.96875
1290,-5946618.8,4453,0.01,7150314868.75
1291,-2766939.3000000003,3038,0.01,4662037823.5
1292,-5436719.925,4258,0.01,4802837572.390625
1293,-5803169.975,4399,0.01,2815742351.890625
1294,-4438103.975,3847,0.01,2571789399.03125
1295,-3928569.975,3619,0.01,2282011654.421875
1296,-6429608.875,4630,0.01,2579111182.25
1297,-14045363.799999999,6843,0.01,4935463106.15625
1298,-8263262.1,5249,0.01,6292091377.5
1299,-3064591.1,3197,0.01,4067813698.6875
1300,-3704033.75,3515,0.01,3477105581.3125
1301,-3338967.475,3337,0.01,2666504197.484375
1302,-2194391.875,2706,0.01,1194803259.75
1303,-4075425.225,3687,0.01,1577070893.265625
1304,-3459840.6,3397,0.01,1413916048.1875
1305,-8674227.299999999,5378,0.01,2477674337.1875
1306,-945779.475,1777,0.01,1344266526.28125
1307,-2470993.625,2871,0.01,2094809715.09375
1308,-8434023.299999999,5303,0.01,3123759605.1875
1309,-14053629.75,6845,0.01,5119189552.15625
1310,-6048028.25,4491,0.01,5204206809.8125
1311,-6358841.125,4605,0.01,5269410144.5625
1312,-1716261.175,2393,0.01,2120121027.21875
1313,-15560888.924999999,7203,0.01,5426151802.3125
1314,-1730402.05,2403,0.01,3605993495.5625
1315,-15315397.5,7146,0.01,8930580567.78125
1316,-10565910.5,5936,0.01,6905748467.46875
1317,-6954320.125,4816,0.01,4850954510.125
1318,-1421368.175,2178,0.01,2373481684.65625
1319,-8075598.975,5189,0.01,4009676423.703125
1320,-4016002.25,3660,0.01,2870900760.03125
1321,-9387732.75,5595,0.01,3087441215.984375
1322,-6569997.5,4681,0.01,3516795092.21875
1323,-9980159.725,5769,0.01,4117465838.03125
1324,-5235128.675,4178,0.01,3740506417.09375
1325,-2500746.6750000003,2888,0.01,2271752622.390625
1326,-1208504.925,2008,0.01,1644059022.984375
1327,-33604658.099999994,10584,0.01,12984337335.9375
1328,-9554987.225,5644,0.01,9093324930.84375
1329,-10048173.799999999,5788,0.01,8026540837.84375
1330,-14075633.375,6851,0.01,7853298785.46875
1331,-6438298.975,4634,0.01,5957566315.9375
1332,-10604602.6,5947,0.01,5509919857.96875
1333,-1921445.85,2532,0.01,2343103136.96875
1334,-4393324.05,3828,0.01,2976778705.859375
1335,-5732318.975,4372,0.01,2292293448.34375
1336,-11743286.424999999,6258,0.01,3902965767.765625
1337,-10354125.5,5876,0.01,5286059621.78125
1338,-12678066.975,6502,0.01,6639552921.46875
1339,-8477763.1,5317,0.01,5820625757.5
1340,-3676321.875,3501,0.01,4270608198.15625
1341,-9334901.1,5579,0.01,4978596296.515625
1342,-5405440.25,4246,0.01,3618323338.1875
1343,-3438169.35,3387,0.01,2831188039.25
1344,-8731516.75,5396,0.01,4046449804.3125
1345,-6088332.75,4506,0.01,3820397855.78125
1346,-4687995.725,3954,0.01,2920149008.78125
1347,-4003662.725,3654,0.01,2477226117.0
1348,-11428314.924999999,6173,0.01,3703690866.515625
1349,-23629920.75,8876,0.01,10013484584.0
1350,-1572994.0,2291,0.01,4889397426.0
1351,-1581720.225,2297,0.01,4219503185.375
1352,-10650560.85,5959,0.01,8097257725.625
1353,-15170021.35,7112,0.01,6802952237.5625
1354,-27995065.125,9661,0.01,13884595687.0625
1355,-14754247.225,7014,0.01,13710130795.46875
1356,-9960561.049999999,5763,0.01,10157184109.6875
1357,-3929624.25,3620,0.01,4248511728.78125
1358,-841177.375,1676,0.01,1817008827.0
1359,-8757193.85,5404,0.01,5429321912.34375
1360,-14377958.475,6924,0.01,5812740118.0
1361,-8087771.05,5193,0.01,5958657741.71875
1362,-9361990.975,5587,0.01,6994446790.5625
1363,-10382315.35,5884,0.01,5609251398.5
1364,-33986377.849999994,10644,0.01,15702760710.625
1365,-13828798.375,6790,0.01,13250913394.46875
1366,-5380956.25,4236,0.01,10271611786.8125
1367,-6715232.475,4732,0.01,7253474740.875
1368,-5261118.1,4189,0.01,3460936059.71875
1369,-6207708.25,4550,0.01,3361838878.21875
1370,-14023388.799999999,6838,0.01,5513210869.78125
1371,-5410975.175,4248,0.01,5145481859.84375
1372,-2854841.5,3086,0.01,3921123878.0
1373,-3403123.975,3369,0.01,3736398214.59375
1374,-23133470.099999998,8782,0.01,7407926634.609375
1375,-7584322.725,5029,0.01,8151847824.625
1376,-8693482.975,5384,0.01,7857795010.875
1377,-16841243.049999997,7493,0.01,6743608546.34375
1378,-5749643.1,4379,0.01,6534611352.3125
1379,-6353693.3,4603,0.01,6632881186.625
1380,-18263960.799999997,7803,0.01,7759546298.453125
1381,-7317497.625,4940,0.01,7597732029.25
1382,-16525825.174999999,7423,0.01,10640154668.875
1383,-5865596.425,4423,0.01,5966536215.96875
1384,-5197261.425,4163,0.01,5685263200.3125
1385,-6010053.225,4477,0.01,3289310903.546875
1386,-3927068.975,3619,0.01,2302298179.765625
1387,-13247575.625,6646,0.01,4726814944.1875
1388,-5080327.125,4116,0.01,4645144752.90625
1389,-14865033.0,7040,0.01,8185320645.46875
1390,-23848314.975,8917,0.01,11465287563.9375
1391,-599684.625,1415,0.01,3726953579.0
1392,-18115101.35,7772,0.01,18326815171.0
1393,-45561615.599999994,12324,0.01,24288268629.25
1394,-5142374.5,4141,0.01,10329612370.875
1395,-42093726.875,11846,0.01,38480053298.3125
1396,-17755065.85,7694,0.01,14331664490.59375
1397,-27759422.874999996,9620,0.01,24496495799.5
1398,-36157978.725,10979,0.01,22063598492.34375
1399,-1779742.1,2437,0.01,6044443349.3125
1400,-3544854.6,3439,0.01,12434581176.125
1401,-2739243.3000000003,3023,0.01,12229131232.25
1402,-2976861.625,3151,0.01,3731228862.125
1403,-2653408.5,2975,0.01,1194964585.328125
1404,-14479443.299999999,6948,0.01,3590663578.875
1405,-19291531.125,8020,0.01,9843917787.0
1406,-4118692.25,3706,0.01,5862005196.09375
1407,-16251598.5,7361,0.01,7657471700.15625
1408,-4836604.25,4016,0.01,5795832450.5625
1409,-5190312.75,4160,0.01,5437559635.4375
1410,-3003421.25,3165,0.01,2905917446.609375
1411,-4414865.6,3837,0.01,2191339483.421875
1412,-4967367.625,4070,0.01,1999702979.234375
1413,-13192393.475,6632,0.01,3989757914.3125
1414,-22999674.374999996,8756,0.01,9959474944.21875
1415,-14369835.85,6922,0.01,10067264734.5625
1416,-4526672.875,3885,0.01,7093449693.5
1417,-7261462.125,4920,0.01,6370536110.75
1418,-18724827.999999996,7901,0.01,7478921661.21875
1419,-4916827.475,4049,0.01,7299028337.375
1420,-4962716.675,4068,0.01,7048785229.9375
1421,-4087548.85,3692,0.01,3693488981.46875
1422,-9516848.924999999,5633,0.01,3842303418.078125
1423,-1614375.0,2321,0.01,1927344835.25
1424,-9653223.225,5674,0.01,4279579968.234375
1425,-717747.0499999999,1548,0.01,1661777081.75
1426,-4328471.975,3799,0.01,3490580812.59375
1427,-1724221.425,2398,0.01,1887386116.53125
1428,-5170876.175,4153,0.01,2497644091.21875
1429,-3153645.4250000003,3243,0.01,1640990673.40625
1430,-1804722.475,2454,0.01,1169099909.890625
1431,-4464006.3,3858,0.01,1872900623.296875
1432,-1968665.05,2563,0.01,1136931934.25
1433,-10406118.0,5891,0.01,2773191359.4140625
1434,-1237685.3,2033,0.01,1920669607.3125
1435,-2354546.9250000003,2803,0.01,2343483580.375
1436,-5104331.125,4126,0.01,2315062147.609375
1437,-1586172.125,2300,0.01,1234268511.1875
1438,-16107706.674999999,7328,0.01,4864089243.53125
1439,-11873586.35,6292,0.01,8205099770.6875
1440,-14213723.6,6884,0.01,7784867109.65625
1441,-2989817.4250000003,3158,0.01,4186423159.5
1442,-29564296.3,9928,0.01,15794296346.5
1443,-7925262.25,5141,0.01,8707342617.1875
1444,-2328991.35,2787,0.01,3922762805.78125
1445,-5150079.725,4144,0.01,4291228307.4375
1446,-5015841.875,4090,0.01,2917134760.625
1447,-11675147.225,6239,0.01,4368669791.234375
1448,-10961782.625,6045,0.01,6002447655.09375
1449,-6018605.25,4480,0.01,5228969296.0625
1450,-2857305.1,3087,0.01,2850305468.28125
1451,-7844179.35,5114,0.01,4490400571.3125
1452,-5740801.875,4375,0.01,3460745312.5625
1453,-9735234.85,5697,0.01,4599194270.140625
1454,-11844703.975,6284,0.01,5500954516.6875
1455,-6947356.05,4813,0.01,5453251286.96875
1456,-3158853.0,3246,0.01,3744917093.5
1457,-3097492.6,3214,0.01,3622842226.703125
1458,-12651161.225,6494,0.01,5607428322.28125
1459,-16625558.875,7445,0.01,8417417207.0625
1460,-4664397.85,3944,0.01,6431183488.5625
1461,-11920016.975,6304,0.01,10411822075.6875
1462,-5745491.85,4377,0.01,4922148726.53125
1463,-3889458.625,3601,0.01,3870415967.21875
1464,-11334636.975,6147,0.01,5267918910.9375
1465,-1610311.8,2318,0.01,2557409139.78125
1466,-1924631.35,2534,0.01,2904175719.90625
1467,-5530421.625,4295,0.01,4366354934.1875
1468,-5886955.875,4430,0.01,2719799926.921875
1469,-13660176.049999999,6748,0.01,4675496992.90625
1470,-6121036.925,4518,0.01,4879683288.625
1471,-10956319.85,6044,0.01,6715407177.40625
1472,-3485031.725,3409,0.01,3666790595.9375
1473,-3176403.375,3255,0.01,3428058547.25
1474,-4880270.85,4034,0.01,3662917766.203125
1475,-2392935.0,2825,0.01,1417859962.015625
1476,-7563861.85,5022,0.01,2573071248.4375
1477,-2618233.375,2955,0.01,2066953572.25
1478,-4794824.85,3999,0.01,2518034049.28125
1479,-9063217.6,5497,0.01,3640428408.390625
1480,-12983303.475,6579,0.01,5565372879.53125
1481,-5429826.625,4255,0.01,4848258248.6875
1482,-5426956.85,4254,0.01,4553266266.09375
1483,-7040937.375,4845,0.01,4020842015.609375
1484,-2767809.5500000003,3038,0.01,2530096372.4375
1485,-3328884.225,3332,0.01,2800660955.65625
1486,-13605186.5,6735,0.01,4985560898.125
1487,-3532503.725,3432,0.01,4114323068.21875
1488,-6880833.625,4790,0.01,5936703146.59375
1489,-9796439.75,5715,0.01,4902544472.0
1490,-1848377.3,2483,0.01,2105416732.8125
1491,-1382972.8,2148,0.01,2488842279.90625
1492,-3301586.0500000003,3318,0.01,3641234652.5625
1493,-6577668.925,4683,0.01,3181404968.90625
1494,-1620697.125,2325,0.01,1664387451.109375
1495,-11044210.049999999,6068,0.01,4359811366.1875
1496,-2254340.475,2742,0.01,3335189995.53125
1497,-8999005.049999999,5478,0.01,5106539005.03125
1498,-6215151.225,4552,0.01,4068175583.46875
1499,-8682991.0,5380,0.01,4144490454.328125
1500,-1955527.975,2554,0.01,1982030651.71875
1501,-10713504.6,5977,0.01,4547552648.59375
1502,-4465190.1,3859,0.01,3797964921.46875
1503,-755990.975,1589,0.01,1217629267.96875
1504,-4164184.225,3727,0.01,2005333028.3125
1505,-4500453.225,3874,0.01,1732232167.265625
1506,-8365304.125,5281,0.01,2663027327.484375
1507,-1380427.125,2146,0.01,1603349082.65625
1508,-5759243.425,4383,0.01,3061384232.53125
1509,-4425345.725,3842,0.01,2678048037.6875
1510,-17408902.975,7619,0.01,5581156257.875
1511,-2630505.85,2962,0.01,4393941105.75
1512,-6330438.35,4594,0.01,3999000710.84375
1513,-8235690.125,5240,0.01,3874821262.5
1514,-5922015.35,4444,0.01,3481028445.8125
1515,-12436493.85,6439,0.01,4421720849.171875
1516,-5101323.875,4125,0.01,4298113597.34375
1517,-2572152.975,2929,0.01,2834981440.9375
1518,-4224529.725,3754,0.01,3596854624.1875
1519,-6870358.35,4787,0.01,2865842888.046875
1520,-6907945.0,4800,0.01,3186902853.734375
1521,-3156539.125,3245,0.01,2193701567.21875
1522,-4828747.925,4013,0.01,2907828124.9375
1523,-2004310.75,2586,0.01,1938212897.859375
1524,-973003.225,1802,0.01,952956842.421875
1525,-2979541.475,3152,0.01,1668109924.328125
1526,-5871930.125,4425,0.01,2177310281.140625
1527,-5946472.175,4453,0.01,2439838884.375
1528,-1957793.0,2556,0.01,1520575776.953125
1529,-4922678.225,4052,0.01,2643846957.9375
1530,-5856705.5,4420,0.01,2431510579.0
1531,-3423757.0,3380,0.01,1947001520.03125
1532,-2260243.875,2746,0.01,1754268973.46875
1533,-4730056.725,3972,0.01,2040543038.671875
1534,-3027135.1750000003,3178,0.01,1525156245.703125
1535,-3023610.625,3176,0.01,1588263641.296875
1536,-2435024.5,2850,0.01,1418265525.71875
1537,-8455272.125,5310,0.01,2217995149.8984375
1538,-6504264.675,4658,0.01,3437467924.34375
1539,-4379381.975,3822,0.01,2805633873.0
1540,-6572462.35,4682,0.01,3359040417.703125
1541,-1780334.6,2437,0.01,1732626976.90625
1542,-6637891.75,4705,0.01,2912065251.421875
1543,-2866327.35,3092,0.01,2366746901.40625
1544,-3335909.125,3336,0.01,2018375759.28125
1545,-2072858.375,2630,0.01,1526713645.84375
1546,-6335840.475,4597,0.01,2143640370.2578125
1547,-8764310.875,5406,0.01,3286276879.375
1548,-12326337.875,6411,0.01,5237726600.21875
1549,-5167068.875,4151,0.01,4706940886.0
1550,-663936.1,1489,0.01,1686307480.84375
1551,-4697213.05,3958,0.01,4667654955.90625
1552,-5827191.675,4408,0.01,2861294755.4375
1553,-8854861.975,5434,0.01,3191270127.40625
1554,-10122850.875,5810,0.01,4510896873.71875
1555,-4290824.925,3783,0.01,3661726166.28125
1556,-11458198.75,6181,0.01,5614566580.0
1557,-3756949.125,3540,0.01,3610278482.15625
1558,-1958591.375,2556,0.01,2355274040.4375
1559,-8443097.625,5306,0.01,4758327661.359375
1560,-3714825.375,3520,0.01,2723520183.40625
1561,-13257208.924999999,6648,0.01,5551690055.125
1562,-3062503.0,3196,0.01,3837774562.5
1563,-13145993.125,6621,0.01,8123876294.75
1564,-5880971.725,4429,0.01,4732643942.6875
1565,-10454442.725,5904,0.01,5263333497.6875
1566,-6626979.125,4701,0.01,3972180726.9375
1567,-11962922.0,6316,0.01,5566205521.375
1568,-3362670.975,3349,0.01,3595865869.53125
1569,-19742756.049999997,8113,0.01,7998062344.71875
1570,-1172220.675,1978,0.01,3717961914.875
1571,-6550855.975,4674,0.01,9130949146.3125
1572,-2487703.125,2881,0.01,6333083937.1875
1573,-6814308.6,4767,0.01,3755828006.0
1574,-4009725.475,3657,0.01,2665059700.09375
1575,-1626062.475,2329,0.01,1549457121.03125
1576,-11697258.625,6245,0.01,4007264353.140625
1577,-1368195.725,2137,0.01,2371759843.875
1578,-5987965.85,4469,0.01,3126674082.6875
1579,-9277293.225,5562,0.01,3290465869.625
1580,-4881677.875,4035,0.01,2714051352.875
1581,-1004428.0,1831,0.01,1228793140.953125
1582,-3004708.125,3166,0.01,2538929386.1875
1583,-5509877.35,4287,0.01,2092757817.8125
1584,-3061102.375,3195,0.01,1606805551.0625
1585,-7915433.05,5138,0.01,2733844387.359375
1586,-8007474.175,5168,0.01,3813992254.0625
1587,-6680041.75,4720,0.01,3454212183.53125
1588,-3129815.75,3231,0.01,1990199952.40625
1589,-2948977.875,3136,0.01,1894434951.625
1590,-5080159.0,4116,0.01,1715874827.265625
1591,-6202655.425,4548,0.01,2181982688.578125
1592,-5780729.25,4391,0.01,2582970069.0625
1593,-6352849.05,4603,0.01,2909830541.453125
1594,-12234978.225,6387,0.01,4566439058.015625
1595,-8471439.375,5315,0.01,5370987364.1875
1596,-16680912.924999999,7458,0.01,8207435466.71875
1597,-11702437.975,6247,0.01,8013564379.125
1598,-9839232.049999999,5728,0.01,7813928880.34375
1599,-2410962.125,2836,0.01,3128658654.3125
1600,-1828590.0,2470,0.01,2643656985.625
1601,-2154158.375,2681,0.01,2582352536.5
1602,-9147579.799999999,5523,0.01,3265065398.984375
1603,-16578390.125,7435,0.01,6608729036.34375
1604,-3915858.35,3614,0.01,5127232794.6875
1605,-6694802.375,4725,0.01,7316204332.1875
1606,-5244854.35,4182,0.01,3919285978.71875
1607,-7197024.85,4899,0.01,3203701456.578125
1608,-7344956.35,4949,0.01,3634861964.796875
1609,-6990696.8,4828,0.01,3638211420.96875
1610,-11080124.799999999,6078,0.01,4538235082.640625
1611,-5633050.975,4334,0.01,4594526159.03125
1612,-3344963.125,3340,0.01,2992238237.53125
1613,-8526018.475,5332,0.01,3831979227.078125
1614,-5158717.175,4148,0.01,3013195898.4375
1615,-8052391.475,5182,0.01,3583440351.421875
1616,-5398110.675,4243,0.01,2963232997.75
1617,-640569.225,1462,0.01,1026603974.875
1618,-4338004.8,3803,0.01,1970037013.21875
1619,-3766449.6,3544,0.01,1724474814.09375
1620,-4542541.725,3892,0.01,1843079606.734375
1621,-5437988.175,4258,0.01,2093170233.40625
1622,-2638198.875,2966,0.01,1666179315.03125
1623,-9897265.25,5745,0.01,3521574781.65625
1624,-3445995.25,3390,0.01,2907437051.25
1625,-3216623.25,3275,0.01,2737598902.59375
1626,-2936775.375,3130,0.01,2662776997.375
1627,-12093582.625,6350,0.01,3406571565.015625
1628,-2114433.375,2656,0.01,2744006235.6875
1629,-19954438.624999996,8156,0.01,8160192652.65625
1630,-5948728.85,4454,0.01,6478853298.0625
1631,-9743816.75,5700,0.01,5905368387.9375
1632,-4221702.225,3752,0.01,3186049935.84375
1633,-8586602.25,5351,0.01,4606307761.125
1634,-5495723.0,4281,0.01,3580959509.0625
1635,-9606688.625,5660,0.01,3999327291.5625
1636,-6613231.375,4696,0.01,3825369795.71875
1637,-1950385.5,2551,0.01,1722326724.015625
1638,-5591465.3,4318,0.01,2974582001.09375
1639,-3782696.475,3552,0.01,2348804045.96875
1640,-9537776.625,5640,0.01,3264846086.765625
1641,-5039795.25,4100,0.01,3275514716.40625
1642,-3762853.6750000003,3543,0.01,2418777539.65625
1643,-6365091.1,4607,0.01,2779880044.59375
1644,-5797269.225,4397,0.01,2586489624.78125
1645,-12945375.625,6570,0.01,4595638659.765625
1646,-11691661.475,6244,0.01,6222440383.625
1647,-14869611.875,7041,0.01,8463204505.625
1648,-4467415.25,3860,0.01,5750321198.75
1649,-5815359.85,4404,0.01,5972306856.3125
1650,-6926150.125,4806,0.01,4525201702.46875
1651,-6031012.25,4485,0.01,3362162115.46875
1652,-11246032.225,6124,0.01,4366136690.625
1653,-4591012.175,3913,0.01,3695754107.21875
1654,-8442487.875,5306,0.01,4891012056.875
1655,-881421.375,1715,0.01,1488583576.5
1656,-8693751.35,5384,0.01,4535641958.5625
1657,-14134807.75,6865,0.01,6286536657.125
1658,-1490497.5,2230,0.01,2696438671.3125
1659,-15409453.549999999,7168,0.01,8812237962.1875
1660,-5310364.55,4208,0.01,5874224793.625
1661,-5350461.725,4224,0.01,4525983354.03125
1662,-12648784.1,6494,0.01,4724263522.296875
1663,-19932504.975,8152,0.01,9334610660.71875
1664,-4476682.725,3864,0.01,6707894821.375
1665,-26713079.224999998,9437,0.01,11978637742.15625
1666,-16533892.375,7425,0.01,11469261634.40625
1667,-5234379.8,4178,0.01,6627949647.75
1668,-2927710.125,3125,0.01,4129726030.96875
1669,-8900688.049999999,5448,0.01,5105840911.953125
1670,-8314176.0,5265,0.01,4103642271.5625
1671,-2234160.625,2730,0.01,2204371494.46875
1672,-5534588.0,4296,0.01,3560398990.09375
1673,-7912414.85,5137,0.01,3438595765.453125
1674,-8215414.85,5234,0.01,3636205695.375
1675,-20641970.875,8296,0.01,7823963657.5625
1676,-12338173.225,6414,0.01,9737352813.53125
1677,-6043745.85,4489,0.01,8592028252.375
1678,-3545095.9250000003,3438,0.01,4513376284.9375
1679,-9458884.5,5616,0.01,5039089010.578125
1680,-3451455.9250000003,3393,0.01,3243797950.78125
1681,-4168879.725,3729,0.01,3431129663.59375
1682,-1827895.875,2470,0.01,2355218974.65625
1683,-3087324.6,3209,0.01,1683163221.984375
1684,-646153.6,1469,0.01,841104639.484375
1685,-3644528.6,3487,0.01,1380699984.8125
1686,-5307752.475,4207,0.01,1679889744.765625
1687,-2199419.725,2709,0.01,1342603629.125
1688,-12936796.924999999,6568,0.01,3871071627.0625
1689,-1287568.425,2073,0.01,2558018625.875
1690,-3868300.85,3592,0.01,4318351973.25
1691,-692333.125,1520,0.01,1718949117.6875
1692,-10155463.6,5819,0.01,4666928850.8125
1693,-4243213.85,3762,0.01,3493833302.4375
1694,-14699773.625,7001,0.01,5949634044.5625
1695,-14511614.75,6956,0.01,7480861613.21875
1696,-782239.125,1616,0.01,2748687602.4375
1697,-2528196.475,2904,0.01,5161044038.0
1698,-1792229.25,2445,0.01,4493447518.8125
1699,-13999647.85,6832,0.01,7831181137.859375
1700,-7200593.0,4900,0.01,6011945761.5
1701,-14637959.25,6986,0.01,8075073661.03125
1702,-1428257.175,2183,0.01,3016758917.3125
1703,-4552484.475,3897,0.01,5572594452.5625
1704,-4562736.375,3901,0.01,5292358977.5625
1705,-5003266.375,4085,0.01,2101786515.21875
1706,-851354.375,1686,0.01,936189802.375
1707,-5745423.6,4377,0.01,2367029558.984375
1708,-760934.35,1594,0.01,966862890.46875
1709,-3363980.375,3350,0.01,1968909405.78125
1710,-5248795.85,4184,0.01,2263856711.53125
1711,-9088129.5,5505,0.01,2953495840.796875
1712,-11418283.75,6170,0.01,4828538593.375
1713,-11849652.75,6286,0.01,5958851611.34375
1714,-5761068.05,4383,0.01,5335951289.0
1715,-12916345.174999999,6563,0.01,6772615860.71875
1716,-5765324.875,4385,0.01,4560096333.5
1717,-1534744.675,2263,0.01,2064894197.3125
1718,-2496991.0,2886,0.01,3284611499.0625
1719,-2273594.475,2754,0.01,1549417446.546875
1720,-5226728.625,4175,0.01,1938560711.5625
1721,-7686120.475,5062,0.01,2534183216.140625
1722,-5666838.85,4347,0.01,2966962193.59375
1723,-8928326.125,5456,0.01,4377550082.78125
1724,-11170624.174999999,6103,0.01,4977740943.40625
1725,-4156977.3000000003,3723,0.01,4271798202.28125
1726,-1298764.35,2082,0.01,2123024051.625
1727,-9135763.225,5519,0.01,5011663475.625
1728,-7690512.975,5064,0.01,4219436504.5
1729,-7397742.725,4967,0.01,3961013473.84375
1730,-3869705.475,3592,0.01,2781618306.875
1731,-2611329.875,2951,0.01,1999896143.09375
1732,-16787149.499999996,7481,0.01,6041215299.921875
1733,-5299866.975,4204,0.01,6239862028.875
1734,-11296690.225,6137,0.01,8612910246.75
1735,-7351335.25,4951,0.01,5442001803.84375
1736,-4054391.1,3677,0.01,4282942759.46875
1737,-4900987.55,4043,0.01,3167097391.03125
1738,-6155967.75,4531,0.01,3137068551.90625
1739,-3121840.1,3227,0.01,2193865441.578125
1740,-1668076.225,2359,0.01,1657964849.3125
1741,-1402356.675,2163,0.01,1300701787.234375
1742,-3897352.75,3605,0.01,1843077944.65625
1743,-3931126.125,3621,0.01,1606528595.984375
1744,-7057426.5,4851,0.01,2165900128.328125
1745,-8435007.424999999,5303,0.01,3611796887.6875
1746,-2676320.5500000003,2988,0.01,2254805258.65625
1747,-8084283.725,5192,0.01,4095266309.625
1748,-5631550.725,4334,0.01,3373566517.1875
1749,-5775195.85,4389,0.01,2904072399.0
1750,-14939497.049999999,7058,0.01,5071669333.78125
1751,-8118496.425,5203,0.01,5978403026.65625
1752,-4507544.85,3877,0.01,4799728189.3125
1753,-3139226.125,3236,0.01,2671524022.15625
1754,-7910644.375,5136,0.01,3250457629.875
1755,-3877383.25,3596,0.01,2634928950.015625
1756,-1941400.75,2545,0.01,1868668248.40625
1757,-2401513.625,2830,0.01,2381774441.625
1758,-4426517.85,3842,0.01,1991328590.078125
1759,-18209944.35,7792,0.01,5102519552.921875
1760,-14249922.424999999,6893,0.01,8926667832.625
1761,-10262205.375,5850,0.01,8500565691.15625
1762,-6711167.625,4731,0.01,5643204123.28125
1763,-8321320.8,5268,0.01,4390743015.0625
1764,-13912830.375,6811,0.01,5758777164.09375
1765,-12374001.674999999,6423,0.01,7563151696.4375
1766,-5823631.6,4407,0.01,6836817360.3125
1767,-6162317.425,4533,0.01,4944136250.5625
1768,-7931151.925,5143,0.01,3868828703.171875
1769,-1835621.625,2475,0.01,1830018093.46875
1770,-2733757.875,3020,0.01,2266807379.34375
1771,-3419243.6,3377,0.01,1972016159.015625
1772,-3191829.1750000003,3263,0.01,1537387019.328125
1773,-1862703.925,2493,0.01,882516402.734375
1774,-8745493.25,5400,0.01,2168253685.1796875
1775,-2818835.125,3066,0.01,2233251956.65625
1776,-13177127.424999999,6628,0.01,5142191927.59375
1777,-5557489.875,4305,0.01,4680474363.46875
1778,-11670075.924999999,6238,0.01,5484558270.40625
1779,-4265032.375,3771,0.01,3880996263.15625
1780,-13117644.299999999,6613,0.01,5087951749.25
1781,-6009154.75,4476,0.01,4961676063.125
1782,-12618556.75,6486,0.01,7431259079.5625
1783,-9633432.1,5667,0.01,5871912336.5
1784,-12777930.975,6527,0.01,7678458730.09375
1785,-5801745.55,4398,0.01,5007009598.15625
1786,-10579535.6,5939,0.01,7078568742.90625
1787,-2786224.0500000003,3048,0.01,3310370374.09375
1788,-6759405.6,4747,0.01,5197644629.28125
1789,-816851.25,1651,0.01,2229875576.65625
1790,-2070064.55,2628,0.01,2243027555.953125
1791,-4403198.35,3832,0.01,2871008758.015625
1792,-6008692.0,4476,0.01,2644486984.578125
1793,-56592739.49999999,13735,0.01,22445194989.515625
1794,-509819.5,1305,0.01,4011581049.875
1795,-32899989.3,10473,0.01,55126268838.5
1796,-26422675.5,9386,0.01,16492061168.125
1797,-6246628.725,4564,0.01,9695620632.34375
1798,-5659390.85,4344,0.01,10828128347.8125
1799,-6888833.8,4793,0.01,4296487228.484375
1800,-9425853.125,5606,0.01,4294605730.203125
1801,-2483405.8000000003,2878,0.01,2443932437.9375
1802,-8520032.375,5330,0.01,4344874665.21875
1803,-12243636.725,6389,0.01,5324540246.78125
1804,-2397808.4250000003,2828,0.01,3023959894.0
1805,-9220553.5,5545,0.01,4583004362.75
1806,-4945032.125,4061,0.01,3739757111.0625
1807,-2100685.6,2647,0.01,2342256181.9375
1808,-22739664.475,8707,0.01,8987640189.65625
1809,-5701501.0,4361,0.01,6932781545.375
1810,-7672536.05,5058,0.01,6756943321.59375
1811,-2429621.475,2847,0.01,2368322467.125
1812,-898809.1,1732,0.01,1265717227.46875
1813,-2947760.75,3136,0.01,1808800464.1875
1814,-6788970.55,4758,0.01,2221096338.0
1815,-13197220.1,6634,0.01,4305402212.421875
1816,-8548218.85,5339,0.01,5146288497.5
1817,-1337895.05,2113,0.01,1664988701.125
1818,-4776686.875,3991,0.01,2793843019.71875
1819,-5781757.75,4391,0.01,2018811761.125
1820,-4918493.625,4050,0.01,1957016698.109375
1821,-2790987.125,3051,0.01,1559823793.765625
1822,-4312226.1,3792,0.01,1685729504.046875
1823,-3583412.1,3457,0.01,1447169467.796875
1824,-4402793.6,3832,0.01,1626483745.203125
1825,-797781.1,1632,0.01,782652954.40625
1826,-14303676.5,6906,0.01,3955638853.671875
1827,-7442818.6,4982,0.01,5894803621.6875
1828,-9830226.125,5725,0.01,4783034796.78125
1829,-8481364.049999999,5318,0.01,4594086818.28125
1830,-7681953.375,5061,0.01,4580659253.5625
1831,-18785393.225,7914,0.01,7132763417.28125
1832,-11301343.225,6139,0.01,7955892695.9375
1833,-3120896.475,3227,0.01,3888875901.21875
1834,-10721004.1,5979,0.01,5137213359.9375
1835,-11102977.5,6085,0.01,5353761579.0625
1836,-6765123.75,4750,0.01,4971257997.15625
1837,-3482897.3000000003,3408,0.01,3293121947.75
1838,-2768503.725,3039,0.01,2587476454.359375
1839,-2077638.175,2633,0.01,1703653351.28125
1840,-1184151.8,1988,0.01,985737865.5859375
1841,-9190263.375,5536,0.01,2615344078.296875
1842,-6023875.1,4482,0.01,3526314677.03125
1843,-6767741.375,4751,0.01,3702426716.21875
1844,-8190299.375,5226,0.01,3811513331.46875
1845,-5907166.05,4438,0.01,3392453661.84375
1846,-9469227.35,5619,0.01,4637775660.265625
1847,-13046422.25,6595,0.01,5580718149.9375
1848,-10888029.625,6025,0.01,6771403741.78125
1849,-8175027.0,5221,0.01,6948380817.90625
1850,-9709516.75,5690,0.01,5486587870.21875
1851,-5912430.125,4440,0.01,4664538174.09375
1852,-11392840.549999999,6163,0.01,5174827234.375
1853,-5519297.25,4290,0.01,4432414054.53125
1854,-5558494.0,4305,0.01,4795583893.71875
1855,-7022624.225,4839,0.01,4050965276.9375
1856,-4928244.85,4054,0.01,3307330693.109375
1857,-4748681.475,3979,0.01,3143048259.0625
1858,-2725761.875,3015,0.01,2457956643.578125
1859,-3347214.875,3341,0.01,2050817004.84375
1860,-7955537.375,5150,0.01,2843526983.296875
1861,-982825.0,1811,0.01,1447662720.28125
1862,-10936803.174999999,6038,0.01,4608713661.0625
1863,-3249894.725,3292,0.01,3641071630.9375
1864,-2600298.375,2945,0.01,2895865029.15625
1865,-13223893.5,6640,0.01,5993269619.8125
1866,-16791371.224999998,7482,0.01,8655922929.34375
1867,-13878225.225,6802,0.01,8629064522.5625
1868,-19457089.474999998,8054,0.01,10914487237.34375
1869,-3602128.625,3466,0.01,6722853034.375
1870,-13685682.625,6755,0.01,14547987358.4375
1871,-8294849.475,5259,0.01,6721674494.5625
1872,-9515345.725,5632,0.01,7419995990.84375
1873,-6701819.225,4727,0.01,5335770238.90625
1874,-10672009.125,5965,0.01,5399252970.5625
1875,-6220915.225,4554,0.01,4772589093.5
1876,-8284855.75,5256,0.01,5394740484.8125
1877,-4617309.35,3924,0.01,3183323690.625
1878,-7558747.125,5020,0.01,4172541377.84375
1879,-3407450.125,3371,0.01,2852666600.875
1880,-3388683.725,3362,0.01,2573764986.90625
1881,-6148744.3,4528,0.01,3187066004.953125
1882,-4190138.4250000003,3738,0.01,2234019897.609375
1883,-5519613.5,4290,0.01,2631726469.328125
1884,-7250989.35,4917,0.01,3126891884.4375
1885,-12336908.049999999,6413,0.01,4937096595.546875
1886,-7634148.75,5045,0.01,5596973813.9375
1887,-3267609.625,3301,0.01,3697104810.78125
1888,-11004408.725,6057,0.01,5613675649.9375
1889,-10354737.25,5876,0.01,5542512824.8125
1890,-4384236.725,3824,0.01,3508430099.375
1891,-13598329.475,6734,0.01,6677202590.84375
1892,-1643712.35,2342,0.01,2588781909.75
1893,-4517874.725,3882,0.01,5138630968.1875
1894,-2997567.1,3162,0.01,3872723372.3125
1895,-1934290.875,2540,0.01,1517013223.53125
1896,-1039794.2999999999,1863,0.01,945824499.078125
1897,-4630384.0,3930,0.01,1772539923.234375
1898,-7059440.85,4852,0.01,2397385959.234375
1899,-2453408.875,2861,0.01,1706822306.84375
1900,-7388909.475,4964,0.01,3027116513.0
1901,-2995615.5,3161,0.01,2331322880.3125
1902,-2088689.35,2639,0.01,1776667928.6875
1903,-6250842.375,4565,0.01,2694438944.3125
1904,-7871603.925,5123,0.01,3278523050.296875
1905,-9261572.975,5557,0.01,4201800808.3125
1906,-3504097.725,3419,0.01,2798015993.875
1907,-2045156.85,2612,0.01,2307993449.765625
1908,-10767906.6,5992,0.01,4079118255.171875
1909,-4594834.25,3915,0.01,3714718715.21875
1910,-11718853.375,6251,0.01,5382390193.09375
1911,-8770365.674999999,5408,0.01,4853608806.78125
1912,-7344520.1,4949,0.01,4258908098.75
1913,-9309237.25,5571,0.01,4595249697.375
1914,-6894708.125,4795,0.01,3776551036.0
1915,-11347834.75,6151,0.01,4868416035.96875
1916,-7232249.5,4911,0.01,4575812572.0
1917,-1127435.125,1940,0.01,1869840005.03125
1918,-1348200.75,2121,0.01,2314545552.25
1919,-3331064.8000000003,3333,0.01,2742076396.15625
1920,-4527446.625,3886,0.01,2490798610.734375
1921,-4507901.85,3877,0.01,1824249614.375
1922,-6097252.725,4509,0.01,2291358810.78125
1923,-7306334.625,4936,0.01,2889630279.765625
1924,-12488282.549999999,6453,0.01,4888911776.875
1925,-11208076.799999999,6113,0.01,6825513660.5625
1926,-11097981.799999999,6083,0.01,6947512783.75
1927,-14141647.6,6867,0.01,7567290640.28125
1928,-7232679.25,4911,0.01,6202121830.65625
1929,-11057984.1,6072,0.01,6225858343.90625
1930,-2494909.25,2885,0.01,3400191101.5625
1931,-7973314.25,5156,0.01,4386123088.1875
1932,-6472865.0,4646,0.01,3712243365.15625
1933,-4500259.35,3874,0.01,2941510145.15625
1934,-4395420.35,3829,0.01,2235179864.546875
1935,-8531643.225,5334,0.01,2577816132.109375
1936,-11692071.6,6244,0.01,4658998908.40625
1937,-18138455.85,7777,0.01,8161573488.0625
1938,-1665149.85,2357,0.01,4193197095.75
1939,-2442026.6,2854,0.01,4562480918.4375
1940,-1623122.225,2327,0.01,3513230980.75
1941,-9911442.85,5749,0.01,4870169269.6953125
1942,-1751375.35,2417,0.01,2265328491.84375
1943,-4894118.0,4040,0.01,3612620404.09375
1944,-6036799.85,4487,0.01,3673211831.453125
1945,-12937487.549999999,6568,0.01,4303735872.40625
1946,-6734697.6,4739,0.01,5098364942.75
1947,-1486103.85,2227,0.01,2210300654.6875
1948,-13998191.725,6832,0.01,6287457943.46875
1949,-4853127.55,4023,0.01,5292580880.46875
1950,-4492933.375,3871,0.01,3241142524.0
1951,-6816558.55,4768,0.01,3359980751.109375
1952,-2803297.0500000003,3058,0.01,2114586661.8125
1953,-1785918.5,2441,0.01,1804597038.9375
1954,-3262910.85,3299,0.01,2271250185.15625
1955,-4901074.55,4043,0.01,1982978649.328125
1956,-6478259.05,4648,0.01,2251864981.390625
1957,-3502505.5500000003,3418,0.01,2125549477.46875
1958,-4625722.3,3928,0.01,2424695590.28125
1959,-5884937.75,4430,0.01,2419984768.6875
1960,-1301429.225,2084,0.01,1342972122.5625
1961,-3932009.875,3621,0.01,2317555571.390625
1962,-4544571.55,3893,0.01,2375487110.6875
1963,-6980122.5,4825,0.01,2363043998.578125
1964,-6606218.975,4694,0.01,2930385586.46875
1965,-5681164.175,4353,0.01,2881272026.6875
1966,-13218721.1,6639,0.01,5137025713.78125
1967,-3473665.975,3404,0.01,3766518560.1875
1968,-2321929.6750000003,2783,0.01,3056572132.875
1969,-12064276.475,6342,0.01,6351940869.21875
1970,-4267780.925,3773,0.01,4241495887.25
1971,-10657618.125,5961,0.01,6170253635.9375
1972,-1903254.375,2520,0.01,2627186845.0625
1973,-11224435.049999999,6118,0.01,6347756090.5
1974,-4191708.85,3739,0.01,4116999775.15625
1975,-12888856.625,6556,0.01,5977532789.28125
1976,-22472655.25,8656,0.01,10249176149.625
1977,-2405992.9250000003,2833,0.01,5605760164.4375
1978,-7757861.25,5086,0.01,9761887968.0
1979,-5163403.25,4150,0.01,4837438785.53125
1980,-5158679.675,4148,0.01,2656877556.203125
1981,-24278781.6,8997,0.01,8507830741.921875
1982,-9071736.75,5500,0.01,10427689587.5625
1983,-3482471.9250000003,3408,0.01,8377733714.0625
1984,-3810849.5,3565,0.01,3781809888.0
1985,-17436830.25,7625,0.01,5905786045.0
1986,-11265320.85,6129,0.01,8256111359.875
1987,-16488924.875,7415,0.01,9597709994.1875
1988,-14934689.1,7057,0.01,9929367315.4375
1989,-1374566.225,2142,0.01,4302405728.875
1990,-9934942.875,5756,0.01,9009613354.96875
1991,-11914596.049999999,6303,0.01,7518892570.28125
1992,-8474430.0,5316,0.01,5742807426.78125
1993,-9227731.6,5547,0.01,5692982727.15625
1994,-8232956.5,5240,0.01,4522066742.53125
1995,-8857713.0,5435,0.01,4821180863.375
1996,-9496880.174999999,5628,0.01,4739868263.375
1997,-12463040.75,6446,0.01,5801917989.46875
1998,-15469902.85,7182,0.01,7844419987.65625
1999,-5161514.225,4149,0.01,5761712212.3125
2000,-7916693.3,5138,0.01,7189313357.5625
2001,-8455100.125,5310,0.01,4309443689.109375
2002,-5204402.75,4166,0.01,3412958329.03125
2003,-7439292.75,4981,0.01,3662382039.109375
2004,-4373026.85,3819,0.01,2690147206.5625
2005,-6939685.25,4810,0.01,3323476469.375
2006,-6096052.225,4509,0.01,3138930667.59375
2007,-10364247.85,5879,0.01,4235148430.1875
2008,-5892611.8,4433,0.01,3867882218.8125
2009,-10326440.799999999,5868,0.01,5243224476.71875
2010,-4607121.25,3920,0.01,3432624832.625
2011,-1720113.0,2396,0.01,2040315916.03125
2012,-6905796.1,4799,0.01,3446732498.34375
2013,-3905833.475,3609,0.01,2422119549.078125
2014,-10186436.799999999,5828,0.01,3588321328.78125
2015,-5035047.175,4098,0.01,3587564886.21875
2016,-5728290.25,4371,0.01,3170359612.1875
2017,-2213903.4250000003,2718,0.01,1697817804.359375
2018,-6657325.475,4712,0.01,2357227995.09375
2019,-2531264.375,2906,0.01,1800637434.578125
2020,-4815873.425,4008,0.01,2357999727.59375
2021,-7814474.625,5105,0.01,2988565906.828125
2022,-10340294.1,5872,0.01,4183515636.78125
2023,-10795233.875,6000,0.01,5317897614.15625
2024,-7309798.35,4937,0.01,5347626807.28125
2025,-6118185.35,4517,0.01,4146510734.25
2026,-3976725.6,3642,0.01,2751508282.53125
2027,-5276719.75,4195,0.01,2945863776.96875
2028,-4608473.375,3920,0.01,2208767797.296875
2029,-4695192.225,3957,0.01,2107431221.4375
2030,-2867101.85,3092,0.01,1783428778.625
2031,-8932141.6,5457,0.01,2786054291.359375
2032,-2698180.5,3000,0.01,2297545216.5625
2033,-11377886.975,6159,0.01,4888193274.859375
2034,-1896074.375,2515,0.01,2707697874.375
2035,-5748725.425,4378,0.01,4376093646.75
2036,-3857611.725,3587,0.01,3497138776.71875
2037,-5219158.475,4172,0.01,2097523654.125
2038,-9904455.1,5747,0.01,3087774467.59375
2039,-31113507.125,10185,0.01,12998194877.71875
2040,-9228995.725,5547,0.01,13228984267.5
2041,-5472646.1,4272,0.01,12209430329.5625
2042,-2781405.75,3046,0.01,2402804113.46875
2043,-3107987.75,3220,0.01,1766313550.796875
2044,-2062495.425,2623,0.01,1126740416.765625
2045,-3605946.6750000003,3468,0.01,1210373526.3359375
2046,-14201579.125,6881,0.01,3661109765.40625
2047,-11148073.1,6097,0.01,6130171411.875
2048,-1846494.475,2482,0.01,2907229383.5
2049,-5899719.0,4435,0.01,4037873000.703125
2050,-4442676.225,3849,0.01,3352714411.1875
2051,-11075489.475,6077,0.01,3951633938.328125
2052,-7918093.05,5138,0.01,4931394963.96875
2053,-11262947.799999999,6128,0.01,6809236989.75
2054,-6964737.725,4819,0.01,4889286506.3125
2055,-7333421.625,4945,0.01,5043199366.5625
2056,-5269672.1,4192,0.01,3349804674.6875
2057,-6121590.675,4518,0.01,3210519561.171875
2058,-15901662.25,7281,0.01,5444552760.640625
2059,-2236385.5,2731,0.01,3665903777.8125
2060,-9329198.975,5577,0.01,8025326861.8125
2061,-8600634.125,5355,0.01,6027686953.34375
2062,-4316936.225,3794,0.01,3430598264.40625
2063,-8505814.0,5325,0.01,4515808694.84375
2064,-9171936.75,5530,0.01,4811913796.125
2065,-1048099.0,1870,0.01,1702819280.78125
2066,-9442703.625,5611,0.01,5739372224.9375
2067,-14527783.85,6959,0.01,6966861332.4375
2068,-2713093.9250000003,3008,0.01,3624738322.5625
2069,-12680753.35,6502,0.01,9750741783.625
2070,-7958194.125,5151,0.01,6344141708.96875
2071,-9148457.674999999,5523,0.01,4540294637.46875
2072,-5864767.6,4422,0.01,4559149516.53125
2073,-10991078.924999999,6053,0.01,5827710420.6875
2074,-4833357.75,4015,0.01,3701685952.625
2075,-1836826.0,2475,0.01,2056309905.09375
2076,-8198524.425,5228,0.01,3836136740.34375
2077,-3519278.875,3426,0.01,2806613228.0
2078,-9564038.6,5647,0.01,3471686356.375
2079,-16180386.625,7345,0.01,6242530471.34375
2080,-29648057.85,9942,0.01,14504214844.0625
2081,-7853424.225,5117,0.01,11373443492.9375
2082,-11740953.975,6257,0.01,13311907010.8125
2083,-15243122.225,7129,0.01,7037974577.09375
2084,-6570024.5,4681,0.01,6519294036.09375
2085,-3752642.6750000003,3538,0.01,3811417990.34375
2086,-4543514.3,3893,0.01,3621667568.796875
2087,-468431.25,1251,0.01,916283121.78125
2088,-10557460.424999999,5933,0.01,3675490638.640625
2089,-15204138.75,7120,0.01,6698573858.6875
2090,-5299891.1,4204,0.01,5437268506.75
2091,-16047248.225,7314,0.01,6234154085.875
2092,-4490833.25,3870,0.01,5341854926.75
2093,-13008576.75,6586,0.01,10206612742.59375
2094,-5395755.6,4242,0.01,4486764228.59375
2095,-9445371.475,5612,0.01,4660581969.21875
2096,-8987520.35,5474,0.01,4220823377.9375
2097,-6916646.975,4802,0.01,4521330434.21875
2098,-4067856.5500000003,3683,0.01,3049260906.0
2099,-2040062.1,2609,0.01,2376459685.28125
2100,-9104472.875,5510,0.01,3339664698.546875
2101,-3405188.875,3370,0.01,2964366428.3125
2102,-15153572.549999999,7108,0.01,5348863777.46875
2103,-17767593.6,7697,0.01,8739723489.53125
2104,-4540724.125,3891,0.01,5828005192.1875
2105,-12365764.875,6421,0.01,5919635040.71875
2106,-9334711.225,5579,0.01,5313268747.8125
2107,-9539894.5,5640,0.01,6264971998.1875
2108,-5484564.475,4277,0.01,3623915966.75
2109,-4978825.75,4075,0.01,2682249153.5
2110,-5209365.175,4168,0.01,2563005366.796875
2111,-4135172.8000000003,3713,0.01,2421626734.109375
2112,-4631990.75,3930,0.01,2460951237.21875
2113,-8370571.05,5283,0.01,3246352074.25
2114,-11099200.174999999,6083,0.01,4914467319.6875
2115,-4872843.875,4031,0.01,4156363159.09375
2116,-2481916.725,2877,0.01,2771074390.625
2117,-1874974.375,2501,0.01,2536688152.484375
2118,-5422520.35,4252,0.01,2418809837.296875
2119,-1937855.85,2542,0.01,1461592778.34375
2120,-4548248.35,3894,0.01,2197644374.953125
2121,-5992401.875,4470,0.01,2493575664.53125
2122,-9150930.85,5524,0.01,3326983677.5
2123,-12208060.0,6380,0.01,5384145824.15625
2124,-3045759.975,3187,0.01,3777243130.78125
2125,-5129818.625,4136,0.01,3675816296.484375
2126,-2773105.375,3041,0.01,2428175391.984375
2127,-15789307.625,7255,0.01,5608641970.859375
2128,-16240209.299999999,7358,0.01,9743214028.5
2129,-6435666.725,4632,0.01,7588771071.5
2130,-9239037.875,5550,0.01,8295075246.3125
2131,-3228288.625,3281,0.01,3411484312.90625
2132,-4943414.0,4060,0.01,4022694220.5625
2133,-6521133.3,4663,0.01,4052814755.71875
2134,-3912165.225,3612,0.01,2639562201.84375
2135,-9692280.25,5685,0.01,4236032195.796875
2136,-3787013.0500000003,3553,0.01,3226656830.8125
2137,-4786542.0,3995,0.01,2732018251.84375
2138,-5158249.85,4147,0.01,2440673873.9375
2139,-6344035.6,4599,0.01,2693232236.8125
2140,-2607714.725,2949,0.01,1822105085.1875
2141,-1837178.5,2476,0.01,1642328304.65625
2142,-1418759.75,2176,0.01,1028680312.78125
2143,-620264.1,1439,0.01,666758837.75
2144,-1182131.125,1986,0.01,675378956.296875
2145,-4484602.6,3867,0.01,1216135288.1484375
2146,-2238504.4250000003,2733,0.01,1163394558.109375
2147,-2419028.25,2841,0.01,1172848169.3125
2148,-5017106.5,4091,0.01,1545185965.078125
2149,-6064122.85,4497,0.01,1995965896.25
2150,-7271560.975,4924,0.01,2817888813.109375
2151,-2585614.975,2937,0.01,2090574398.90625
2152,-2148389.6,2677,0.01,1937782750.8125
2153,-5837615.35,4412,0.01,2720705214.046875
2154,-3521012.225,3427,0.01,1728172781.09375
2155,-10421947.0,5895,0.01,3019941617.796875
2156,-19464638.25,8056,0.01,7718279979.625
2157,-5403967.125,4245,0.01,6562655595.0
2158,-15291367.125,7140,0.01,10290466685.46875
2159,-4252210.0,3766,0.01,4969307030.125
2160,-4844993.25,4020,0.01,4676622326.4375
2161,-1549486.475,2274,0.01,2527799077.796875
2162,-10522779.174999999,5923,0.01,3536267167.203125
2163,-17451943.675,7628,0.01,7406306055.09375
2164,-12721889.674999999,6513,0.01,9217745534.5625
2165,-31214307.749999996,10201,0.01,15889050676.84375
2166,-4472608.1,3862,0.01,7723308148.9375
2167,-10825281.049999999,6008,0.01,19378143834.1875
2168,-10931477.35,6037,0.01,6602104256.15625
2169,-19609628.75,8086,0.01,9135725967.375
2170,-7762944.925,5088,0.01,7509986163.75
2171,-13959265.725,6822,0.01,10751181477.40625
2172,-8043701.85,5179,0.01,6584100310.5
2173,-31515448.499999996,10250,0.01,15305487739.34375
2174,-8409776.5,5295,0.01,12969383907.6875
2175,-19909319.724999998,8147,0.01,14989562854.0
2176,-7322160.875,4941,0.01,7890841510.5625
2177,-8871780.225,5439,0.01,5466094870.28125
2178,-10524134.85,5924,0.01,5120088028.9375
2179,-7273159.75,4925,0.01,5140873479.375
2180,-9644851.875,5671,0.01,5330018726.21875
2181,-8309159.35,5264,0.01,4559956373.46875
2182,-4051666.0,3676,0.01,2851109415.53125
2183,-14213416.85,6884,0.01,5635121554.984375
2184,-30945873.849999998,10157,0.01,15239784117.75
2185,-16539827.625,7426,0.01,12576334672.0625
2186,-8400012.35,5292,0.01,9567865851.65625
2187,-11210109.35,6114,0.01,5918636610.9375
2188,-14140509.875,6866,0.01,7399451342.40625
2189,-9112410.35,5512,0.01,6888983990.34375
2190,-10603932.125,5946,0.01,6556025386.65625
2191,-2114156.375,2656,0.01,2788053843.40625
2192,-5369579.725,4232,0.01,4589584139.59375
2193,-6255477.35,4567,0.01,3947902140.8125
2194,-5597449.5,4320,0.01,2690036420.125
2195,-11071823.0,6076,0.01,4158338336.109375
2196,-8849316.35,5432,0.01,5033784853.3125
2197,-13894560.75,6806,0.01,6616710554.9375
2198,-10821647.475,6007,0.01,6640373711.03125
2199,-6292903.125,4581,0.01,4493729833.6875
2200,-4892424.725,4039,0.01,3202738564.40625
2201,-9189504.625,5535,0.01,3383353307.234375
2202,-9916783.0,5750,0.01,4481186166.90625
2203,-6760768.55,4748,0.01,4618619068.96875
2204,-6529189.875,4666,0.01,4484933365.625
2205,-3183454.1750000003,3258,0.01,2910272021.96875
2206,-2902251.5,3111,0.01,2390972993.78125
2207,-22702395.224999998,8699,0.01,8670972126.609375
2208,-10350595.5,5875,0.01,9525386189.75
2209,-7632190.75,5045,0.01,9800584395.6875
2210,-10378876.725,5882,0.01,6709119490.15625
2211,-14092003.6,6854,0.01,7378098284.53125
2212,-3334909.75,3335,0.01,5110313844.8125
2213,-22955816.924999997,8748,0.01,13460171290.6875
2214,-2963580.35,3144,0.01,6358172836.5
2215,-14484585.1,6949,0.01,17445691008.0625
2216,-4480108.75,3865,0.01,6331603727.5625
2217,-2995995.375,3161,0.01,4357666545.5625
2218,-18295405.749999996,7810,0.01,8829545621.25
2219,-4247196.675,3763,0.01,5614621505.0
2220,-4709567.3,3963,0.01,6486623807.375
2221,-2226104.875,2725,0.01,3638151765.84375
2222,-6621627.35,4699,0.01,2735216281.5
2223,-14646532.799999999,6988,0.01,4833539981.5625
2224,-3121125.975,3227,0.01,3747298096.75
2225,-4836586.5,4016,0.01,2758958300.71875
2226,-4029990.125,3666,0.01,1966369506.828125
2227,-6395716.3,4618,0.01,2395108336.953125
2228,-8997834.975,5477,0.01,3758545611.15625
2229,-10579814.6,5939,0.01,5008841540.0625
2230,-5747409.925,4378,0.01,4084062261.625
2231,-3197661.5,3266,0.01,2252758216.0
2232,-6418008.625,4626,0.01,2863050582.84375
2233,-1335538.375,2111,0.01,1431639313.21875
2234,-10144241.625,5816,0.01,3202910291.90625
2235,-1569178.675,2288,0.01,2241138952.28125
2236,-3072685.625,3201,0.01,2939386643.96875
2237,-12791459.875,6530,0.01,4988304400.03125
2238,-6597901.125,4690,0.01,4761853425.625
2239,-9579284.25,5651,0.01,5727009623.125
2240,-5295430.35,4202,0.01,3620707468.96875
2241,-1679842.725,2367,0.01,1997343978.625
2242,-16698223.5,7461,0.01,7219916876.6875
2243,-4821328.75,4010,0.01,5776265822.3125
2244,-11242171.1,6122,0.01,6295883603.1875
2245,-4542207.6,3892,0.01,3473416552.09375
2246,-5639756.85,4337,0.01,3016563030.28125
2247,-1745355.425,2413,0.01,1703561356.109375
2248,-943037.85,1774,0.01,1096913519.6875
2249,-3034524.75,3181,0.01,1749213019.078125
2250,-2530320.5,2905,0.01,1474967645.25
2251,-3512687.5500000003,3423,0.01,1238180770.9296875
2252,-631201.475,1452,0.01,529824670.171875
2253,-8230349.675,5238,0.01,2212417906.4375
2254,-5814301.425,4403,0.01,3209457576.59375
2255,-3773900.1750000003,3548,0.01,2366107291.90625
2256,-5765019.0,4385,0.01,2672593409.359375
2257,-2309227.625,2776,0.01,1500894081.078125
2258,-2520174.625,2900,0.01,1506214747.484375
2259,-2005368.1,2587,0.01,1224439432.296875
2260,-5839205.8,4413,0.01,1813079224.171875
2261,-24828135.799999997,9098,0.01,7892361740.734375
2262,-12375761.35,6424,0.01,9546990434.90625
2263,-960856.75,1791,0.01,2670216693.71875
2264,-20811301.375,8330,0.01,13212782447.1875
2265,-6817054.3,4768,0.01,7550227911.4375
2266,-7320018.875,4941,0.01,5516352979.8125
2267,-12333444.299999999,6413,0.01,5273325253.734375
2268,-12070340.225,6344,0.01,6377022913.59375
2269,-6619552.3,4698,0.01,4848832903.84375
2270,-15509549.0,7191,0.01,5958136124.421875
2271,-13348825.125,6671,0.01,8477467477.34375
2272,-15699556.0,7235,0.01,9860722045.21875
2273,-6990782.925,4828,0.01,7653200852.0
2274,-14379434.725,6924,0.01,9802564664.46875
2275,-3928616.75,3620,0.01,4833683639.375
2276,-3968139.1750000003,3638,0.01,5093307156.1875
2277,-7995877.8,5163,0.01,4558250858.75
2278,-35664973.349999994,10904,0.01,14488573086.65625
2279,-3721599.6750000003,3523,0.01,7643346851.8125
2280,-15731251.6,7242,0.01,27738144936.625
2281,-5193493.6,4162,0.01,6433713606.0625
2282,-7577081.1,5027,0.01,7362086459.5
2283,-3229515.475,3282,0.01,2711743417.8125
2284,-6295322.725,4582,0.01,3004582905.59375
2285,-2439732.6750000003,2853,0.01,2014614845.9375
2286,-3246526.375,3291,0.01,1947929288.03125
2287,-2760882.75,3035,0.01,1793264906.390625
2288,-6743593.475,4742,0.01,1943298662.921875
2289,-2235442.875,2731,0.01,1502502359.15625
2290,-10575540.799999999,5938,0.01,3293351938.921875
2291,-37754477.35,11219,0.01,16306205072.71875
2292,-11312732.25,6141,0.01,14453945595.4375
2293,-2317085.75,2780,0.01,7506954398.0
2294,-8979914.225,5472,0.01,7652330363.5
2295,-8360547.5,5280,0.01,5528852826.09375
2296,-16669169.375,7455,0.01,7339531485.375
2297,-7080500.85,4859,0.01,6680158755.40625
2298,-6040519.175,4488,0.01,6725731292.3125
2299,-2951919.4250000003,3138,0.01,2597307763.46875
2300,-6201609.175,4548,0.01,2865947279.28125
2301,-2025384.5,2600,0.01,1771585734.671875
2302,-353571.475,1087,0.01,648102713.90625
2303,-4765669.875,3986,0.01,2477867236.65625
2304,-3163037.9250000003,3248,0.01,1758695431.078125
2305,-8960104.875,5466,0.01,2748301940.53125
2306,-6248075.25,4565,0.01,3373295983.71875
2307,-5839159.05,4413,0.01,3409672383.78125
2308,-3570928.375,3451,0.01,2328707334.390625
2309,-4792403.175,3998,0.01,2604813890.1875
2310,-2397412.5500000003,2828,0.01,1698965598.40625
2311,-1073677.3,1893,0.01,951657430.96875
2312,-7810033.175,5103,0.01,2484085502.796875
2313,-6495447.35,4654,0.01,3392509439.953125
2314,-5921551.85,4444,0.01,3219694758.15625
2315,-1949033.0,2550,0.01,1880346905.84375
2316,-7112607.25,4870,0.01,3218890419.984375
2317,-27871548.974999998,9639,0.01,10348241045.8125
2318,-3885714.25,3600,0.01,7451848275.3125
2319,-16058864.975,7317,0.01,9085467991.953125
2320,-24033556.874999996,8951,0.01,12901639257.5625
2321,-24742577.224999998,9082,0.01,18962519329.8125
2322,-16940497.624999996,7515,0.01,12649225051.46875
2323,-6593931.725,4689,0.01,8498628957.3125
2324,-15528074.125,7195,0.01,10347424671.15625
2325,-14162831.475,6872,0.01,9607158407.75
2326,-9481913.049999999,5623,0.01,7080104665.46875
2327,-12141914.549999999,6363,0.01,6556545004.5625
2328,-6339504.425,4598,0.01,4926026933.8125
2329,-10021814.625,5781,0.01,5528928452.4375
2330,-5606401.1,4324,0.01,3814610936.28125
2331,-4711769.725,3964,0.01,3288978401.0625
2332,-5377800.625,4235,0.01,2852165445.859375
2333,-5640131.225,4337,0.01,2693409115.890625
2334,-7336583.375,4946,0.01,3070887685.109375
2335,-6188779.8,4543,0.01,3341463881.28125
2336,-16939300.374999996,7515,0.01,6697748879.625
2337,-4271596.5,3775,0.01,5523274298.375
2338,-9390749.5,5596,0.01,5458269821.984375
2339,-2329831.8000000003,2788,0.01,2317710701.0625
2340,-715067.375,1545,0.01,1161060339.90625
2341,-10045725.549999999,5788,0.01,3108943674.125
2342,-14481313.475,6949,0.01,6240543912.34375
2343,-16572685.924999999,7433,0.01,8484428606.25
2344,-15137335.475,7104,0.01,8738428972.96875
2345,-4648100.6,3937,0.01,5716124504.4375
2346,-15460769.125,7180,0.01,10160979644.65625
2347,-12413552.225,6434,0.01,8386905837.375
2348,-5766458.75,4385,0.01,6943655394.84375
2349,-15146820.975,7107,0.01,7088196115.96875
2350,-13708684.25,6761,0.01,7556595309.1875
2351,-9550373.799999999,5643,0.01,8230484589.4375
2352,-6794105.625,4760,0.01,5855527656.21875
2353,-4259637.1,3769,0.01,3785138857.96875
2354,-3218691.975,3277,0.01,2763858512.28125
2355,-9052729.475,5494,0.01,3649571921.265625
2356,-12466285.475,6447,0.01,5220155186.875
2357,-7763802.8,5088,0.01,5557569220.3125
2358,-3312498.225,3324,0.01,4041904818.4375
2359,-7059632.225,4852,0.01,3718660220.359375
2360,-6610106.375,4695,0.01,3062957785.6875
2361,-3028559.0500000003,3178,0.01,1922446246.8125
2362,-26980229.599999998,9484,0.01,9875434619.6875
2363,-30731534.725,10122,0.01,20733998757.0
2364,-21979729.624999996,8560,0.01,16579572004.65625
2365,-3118021.125,3225,0.01,7401011706.75
2366,-7237905.3,4913,0.01,10738988025.25
2367,-3202619.1,3269,0.01,4152304147.03125
2368,-2921929.975,3122,0.01,2545222327.484375
2369,-2885134.475,3102,0.01,2377716775.625
2370,-6547828.3,4673,0.01,2113927687.203125
2371,-7891832.75,5130,0.01,3053743505.3125
2372,-2521105.5,2900,0.01,1988514244.84375
2373,-15902783.975,7282,0.01,6623933930.15625
2374,-8089932.85,5194,0.01,6412320701.9375
2375,-19041913.55,7968,0.01,9616922413.15625
2376,-8109769.25,5200,0.01,8775736671.5
2377,-4063089.75,3681,0.01,6497035136.375
2378,-5829746.475,4409,0.01,3789194813.53125
2379,-2583483.5,2936,0.01,1847191629.90625
2380,-2993450.25,3160,0.01,1807308538.140625
2381,-3276651.375,3306,0.01,1714358801.53125
2382,-12036289.5,6335,0.01,3063830584.109375
2383,-3651116.125,3490,0.01,3496635382.03125
2384,-6848387.1,4779,0.01,4080756457.3125
2385,-10746984.5,5986,0.01,4502081752.21875
2386,-5779594.25,4390,0.01,4047788654.75
2387,-3197372.25,3266,0.01,2813272239.71875
2388,-3124380.5500000003,3228,0.01,2737876814.953125
2389,-14742670.625,7011,0.01,4416463094.59375
2390,-2019532.5,2596,0.01,3283776950.375
2391,-9171309.25,5530,0.01,4595558141.890625
2392,-11927101.625,6306,0.01,5578582424.71875
2393,-9384028.1,5594,0.01,5684367456.75
2394,-7194368.175,4898,0.01,4727200043.25
2395,-11707841.049999999,6248,0.01,4821655726.90625
2396,-9902478.25,5746,0.01,5592825122.0
2397,-4832781.0,4015,0.01,4215853867.0625
2398,-8189818.5,5226,0.01,3991595327.109375
2399,-4945116.75,4061,0.01,3130640997.875
2400,-11053408.875,6071,0.01,4882747589.34375
2401,-15251280.875,7131,0.01,6146619226.75
2402,-4075930.1,3687,0.01,5151470207.5625
2403,-1420980.3,2178,0.01,3236892802.125
2404,-6511998.25,4660,0.01,5728391256.125
2405,-5229276.5,4176,0.01,2884962870.0
2406,-24129543.849999998,8969,0.01,8025939878.578125
2407,-24865183.0,9105,0.01,14680857263.875
2408,-5412721.85,4249,0.01,7346348682.15625
2409,-8976646.125,5471,0.01,8589139758.4375
2410,-3451278.3000000003,3393,0.01,2559935866.15625
2411,-3566068.975,3449,0.01,2495227141.21875
2412,-1072324.475,1892,0.01,1675722498.6875
2413,-5144311.35,4142,0.01,2160616894.875
2414,-3513013.0500000003,3423,0.01,1531818219.796875
2415,-19263033.6,8014,0.01,5636265350.0625
2416,-4171580.875,3730,0.01,5647354291.6875
2417,-16551135.225,7429,0.01,11160836876.625
2418,-19700955.5,8105,0.01,10227728578.65625
2419,-7577671.35,5027,0.01,7614552664.84375
2420,-3892863.8000000003,3603,0.01,5944612345.0
2421,-26650266.75,9426,0.01,11000559178.09375
2422,-19732523.125,8111,0.01,14140119587.8125
2423,-8794681.0,5415,0.01,12350227952.0625
2424,-31965301.924999997,10323,0.01,18020016598.1875
2425,-10228312.875,5840,0.01,12258306303.125
2426,-18037344.875,7755,0.01,15520752500.1875
2427,-19980799.35,8162,0.01,11720678049.1875
2428,-12888514.0,6555,0.01,9386488685.625
2429,-10372378.25,5881,0.01,8286592776.4375
2430,-7849203.0,5116,0.01,6069265307.59375
2431,-18304142.6,7812,0.01,8072653260.71875
2432,-5388516.225,4239,0.01,6488507307.0625
2433,-10352469.25,5875,0.01,7404404007.65625
2434,-8007958.1,5167,0.01,4831513424.28125
2435,-8240397.975,5242,0.01,4925481838.84375
2436,-3368522.225,3352,0.01,3003053066.53125
2437,-6962455.55,4818,0.01,4314754685.578125
2438,-3494635.975,3414,0.01,2711216829.125
2439,-9997003.799999999,5773,0.01,3920382944.828125
2440,-6947155.925,4813,0.01,4395826444.25
2441,-4071842.0,3685,0.01,3653124094.9375
2442,-7020495.3,4838,0.01,3840370424.625
2443,-5605286.05,4323,0.01,3026303715.28125
2444,-2503780.875,2890,0.01,1961175413.9375
2445,-4537788.0,3890,0.01,2403885076.375
2446,-2692644.85,2997,0.01,1818603804.28125
2447,-1571949.875,2290,0.01,1165462073.953125
2448,-3158945.375,3246,0.01,1395535066.484375
2449,-2782046.25,3046,0.01,1278068069.546875
2450,-5327265.75,4215,0.01,1608007567.25
2451,-3459574.225,3397,0.01,1716574185.9375
2452,-3431124.3000000003,3383,0.01,1699587191.328125
2453,-2033839.375,2605,0.01,1381061334.28125
2454,-2746889.475,3027,0.01,1205649493.421875
2455,-1517006.375,2250,0.01,878314725.96875
2456,-3233027.1,3284,0.01,1298145128.796875
2457,-1997836.725,2582,0.01,915567981.2109375
2458,-10053924.625,5790,0.01,2479531214.1875
2459,-7906524.625,5135,0.01,4429178692.625
2460,-8881954.6,5442,0.01,5020330091.59375
2461,-1064377.5,1885,0.01,1555181628.65625
2462,-4099914.5500000003,3698,0.01,3058199169.0
2463,-7679859.125,5061,0.01,3732039347.0
2464,-10621245.125,5951,0.01,4029086264.359375
2465,-33399249.599999998,10552,0.01,14395925665.84375
2466,-12325645.875,6411,0.01,15786415966.375
2467,-7559460.125,5021,0.01,12667619335.59375
2468,-16707336.299999999,7463,0.01,6875231808.109375
2469,-10571636.725,5937,0.01,8105106486.4375
2470,-15696001.975,7234,0.01,9374665579.6875
2471,-2816036.75,3065,0.01,5004215618.9375
2472,-16099914.725,7327,0.01,9049999280.84375
2473,-2422383.9250000003,2843,0.01,3993480216.375
2474,-3467374.875,3401,0.01,2454471006.40625
2475,-5098664.1,4124,0.01,2317396487.546875
2476,-6435683.925,4633,0.01,2249551748.09375
2477,-4352919.25,3810,0.01,1952151743.59375
2478,-6859631.55,4783,0.01,2604771886.25
2479,-999127.25,1826,0.01,1216589575.359375
2480,-3842145.5,3580,0.01,2467424474.84375
2481,-2379013.35,2817,0.01,1860398348.71875
2482,-5672763.975,4349,0.01,2281000251.21875
2483,-4395905.475,3829,0.01,1956065425.53125
2484,-6389025.125,4616,0.01,2460471534.890625
2485,-1687870.05,2373,0.01,1556097310.859375
2486,-2510580.725,2894,0.01,1693619877.796875
2487,-9017702.475,5484,0.01,2732617099.15625
2488,-10696669.35,5972,0.01,4534813602.0625
2489,-3242409.0500000003,3288,0.01,3176861318.21875
2490,-6343334.85,4599,0.01,3845103756.8125
2491,-3721190.0500000003,3523,0.01,2626347483.59375
2492,-2034705.875,2605,0.01,1543369397.234375
2493,-18958971.874999996,7950,0.01,7068340988.140625
2494,-10114032.6,5807,0.01,9212024259.625
2495,-25962466.6,9304,0.01,13756284155.84375
2496,-11654937.6,6234,0.01,10213890790.65625
2497,-8738204.049999999,5398,0.01,12363183474.9375
2498,-16038312.174999999,7313,0.01,7595262354.75
2499,-12141973.799999999,6363,0.01,7687684665.03125
2500,-6646898.925,4708,0.01,6499309783.8125
2501,-2599529.25,2945,0.01,3675042254.25
2502,-23325682.225,8819,0.01,11030864668.328125
2503,-13737503.924999999,6768,0.01,10258474132.53125
2504,-6377796.1,4612,0.01,8761922671.6875
2505,-10182666.1,5827,0.01,6506865256.375
2506,-2834839.0,3075,0.01,2672501155.59375
2507,-2302063.75,2771,0.01,2608655653.25
2508,-6854485.875,4781,0.01,4092480278.828125
2509,-6868770.375,4786,0.01,3110106245.9375
2510,-10001528.5,5775,0.01,4346476598.90625
2511,-7135370.3,4878,0.01,4391624684.375
2512,-3199716.475,3267,0.01,2900152867.34375
2513,-18580147.5,7871,0.01,7971621377.515625
2514,-11612962.924999999,6223,0.01,8548003036.9375
2515,-16349459.174999999,7383,0.01,11172407599.875
2516,-7882229.1,5127,0.01,7251558776.75
2517,-3970776.35,3639,0.01,5635095011.875
2518,-12188306.625,6375,0.01,6338280263.34375
2519,-1508591.85,2244,0.01,2418550556.9375
2520,-4205802.25,3745,0.01,4344693278.5625
2521,-6090970.475,4507,0.01,4570652984.015625
2522,-13781453.1,6779,0.01,4514458931.453125
2523,-22906195.225,8739,0.01,10474883711.125
2524,-14051462.25,6845,0.01,10482524069.21875
2525,-7744695.1,5082,0.01,8993540398.375
2526,-3699268.0500000003,3513,0.01,4348680233.46875
2527,-2601060.625,2946,0.01,2762233787.75
2528,-6885813.35,4792,0.01,2749644976.5625
2529,-7228900.0,4910,0.01,3109885594.984375
2530,-7636198.75,5046,0.01,3939007817.890625
2531,-7608995.6,5037,0.01,4069030475.71875
2532,-6159081.6,4532,0.01,3499853402.5
2533,-6743692.85,4742,0.01,3522677799.53125
2534,-2474441.5500000003,2873,0.01,2229042498.421875
2535,-1791985.125,2445,0.01,1760229466.1875
2536,-5683320.675,4353,0.01,2338070139.078125
2537,-4634443.75,3931,0.01,2136660129.6875
2538,-3287096.25,3311,0.01,1678142655.890625
2539,-5211826.225,4169,0.01,1889619066.78125
2540,-10296447.85,5859,0.01,3348047403.84375
2541,-5184228.55,4158,0.01,3536972617.71875
2542,-5410315.55,4248,0.01,4085960400.28125
2543,-5747288.425,4378,0.01,3251726417.640625
2544,-9539749.5,5640,0.01,3742848516.90625
2545,-7416646.8,4973,0.01,4135470590.75
2546,-2077964.675,2633,0.01,2135554975.3125
2547,-9184003.35,5534,0.01,4352383481.140625
2548,-4040589.75,3671,0.01,3401769004.8125
2549,-2327101.75,2786,0.01,2236274422.6875
2550,-11539297.674999999,6203,0.01,4839083500.59375
2551,-17382074.599999998,7612,0.01,7609340609.59375
2552,-12993713.6,6582,0.01,8549773824.1875
2553,-4395222.225,3829,0.01,5850287566.0625
2554,-4054842.5500000003,3678,0.01,4394645829.25
2555,-7612259.175,5038,0.01,4618614368.34375
2556,-12115191.625,6356,0.01,4719230781.25
2557,-7346745.0,4950,0.01,4800512165.5
2558,-8981811.674999999,5473,0.01,5044650012.90625
2559,-6618068.55,4698,0.01,4052138854.40625
2560,-3437601.75,3386,0.01,2536366040.5625
2561,-10243516.725,5844,0.01,4397821693.734375
2562,-30277695.725,10047,0.01,12817557196.78125
2563,-18194971.85,7789,0.01,11976419036.6875
2564,-17709482.474999998,7684,0.01,13026829116.25
2565,-4110981.6750000003,3703,0.01,6178174412.0
2566,-3782250.35,3552,0.01,5224999200.75
2567,-6539528.625,4670,0.01,4062463571.921875
2568,-13825894.1,6789,0.01,4928626422.28125
2569,-33977675.8,10643,0.01,17189749859.6875
2570,-15212627.35,7122,0.01,12755631699.6875
2571,-8768563.975,5407,0.01,12261256630.875
2572,-8716079.25,5391,0.01,8123621278.3125
2573,-3816888.0500000003,3568,0.01,4125249273.15625
2574,-10263259.625,5850,0.01,5990333259.1875
2575,-4868068.35,4029,0.01,3818589683.03125
2576,-2815322.225,3064,0.01,2553324914.9375
2577,-18180367.249999996,7785,0.01,6398058334.15625
2578,-11411215.174999999,6168,0.01,7904216238.1875
2579,-6414813.0,4625,0.01,7240949262.5625
2580,-5388403.725,4239,0.01,4330410268.9375
2581,-10274506.924999999,5853,0.01,4641565517.609375
2582,-3634633.35,3482,0.01,3142908447.125
2583,-7322512.375,4941,0.01,4686281203.9375
2584,-2851411.85,3084,0.01,2774110219.75
2585,-6868518.5,4786,0.01,3219623484.6875
2586,-15533435.475,7197,0.01,5718408973.453125
2587,-3808353.225,3564,0.01,4573022605.375
2588,-5129869.25,4136,0.01,5466344462.625
2589,-5199835.1,4164,0.01,3859526699.703125
2590,-3014774.875,3171,0.01,1742677150.140625
2591,-4282287.85,3779,0.01,2119342953.515625
2592,-3089578.75,3210,0.01,1844777378.09375
2593,-10386297.625,5885,0.01,3265044657.6875
2594,-19715680.599999998,8107,0.01,8272820886.90625
2595,-11949840.225,6312,0.01,8692110586.0
2596,-3333143.85,3334,0.01,5906393000.8125
2597,-12930373.5,6566,0.01,8846302803.1875
2598,-6507621.425,4658,0.01,5884230158.75
2599,-14276580.6,6899,0.01,7179105072.03125
2600,-16129683.424999999,7333,0.01,8457416899.71875
2601,-3397137.25,3366,0.01,6048893554.5625
2602,-2582797.0,2935,0.01,5269088714.75
2603,-1980650.375,2571,0.01,4999872640.6875
2604,-1402263.55,2163,0.01,2128976118.578125
2605,-1675215.725,2364,0.01,1448547298.84375
2606,-773284.725,1607,0.01,858222391.171875
2607,-5157327.6,4147,0.01,1628020962.7734375
2608,-2247128.8000000003,2738,0.01,1354020005.421875
2609,-15132017.049999999,7103,0.01,4215126448.953125
2610,-1832996.55,2473,0.01,3212509664.25
2611,-5842421.85,4414,0.01,3633834057.015625
2612,-2104786.375,2650,0.01,1629421202.0
2613,-3702123.725,3514,0.01,1874418534.1875
2614,-15369951.6,7159,0.01,4658469840.984375
2615,-21093024.5,8386,0.01,9705836592.46875
2616,-943367.725,1774,0.01,3483844090.0
2617,-5236531.1,4179,0.01,5191799061.75
2618,-5488269.05,4278,0.01,3117925991.734375
2619,-13481080.1,6704,0.01,4542988935.625
2620,-10305573.975,5862,0.01,6062557163.40625
2621,-4560994.625,3900,0.01,4961341258.1875
2622,-9686246.299999999,5683,0.01,4904366927.8125
2623,-3174812.975,3254,0.01,2884679159.53125
2624,-9600549.674999999,5658,0.01,3853735625.34375
2625,-2376174.0,2815,0.01,2550473566.875
2626,-3922281.25,3616,0.01,2827980502.1875
2627,-8052316.5,5181,0.01,3237383995.1875
2628,-5221798.55,4173,0.01,2980221297.09375
2629,-6819681.475,4769,0.01,3193330562.9375
2630,-584934.6749999999,1398,0.01,1108981247.15625
2631,-7050396.85,4849,0.01,2812085793.6875
2632,-9073686.625,5501,0.01,3712793558.8125
2633,-9398590.549999999,5598,0.01,4557143874.21875
2634,-11638535.1,6229,0.01,5682919950.40625
2635,-9768468.225,5707,0.01,5717826564.78125
2636,-4747682.35,3979,0.01,3570996525.65625
2637,-3687367.975,3507,0.01,3097934721.5
2638,-5587948.225,4317,0.01,3414417907.15625
2639,-3501075.225,3417,0.01,2232687040.8125
2640,-13638621.299999999,6743,0.01,4587404924.984375
2641,-6219175.6,4554,0.01,5084923086.9375
2642,-14292971.924999999,6903,0.01,7354264797.59375
2643,-8447501.35,5307,0.01,5418211447.75
2644,-5465224.475,4269,0.01,5535142439.28125
2645,-6907656.0,4800,0.01,4355829301.328125
2646,-17556492.625,7651,0.01,6658516879.515625
2647,-4845297.25,4020,0.01,5392921503.5625
2648,-17272725.725,7589,0.01,10201801668.3125
2649,-7460157.425,4988,0.01,6539257771.90625
2650,-2449772.975,2859,0.01,4345271976.125
2651,-1761131.35,2424,0.01,3349356396.34375
2652,-4385298.5,3825,0.01,2669010011.875
2653,-3674865.75,3501,0.01,1737743641.71875
2654,-18239743.549999997,7798,0.01,5439026861.421875
2655,-2449967.85,2859,0.01,4696627300.875
2656,-56079627.3,13673,0.01,31201161196.625
2657,-1526885.475,2257,0.01,8260310983.0
2658,-5421396.1,4252,0.01,25626397631.25
2659,-8409955.5,5296,0.01,20989320989.90625
2660,-11415403.975,6169,0.01,4846218420.5625
2661,-35691592.425,10908,0.01,15950433802.46875
2662,-4798386.25,4000,0.01,10866483354.375
2663,-5547551.875,4301,0.01,15137689061.125
2664,-6200597.475,4547,0.01,6930431450.296875
2665,-3170617.975,3252,0.01,2338904645.078125
2666,-9693062.25,5685,0.01,3805699273.59375
2667,-4921084.25,4051,0.01,3353206843.96875
2668,-4447662.0,3851,0.01,2892565506.96875
2669,-5514464.3,4288,0.01,2731477792.953125
2670,-3988266.725,3647,0.01,2143635429.671875
2671,-4685432.55,3953,0.01,1846720853.1875
2672,-10031323.299999999,5783,0.01,3366590793.359375
2673,-17169928.624999996,7566,0.01,6799138821.0625
2674,-5983560.725,4467,0.01,6083270183.53125
2675,-12404162.875,6431,0.01,9957172821.40625
2676,-11103618.875,6085,0.01,5965677315.03125
2677,-3682586.5,3505,0.01,4203266143.53125
2678,-7146514.225,4882,0.01,3969356400.5
2679,-5552029.55,4303,0.01,3436922572.21875
2680,-3348592.85,3342,0.01,2361494756.625
2681,-7079908.6,4859,0.01,3251759515.5625
2682,-6284510.425,4578,0.01,3254411902.6875
2683,-7454510.375,4986,0.01,3478497631.375
2684,-1668619.375,2360,0.01,1705829373.375
2685,-3672279.75,3500,0.01,2701162755.84375
2686,-6570419.5,4681,0.01,2900341305.15625
2687,-7501542.6,5002,0.01,2879865951.21875
2688,-6123485.6,4519,0.01,3176049199.25
2689,-12160242.1,6367,0.01,5002266825.90625
2690,-9312826.6,5572,0.01,6358158638.78125
2691,-12194855.1,6377,0.01,7005735380.71875
2692,-21833138.1,8532,0.01,9844122467.15625
2693,-12171791.5,6371,0.01,9726911588.8125
2694,-17631702.099999998,7667,0.01,13861151769.75
2695,-4797676.75,4000,0.01,7378113094.0625
2696,-10671859.0,5965,0.01,9933739111.0625
2697,-9194647.225,5537,0.01,5526341120.03125
2698,-7175726.475,4892,0.01,4965302146.78125
2699,-19733301.999999996,8111,0.01,7895005113.90625
2700,-2747113.725,3027,0.01,5045149404.75
2701,-1355594.35,2127,0.01,3580756113.0
2702,-12047162.424999999,6338,0.01,8575734495.03125
2703,-2370301.1,2812,0.01,3524391032.40625
2704,-14975007.125,7066,0.01,8325377230.59375
2705,-2365538.6,2809,0.01,3887006831.0
2706,-3353287.85,3344,0.01,4147242687.625
2707,-15269401.875,7135,0.01,6917815580.609375
2708,-17925233.0,7731,0.01,9189848928.5625
2709,-4846132.75,4020,0.01,7073764546.25
2710,-24845995.874999996,9101,0.01,14271501723.1875
2711,-9381896.674999999,5593,0.01,9797373308.3125
2712,-6978364.975,4824,0.01,9712023714.65625
2713,-6193655.0,4545,0.01,3756558039.8125
2714,-10838333.225,6012,0.01,4337116673.5
2715,-2562895.35,2924,0.01,2389376088.03125
2716,-3254710.0,3295,0.01,2554676354.34375
2717,-6892485.475,4794,0.01,3004590039.640625
2718,-7889413.725,5129,0.01,3045314034.65625
2719,-1973473.375,2566,0.01,1724076923.90625
2720,-9762350.625,5705,0.01,4066852177.765625
2721,-9315843.549999999,5573,0.01,4971698510.375
2722,-4877342.675,4033,0.01,3909476439.25
2723,-11497602.35,6192,0.01,5097859771.421875
2724,-9200755.225,5539,0.01,4852194850.46875
2725,-6954771.0,4815,0.01,4033876507.46875
2726,-15069828.549999999,7088,0.01,5711368265.34375
2727,-3558823.75,3445,0.01,4805794597.75
2728,-12433222.424999999,6438,0.01,9328763524.8125
2729,-13202850.35,6634,0.01,7143451052.625
2730,-12336358.549999999,6413,0.01,8325536177.75
2731,-13990244.5,6830,0.01,8834808831.4375
2732,-8574080.6,5347,0.01,6965067100.40625
2733,-15154908.299999999,7108,0.01,7920544144.5625
2734,-2335216.125,2791,0.01,3834873799.9375
2735,-15982784.875,7300,0.01,7862644839.34375
2736,-6314819.85,4589,0.01,5755989841.875
2737,-6530745.85,4667,0.01,3111468969.34375
2738,-858827.6749999999,1693,0.01,1087240789.0
2739,-5333738.975,4217,0.01,2899007138.59375
2740,-4000066.225,3652,0.01,2371555300.921875
2741,-10508265.225,5919,0.01,3398486963.03125
2742,-3664507.125,3496,0.01,2862269035.0625
2743,-16540798.125,7426,0.01,6987281354.3125
2744,-4846076.375,4020,0.01,5885023920.75
2745,-12424497.25,6436,0.01,8255269583.3125
2746,-1468556.475,2214,0.01,2596173933.0
2747,-12608242.35,6484,0.01,6460361194.8125
2748,-6906841.475,4799,0.01,5647617891.78125
2749,-4487368.55,3868,0.01,2632927135.375
2750,-13369694.75,6676,0.01,4813239426.828125
2751,-50021770.425,12913,0.01,22706685444.125
2752,-8153863.975,5214,0.01,10868686637.875
2753,-10725800.875,5980,0.01,15351200944.875
2754,-10757726.975,5989,0.01,6360274509.71875
2755,-1670983.25,2361,0.01,2458501378.0625
2756,-6489802.725,4652,0.01,4903591593.6875
2757,-18801667.599999998,7917,0.01,7436617521.796875
2758,-20546353.624999996,8276,0.01,11590709595.53125
2759,-10059403.75,5791,0.01,9549407825.03125
2760,-13317160.299999999,6663,0.01,11877610781.90625
2761,-11256803.375,6126,0.01,8994914321.0625
2762,-5202777.5,4165,0.01,5896633307.21875
2763,-9907274.6,5747,0.01,6045049181.4375
2764,-5521488.125,4291,0.01,4085919494.15625
2765,-4426663.225,3842,0.01,3783885080.1875
2766,-527010.6,1327,0.01,1519246007.875
2767,-6158149.6,4532,0.01,2715579001.234375
2768,-17786898.875,7701,0.01,5952088072.078125
2769,-3313862.125,3325,0.01,4981946351.5
2770,-13623719.125,6740,0.01,7215729776.28125
2771,-442732.625,1216,0.01,1502570230.6875
2772,-10157429.75,5820,0.01,5045532085.4375
2773,-6974324.1,4822,0.01,4669737850.65625
2774,-2529418.475,2904,0.01,2422427518.5625
2775,-15227764.25,7125,0.01,5670712638.859375
2776,-4191746.475,3739,0.01,4752769160.65625
2777,-4304945.475,3789,0.01,3060308806.34375
2778,-4896597.5,4041,0.01,2568443614.359375
2779,-9398215.424999999,5598,0.01,3387992290.71875
2780,-6144106.25,4526,0.01,3810532177.8125
2781,-1101428.975,1917,0.01,1624146982.84375
2782,-4531618.425,3888,0.01,3528688793.171875
2783,-2623957.0500000003,2958,0.01,1957162480.53125
2784,-1910216.1,2524,0.01,1432974644.21875
2785,-5843168.475,4414,0.01,1810678992.8984375
2786,-8960768.5,5466,0.01,3162432954.625
2787,-13116977.549999999,6613,0.01,5470473099.65625
2788,-9425979.125,5606,0.01,6252326475.125
2789,-11892113.1,6297,0.01,7274886213.78125
2790,-4778045.725,3992,0.01,4371638557.8125
2791,-12295079.549999999,6403,0.01,4731166258.328125
2792,-7717750.3,5073,0.01,4656989333.5625
2793,-12188603.375,6375,0.01,5318756271.78125
2794,-3336609.625,3336,0.01,3479521079.71875
2795,-7633302.125,5045,0.01,6006008177.6875
2796,-7341910.925,4948,0.01,4399227827.140625
2797,-1265832.375,2055,0.01,1718782867.15625
2798,-3715810.75,3520,0.01,3419800440.21875
2799,-7564673.85,5022,0.01,3786294446.9375
2800,-5970379.975,4462,0.01,2919361971.375
2801,-6768554.75,4751,0.01,3468280590.03125
2802,-3196107.125,3265,0.01,2194163915.34375
2803,-1461045.8,2208,0.01,1714320023.21875
2804,-1410381.85,2169,0.01,1527082736.90625
2805,-9511127.25,5631,0.01,3574795188.75
2806,-12980145.1,6579,0.01,5882005615.65625
2807,-16566391.35,7432,0.01,8292930356.71875
2808,-9850264.375,5731,0.01,7719908750.8125
2809,-4497515.55,3873,0.01,4323194828.53125
2810,-9161783.424999999,5528,0.01,4328941785.0
2811,-2656864.975,2977,0.01,2429617251.84375
2812,-7512180.0,5005,0.01,3157313306.875
2813,-1283252.85,2069,0.01,1603861603.65625
2814,-1543022.6,2269,0.01,1655954152.34375
2815,-1715252.225,2392,0.01,1654737255.25
2816,-6569104.625,4680,0.01,2693438379.8046875
2817,-6403693.0,4621,0.01,2686371922.875
2818,-8215206.225,5234,0.01,3479334502.6875
2819,-5181867.725,4157,0.01,3198887510.28125
2820,-17221875.474999998,7577,0.01,6999958493.25
2821,-8672431.35,5377,0.01,7878913432.5
2822,-1649747.5,2346,0.01,4031279406.4375
2823,-4985616.425,4078,0.01,5130428202.65625
2824,-5563702.725,4307,0.01,3444979304.1875
2825,-2675788.35,2987,0.01,1802546723.734375
2826,-9917077.5,5750,0.01,3492219189.4375
2827,-9395837.1,5597,0.01,5061146327.75
2828,-40549750.0,11626,0.01,18473749567.375
2829,-11541319.174999999,6203,0.01,13709662691.03125
2830,-4745938.05,3978,0.01,11631816674.1875
2831,-7620978.75,5041,0.01,7184417418.65625
2832,-14132756.725,6864,0.01,6080604646.921875
2833,-2893736.1,3107,0.01,3794627079.625
2834,-7620619.875,5041,0.01,6428511926.71875
2835,-5413412.225,4249,0.01,3701305611.40625
2836,-10395603.475,5887,0.01,3694827169.265625
2837,-14257276.975,6894,0.01,6652978988.0
2838,-4697875.3,3958,0.01,5125222077.9375
2839,-12805262.225,6534,0.01,7781295936.0625
2840,-13312495.85,6662,0.01,7294051059.9375
2841,-8112922.0,5201,0.01,7603740287.5
2842,-10813062.6,6004,0.01,7992137737.625
2843,-11762602.225,6262,0.01,6570678935.46875
2844,-15522607.6,7194,0.01,8896784243.5
2845,-15428906.6,7172,0.01,10301558247.875
2846,-4447292.75,3851,0.01,6493599076.25
2847,-7895475.375,5131,0.01,7172324103.53125
2848,-12766259.6,6524,0.01,5525400174.5
2849,-4673391.3,3948,0.01,4380753149.15625
2850,-14330142.725,6912,0.01,7161303929.28125
2851,-3043564.0,3186,0.01,3684115828.3125
2852,-8999022.225,5477,0.01,7506821927.46875
2853,-2961538.6750000003,3143,0.01,3255392325.125
2854,-6326370.3,4593,0.01,3713608851.1875
2855,-5724169.1,4369,0.01,3364634659.1875
2856,-15160737.125,7110,0.01,5818334194.265625
2857,-8316352.5,5266,0.01,6149793120.375
2858,-2323494.725,2784,0.01,2779374949.0
2859,-6448669.1,4637,0.01,3763610084.375
2860,-13279300.6,6654,0.01,4729498460.65625
2861,-4354175.25,3811,0.01,4181362451.40625
2862,-14271754.299999999,6898,0.01,7415860811.71875
2863,-5254455.5,4186,0.01,4593987845.09375
2864,-12804284.1,6534,0.01,6770963984.96875
2865,-5542293.6,4299,0.01,4253584951.625
2866,-11343927.375,6150,0.01,5903033242.84375
2867,-17835634.249999996,7711,0.01,7925366992.15625
2868,-8865866.1,5437,0.01,7596177986.5625
2869,-4273249.125,3775,0.01,6509995528.0625
2870,-1799250.5,2450,0.01,2536036831.25
2871,-10457938.75,5905,0.01,4170823786.984375
2872,-41183868.224999994,11717,0.01,17938024704.875
2873,-9321039.625,5575,0.01,10659948902.875
2874,-5541775.6,4299,0.01,18393718261.5625
2875,-5922533.475,4444,0.01,4533523940.875
2876,-6208442.375,4550,0.01,3434767904.640625
2877,-20084651.049999997,8183,0.01,7212281373.953125
2878,-10007790.6,5777,0.01,8252313496.21875
2879,-8622147.1,5362,0.01,6453890396.46875
2880,-2906956.725,3114,0.01,2416778486.0
2881,-11209955.6,6114,0.01,5392887057.3125
2882,-9587382.6,5654,0.01,5445410390.375
2883,-7438383.0,4980,0.01,4246660379.59375
2884,-3905499.975,3609,0.01,2775909522.8125
2885,-5779233.75,4390,0.01,2884960755.375
2886,-15966026.25,7296,0.01,5176809651.765625
2887,-2102105.1750000003,2648,0.01,3631761539.8125
2888,-2383876.875,2820,0.01,3283176131.625
2889,-14217213.75,6885,0.01,5266010236.8125
2890,-4203748.85,3744,0.01,4823894683.8125
2891,-12212843.0,6381,0.01,6726171267.40625
2892,-9091323.625,5506,0.01,4946592823.125
2893,-12222096.6,6384,0.01,6596843814.875
2894,-6966816.875,4820,0.01,5046541433.40625
2895,-1667677.725,2359,0.01,2493066503.09375
2896,-5995097.5,4471,0.01,4802337896.6875
2897,-4749727.25,3980,0.01,2984564051.71875
2898,-6429119.375,4630,0.01,2921085213.75
2899,-1383296.8,2148,0.01,1605713823.515625
2900,-5024994.55,4093,0.01,1906115409.234375
2901,-4233328.1,3757,0.01,1978457623.015625
2902,-8815538.475,5422,0.01,2801320894.796875
2903,-6992169.3,4828,0.01,3684987068.625
2904,-6842042.625,4776,0.01,3317329787.84375
2905,-4159039.85,3724,0.01,2760815038.65625
2906,-9924660.1,5752,0.01,4232396378.6875
2907,-6912443.25,4801,0.01,4338429492.625
2908,-13351962.725,6672,0.01,5981884884.90625
2909,-3491552.3000000003,3413,0.01,3989503654.5625
2910,-5749512.6,4379,0.01,3150977524.09375
2911,-6670422.1,4717,0.01,2914472333.078125
2912,-2424192.85,2844,0.01,1780084889.875
2913,-5739273.0,4375,0.01,2832771280.296875
2914,-3573557.225,3452,0.01,2095526567.609375
2915,-2654857.25,2976,0.01,1636132937.28125
2916,-749778.975,1582,0.01,1002744236.375
2917,-6568018.25,4680,0.01,2476752725.625
2918,-6104559.1,4512,0.01,2699490120.5
2919,-12001410.25,6326,0.01,4076440919.265625
2920,-7826836.475,5109,0.01,5010964203.65625
2921,-15251040.375,7131,0.01,6453200380.59375
2922,-4607399.75,3920,0.01,4914474275.9375
2923,-8264617.625,5250,0.01,6690500651.5625
2924,-7787922.375,5096,0.01,4000359324.34375
2925,-9812832.125,5720,0.01,4382693756.5625
2926,-5953858.0,4456,0.01,4095329636.65625
2927,-5041409.375,4101,0.01,3366170182.75
2928,-5381225.75,4236,0.01,2853982183.984375
2929,-5762923.225,4384,0.01,2424743664.953125
2930,-10951753.799999999,6043,0.01,3917569805.28125
2931,-8737550.799999999,5398,0.01,4652990402.125
2932,-11800665.299999999,6273,0.01,6065086154.75
2933,-19851659.125,8136,0.01,9054276051.1875
2934,-2937403.625,3130,0.01,5546643125.25
2935,-13837968.6,6792,0.01,8769277859.5
2936,-2130484.25,2666,0.01,3360521483.0625
2937,-3012495.5,3170,0.01,2975601007.8125
2938,-6879757.875,4790,0.01,3459055569.65625
2939,-8347845.25,5276,0.01,3203120289.390625
2940,-19419666.999999996,8046,0.01,7084991211.65625
2941,-4224513.6,3754,0.01,5882435421.625
2942,-31041228.925,10173,0.01,12218412905.5
2943,-8720516.924999999,5393,0.01,8345403021.78125
2944,-7103134.725,4867,0.01,4594750872.15625
2945,-18737709.85,7904,0.01,6973100722.375
2946,-7864103.0,5121,0.01,6892522931.125
2947,-17162770.0,7565,0.01,6844676905.5
2948,-10355839.5,5876,0.01,7629222469.1875
2949,-3016571.35,3172,0.01,5213669060.25
2950,-7848274.75,5116,0.01,3677641472.40625
2951,-1890996.35,2512,0.01,1781523996.15625
2952,-6344712.75,4600,0.01,2688290021.921875
2953,-2646246.25,2971,0.01,1757274696.96875
2954,-6817234.8,4768,0.01,2484762282.8125
2955,-2914302.0500000003,3118,0.01,1996837253.9375
2956,-6671518.85,4717,0.01,2731608820.140625
2957,-2108545.35,2652,0.01,1776819395.53125
2958,-5549032.6,4302,0.01,2542214324.375
2959,-7327603.3,4943,0.01,3045889154.515625
2960,-11495143.25,6191,0.01,4378104074.15625
2961,-7846094.625,5115,0.01,5062382642.0625
2962,-7389866.6,4964,0.01,5214283042.125
2963,-15488831.5,7186,0.01,6701949488.75
2964,-11608994.475,6222,0.01,7361701013.46875
2965,-4830342.475,4014,0.01,5851156535.875
2966,-6716904.175,4733,0.01,4684629956.59375
2967,-2907022.475,3114,0.01,2437436512.1875
2968,-8936520.975,5459,0.01,3547916453.5
2969,-1423850.0,2180,0.01,1733572910.203125
2970,-3274470.5,3305,0.01,2610640279.59375
2971,-6848462.1,4779,0.01,3344181469.21875
2972,-3842239.5,3580,0.01,2084346797.609375
2973,-3229013.1,3282,0.01,1941129817.140625
2974,-1742065.875,2411,0.01,1291224312.484375
2975,-12068211.975,6344,0.01,2905865852.984375
2976,-3277442.75,3306,0.01,3430819130.46875
2977,-5566136.05,4308,0.01,2414801423.890625
2978,-4161596.0,3725,0.01,2076210429.484375
2979,-5158839.675,4148,0.01,2173497437.890625
2980,-3526024.125,3430,0.01,1906794618.328125
2981,-2318382.875,2781,0.01,1311900876.34375
2982,-6285381.175,4578,0.01,2106777334.234375
2983,-8459284.375,5311,0.01,2994167587.5
2984,-5334365.925,4218,0.01,2896963408.859375
2985,-9687949.225,5684,0.01,4392521170.84375
2986,-6686835.475,4722,0.01,3852982436.0625
2987,-19719641.174999997,8108,0.01,8013505682.53125
2988,-16796503.799999997,7483,0.01,10578975008.15625
2989,-9970774.875,5766,0.01,8889250268.46875
2990,-14311957.049999999,6908,0.01,9046279015.84375
2991,-7238173.3,4913,0.01,6013166693.34375
2992,-13151381.975,6622,0.01,7623752168.96875
2993,-3668662.9250000003,3498,0.01,3986195693.0625
2994,-506770.375,1301,0.01,1379925288.03125
2995,-11538188.299999999,6203,0.01,5099765641.140625
2996,-14303785.875,6906,0.01,7081821322.0625
2997,-7295240.725,4932,0.01,6133536189.1875
2998,-11429872.299999999,6173,0.01,6812403674.5625
2999,-6469249.25,4645,0.01,4309328253.59375
3000,-10140025.125,5815,0.01,5451711945.40625
3001,-11324533.125,6145,0.01,5445270834.15625
3002,-8703388.35,5387,0.01,5216504388.9375
3003,-3550867.875,3441,0.01,3716397831.46875
3004,-8048993.75,5180,0.01,4962443155.09375
3005,-9993580.475,5772,0.01,4665457707.96875
3006,-8210017.725,5232,0.01,4548894868.4375
3007,-4424284.375,3841,0.01,3244517097.6875
3008,-14276234.725,6899,0.01,5766504029.671875
3009,-30027177.749999996,10005,0.01,14547983729.21875
3010,-23039876.724999998,8764,0.01,23261313507.125
3011,-28095248.049999997,9678,0.01,20583008690.46875
3012,-4339172.225,3804,0.01,7877812539.4375
3013,-9722615.049999999,5693,0.01,19478062518.5
3014,-20257689.174999997,8218,0.01,9939184165.46875
3015,-6738434.625,4740,0.01,8011989494.5
3016,-9338315.125,5580,0.01,10672522777.1875
3017,-6806649.6,4764,0.01,4774341501.28125
3018,-8707063.049999999,5388,0.01,5445995841.53125
3019,-8664131.125,5375,0.01,5048288873.4375
3020,-1667574.475,2359,0.01,2199066242.65625
3021,-3270402.6750000003,3303,0.01,3178002844.84375
3022,-6565494.725,4679,0.01,3499825037.546875
3023,-5010568.3,4088,0.01,2418145719.375
3024,-6182811.125,4541,0.01,2586945652.375
3025,-3787736.1,3554,0.01,2294383691.6875
3026,-3196798.375,3265,0.01,1989174099.59375
3027,-11761747.35,6262,0.01,3551143403.015625
3028,-2115138.625,2656,0.01,2929025574.09375
3029,-11426770.35,6172,0.01,7170517158.5625
3030,-11803496.549999999,6273,0.01,6794539116.4375
3031,-19221823.374999996,8005,0.01,9406121031.03125
3032,-22227293.299999997,8608,0.01,12634529853.875
3033,-11685925.1,6242,0.01,10104361097.03125
3034,-6579742.35,4684,0.01,10075061401.4375
3035,-18821553.499999996,7921,0.01,9887771639.0625
3036,-10700337.674999999,5973,0.01,8791250496.28125
3037,-2890350.875,3105,0.01,6378609161.0
3038,-5966558.375,4461,0.01,5621045847.75
3039,-4518770.475,3882,0.01,3605803210.84375
3040,-4173052.375,3731,0.01,2275918816.109375
3041,-3054389.6,3192,0.01,2014488559.484375
3042,-8627899.85,5364,0.01,2630376232.953125
3043,-7951350.85,5149,0.01,3925339604.375
3044,-6243660.675,4563,0.01,3635875861.5625
3045,-2861648.25,3090,0.01,2175279651.75
3046,-2755820.975,3032,0.01,2198541123.1875
3047,-3558065.375,3445,0.01,1929437268.203125
3048,-15962116.375,7295,0.01,4283497199.109375
3049,-16982976.25,7525,0.01,8745533704.875
3050,-5778696.375,4390,0.01,5975472005.5625
3051,-8345062.5,5275,0.01,7277366585.5
3052,-1600441.0,2311,0.01,1900167228.0
3053,-1680251.05,2368,0.01,1894839554.140625
3054,-10209474.875,5835,0.01,2785867386.609375
3055,-23971760.125,8940,0.01,9393449380.71875
3056,-1142518.55,1953,0.01,4174730649.875
3057,-8730748.25,5396,0.01,5747112662.4375
3058,-8805897.1,5419,0.01,4923112311.78125
3059,-13114791.174999999,6613,0.01,6122600660.125
3060,-14355341.049999999,6918,0.01,7918510915.90625
3061,-19888502.175,8143,0.01,11847301619.375
3062,-1420305.975,2177,0.01,4534744976.125
3063,-13178312.85,6629,0.01,12931658252.625
3064,-6634228.475,4704,0.01,6361425301.59375
3065,-13789303.625,6781,0.01,5262805238.453125
3066,-7339209.725,4947,0.01,5915315076.34375
3067,-11115466.299999999,6088,0.01,6854355470.15625
3068,-5121831.175,4133,0.01,4263218036.84375
3069,-5000514.975,4084,0.01,4092280273.53125
3070,-3304664.0,3320,0.01,2513964169.28125
3071,-6313002.675,4588,0.01,2481907541.203125
3072,-5254241.0,4186,0.01,2351197675.046875
3073,-1906112.475,2522,0.01,1522202383.671875
3074,-5126181.875,4135,0.01,2044174010.15625
3075,-3963509.5,3636,0.01,2055524208.46875
3076,-9518415.225,5634,0.01,3392332105.921875
3077,-13306951.0,6661,0.01,5611813746.75
3078,-13511541.1,6712,0.01,7667618562.28125
3079,-5931750.925,4448,0.01,6367110825.0
3080,-11208279.424999999,6113,0.01,7807743249.34375
3081,-6112934.625,4515,0.01,4357882995.84375
3082,-1131453.55,1943,0.01,1506182915.5625
3083,-3191189.9250000003,3263,0.01,2987899010.96875
3084,-7421442.125,4975,0.01,2707624367.484375
3085,-2220091.975,2722,0.01,1562064598.15625
3086,-5966282.0,4461,0.01,2364014471.09375
3087,-4320607.5,3796,0.01,2069015601.484375
3088,-2644570.5,2970,0.01,1652538587.015625
3089,-5287162.475,4199,0.01,2292592755.296875
3090,-4714089.375,3965,0.01,2170226547.5625
3091,-9173270.75,5531,0.01,3353550641.046875
3092,-3504143.1,3419,0.01,2639237434.1875
3093,-12936900.674999999,6568,0.01,5716396804.78125
3094,-2038551.3,2608,0.01,2911951144.25
3095,-2316128.625,2780,0.01,2851628647.53125
3096,-6372416.25,4610,0.01,3425338540.984375
3097,-7461099.675,4988,0.01,2633163376.765625
3098,-23656384.75,8881,0.01,7933378986.390625
3099,-13796425.6,6782,0.01,13637106263.75
3100,-1774216.425,2433,0.01,5470687846.6875
3101,-19219753.125,8005,0.01,8483861437.5625
3102,-952987.725,1784,0.01,3455527474.25
3103,-2500497.3000000003,2888,0.01,5464509984.5
3104,-11828115.625,6280,0.01,10189693182.84375
3105,-9583564.549999999,5653,0.01,5484667255.46875
3106,-5554858.975,4304,0.01,4869983957.375
3107,-7365527.5,4956,0.01,4084950293.90625
3108,-11689652.424999999,6243,0.01,4844471609.84375
3109,-1463687.125,2210,0.01,2087435451.90625
3110,-2940777.85,3132,0.01,3642898686.3125
3111,-9263350.049999999,5558,0.01,5258284660.828125
3112,-9478100.975,5622,0.01,4646820840.21875
3113,-5805644.625,4400,0.01,4115252384.03125
3114,-7547272.6,5017,0.01,3963474363.46875
3115,-3044690.1,3187,0.01,2053645718.96875
3116,-14270668.299999999,6898,0.01,5338314425.703125
3117,-2704406.85,3004,0.01,3705461989.1875
3118,-8714515.875,5391,0.01,6187802213.34375
3119,-6905544.925,4798,0.01,4244290409.671875
3120,-11991748.549999999,6323,0.01,4818945521.140625
3121,-31020766.849999998,10169,0.01,14551518094.90625
3122,-10845699.049999999,6013,0.01,15143119436.125
3123,-16861439.55,7498,0.01,16356600524.875
3124,-25111226.375,9150,0.01,13669971327.09375
3125,-12343540.875,6415,0.01,14124796666.1875
3126,-8732806.5,5396,0.01,9836778541.53125
3127,-26879718.874999996,9466,0.01,12918981846.03125
3128,-11119011.35,6089,0.01,11658263040.75
3129,-13761995.725,6774,0.01,13383052549.53125
3130,-6508395.6,4659,0.01,6541572845.03125
3131,-2336808.85,2792,0.01,3723326249.46875
3132,-9554036.975,5644,0.01,5573196297.765625
3133,-7276049.125,4926,0.01,4312635597.0
3134,-19048148.099999998,7969,0.01,7584669833.21875
3135,-6769717.0,4751,0.01,6941962110.8125
3136,-10904548.625,6030,0.01,9672435805.90625
3137,-18268179.349999998,7804,0.01,9055863247.75
3138,-5583132.875,4315,0.01,6497682231.71875
3139,-4847153.375,4021,0.01,6280794688.75
3140,-2635266.125,2965,0.01,3354710575.8125
3141,-3447549.5,3391,0.01,2141640736.4375
3142,-6188541.175,4543,0.01,1967107523.171875
3143,-7370237.55,4958,0.01,2680625091.5625
3144,-1620119.125,2325,0.01,1474803212.703125
3145,-712452.85,1542,0.01,1096836203.40625
3146,-9696200.375,5686,0.01,3143432499.828125
3147,-2827274.25,3071,0.01,2692053604.96875
3148,-10071411.875,5795,0.01,3414090055.96875
3149,-9039701.0,5490,0.01,4529283373.90625
3150,-2483511.8000000003,2878,0.01,2450638989.125
3151,-4092930.475,3694,0.01,3481297257.0625
3152,-5949876.1,4454,0.01,3459779199.9375
3153,-4419153.225,3839,0.01,2212299671.3125
3154,-1802119.6,2452,0.01,1308597418.453125
3155,-5461543.55,4268,0.01,2208415949.5
3156,-10193798.75,5830,0.01,3346547788.625
3157,-8442011.75,5306,0.01,4279282471.03125
3158,-9859323.674999999,5733,0.01,5079131100.78125
3159,-15880345.625,7276,0.01,7104216501.84375
3160,-17792803.099999998,7702,0.01,9830311366.90625
3161,-14871695.875,7041,0.01,10734911364.96875
3162,-6058255.975,4494,0.01,7509202256.09375
3163,-6114441.875,4515,0.01,5703445278.125
3164,-8746107.375,5400,0.01,4984884594.15625
3165,-6119229.35,4517,0.01,3738862696.25
3166,-20032690.224999998,8172,0.01,8003485755.5625
3167,-4646213.25,3936,0.01,6473966454.75
3168,-13762888.975,6774,0.01,13163651950.8125
3169,-6451470.925,4638,0.01,5849303528.53125
3170,-6396554.3,4618,0.01,6378411245.96875
3171,-7826509.3,5108,0.01,4678371668.71875
3172,-8859785.375,5435,0.01,4614507071.1875
3173,-2516296.85,2897,0.01,2742588018.875
3174,-2672007.25,2985,0.01,2977809439.875
3175,-7256689.6,4919,0.01,3917001171.46875
3176,-7451920.125,4985,0.01,3590277866.125
3177,-13945869.549999999,6818,0.01,5528675294.15625
3178,-8298324.875,5260,0.01,5855777790.03125
3179,-3709410.475,3517,0.01,4579882082.875
3180,-2100341.225,2647,0.01,2873603159.96875
3181,-3018460.6750000003,3173,0.01,2867421252.34375
3182,-3530265.25,3431,0.01,1716378497.0
3183,-3585585.3000000003,3458,0.01,1544296749.359375
3184,-4408525.1,3834,0.01,1781664730.84375
3185,-5068971.0,4111,0.01,1906565681.109375
3186,-2809278.375,3061,0.01,1781445414.71875
3187,-17412946.849999998,7619,0.01,5685901864.890625
3188,-13049763.625,6596,0.01,9229862596.8125
3189,-1887467.975,2509,0.01,4132959500.1875
3190,-8616592.875,5360,0.01,4736270537.328125
3191,-6781425.375,4755,0.01,4195659605.15625
3192,-5137767.1,4139,0.01,3024000468.59375
3193,-4593116.975,3914,0.01,2715496682.0
3194,-2473493.85,2872,0.01,1881541707.765625
3195,-8532740.85,5334,0.01,3394045271.640625
3196,-4433526.375,3845,0.01,3011055029.25
3197,-7477302.55,4993,0.01,3841731590.03125
3198,-8283758.0,5255,0.01,4067681073.5625
3199,-9550362.174999999,5643,0.01,4451866575.46875
3200,-6113162.125,4515,0.01,3865070304.21875
3201,-3414265.625,3375,0.01,2530251060.9375
3202,-2250809.0,2740,0.01,1994627544.8125
3203,-12833226.375,6541,0.01,4054852993.921875
3204,-6535070.05,4668,0.01,5264109224.5
3205,-3986571.125,3646,0.01,3103802608.75
3206,-7073229.375,4856,0.01,3591370727.609375
3207,-2777815.975,3044,0.01,2198174054.09375
3208,-5627017.225,4332,0.01,3143482468.71875
3209,-2265755.35,2749,0.01,2252181220.46875
3210,-2704772.4250000003,3003,0.01,1795671320.4375
3211,-8108013.35,5199,0.01,2658645745.765625
3212,-7600805.85,5034,0.01,3445836296.6875
3213,-7636255.75,5046,0.01,3870535628.53125
3214,-1885866.175,2508,0.01,1943060399.28125
3215,-15701827.75,7235,0.01,6442855980.5625
3216,-14562737.174999999,6968,0.01,8930173892.15625
3217,-7401735.675,4968,0.01,7528113529.9375
3218,-12398503.1,6429,0.01,8789971611.40625
3219,-10211818.625,5835,0.01,6969983520.75
3220,-12491924.174999999,6453,0.01,7873355043.40625
3221,-2973267.725,3149,0.01,4238276518.0625
3222,-3395296.25,3365,0.01,4456264111.25
3223,-1661922.125,2355,0.01,3748007784.25
3224,-9178596.975,5532,0.01,3537266034.890625
3225,-4042579.85,3672,0.01,3250451540.65625
3226,-4284877.125,3780,0.01,3039493890.0
3227,-3455460.375,3395,0.01,2762124595.09375
3228,-4617820.725,3924,0.01,2031684118.734375
3229,-9420670.35,5604,0.01,3218069479.6875
3230,-11425271.225,6172,0.01,5221415764.875
3231,-3879146.6,3597,0.01,4064239287.09375
3232,-3939973.25,3625,0.01,3658722916.625
3233,-611550.725,1429,0.01,1585112250.0625
3234,-17076575.999999996,7545,0.01,7104917027.296875
3235,-8107875.475,5199,0.01,8734610958.625
3236,-22010065.749999996,8566,0.01,11635431364.15625
3237,-6203221.3,4548,0.01,7669806129.21875
3238,-4580086.8,3908,0.01,9105071579.1875
3239,-8950365.549999999,5463,0.01,6256170273.40625
3240,-4228432.125,3755,0.01,2980794421.0625
3241,-4668274.75,3945,0.01,3629114729.34375
3242,-16243756.475,7359,0.01,5812196933.515625
3243,-14852719.35,7037,0.01,7561644502.90625
3244,-7389481.1,4964,0.01,6731870479.875
3245,-5555480.975,4304,0.01,6095461399.59375
3246,-15748219.875,7246,0.01,6995969903.171875
3247,-3661392.225,3494,0.01,5081136170.25
3248,-7553894.975,5019,0.01,7903759789.625
3249,-2406502.8000000003,2833,0.01,3486252357.265625
3250,-2826286.0,3070,0.01,2528052311.6875
3251,-15962892.5,7295,0.01,5694798872.25
3252,-11998577.625,6325,0.01,7776706042.8125
3253,-3535931.225,3434,0.01,5382788208.3125
3254,-5758242.725,4382,0.01,5011785584.25
3255,-5959304.475,4457,0.01,4051097847.109375
3256,-5409591.6,4247,0.01,3051310515.953125
3257,-15416567.35,7169,0.01,5939860426.78125
3258,-2251082.75,2740,0.01,3612531332.25
3259,-796972.125,1631,0.01,2848139855.875
3260,-6337166.35,4597,0.01,7801324117.625
3261,-14025752.799999999,6838,0.01,5522630892.28125
3262,-3299693.35,3317,0.01,3943160188.53125
3263,-14207638.725,6882,0.01,8980106392.28125
3264,-9944847.549999999,5758,0.01,6478318241.0
3265,-8365485.375,5281,0.01,6780252672.21875
3266,-7966883.225,5154,0.01,5197200831.625
3267,-10020593.625,5780,0.01,5738064532.25
3268,-19398288.849999998,8042,0.01,8621338232.375
3269,-9520610.35,5634,0.01,8540890993.125
3270,-17807317.499999996,7705,0.01,12174796284.21875
3271,-3660770.1,3494,0.01,6163809998.9375
3272,-9132664.549999999,5518,0.01,10028702921.0
3273,-5707459.3,4363,0.01,4848704189.0625
3274,-9870182.225,5737,0.01,5058538523.96875
3275,-7416771.925,4973,0.01,4342794750.0
3276,-10064886.299999999,5793,0.01,5294652843.15625
3277,-3605099.85,3467,0.01,3422020342.75
3278,-11560045.424999999,6208,0.01,6112511884.9375
3279,-1546357.125,2271,0.01,2462533491.21875
3280,-2550991.6,2917,0.01,3230622248.5
3281,-838598.1749999999,1673,0.01,1818896890.96875
3282,-4500492.225,3874,0.01,3214229741.3046875
3283,-2281724.725,2759,0.01,1175241729.15625
3284,-11040403.475,6067,0.01,3042787684.46875
3285,-3535392.6,3434,0.01,3244105483.09375
3286,-2789256.75,3050,0.01,2755973756.65625
3287,-2045343.975,2612,0.01,2514149231.4375
3288,-5213130.225,4169,0.01,1977757768.015625
3289,-8675404.174999999,5378,0.01,2776584479.484375
3290,-14523569.549999999,6958,0.01,5735536208.53125
3291,-23950518.999999996,8935,0.01,12410129746.0625
3292,-11161033.125,6100,0.01,13194992949.875
3293,-16187497.5,7346,0.01,12452418916.46875
3294,-2682214.375,2991,0.01,5614798827.0
3295,-2098492.0,2646,0.01,4685798161.5
3296,-10469164.299999999,5908,0.01,8403151048.390625
3297,-6671849.85,4717,0.01,4796897957.5
3298,-7450375.975,4984,0.01,4829076264.0625
3299,-8778410.125,5410,0.01,4628033887.375
3300,-6180337.25,4540,0.01,3929085974.75
3301,-3983595.875,3645,0.01,2743825352.21875
3302,-3441743.0500000003,3388,0.01,2283124841.0625
3303,-7835147.625,5111,0.01,3080612859.296875
3304,-6819887.1,4769,0.01,3417227017.9375
3305,-6671218.725,4717,0.01,3672264043.90625
3306,-3581185.0,3456,0.01,2382798857.84375
3307,-2220246.75,2721,0.01,2061399571.765625
3308,-3949483.35,3629,0.01,2185973295.453125
3309,-5195118.725,4162,0.01,1819095002.4375
3310,-4633486.875,3931,0.01,1979743652.6875
3311,-1852300.625,2486,0.01,1528171800.109375
3312,-7317914.125,4940,0.01,2701461582.25
3313,-5842089.975,4414,0.01,3180107353.75
3314,-2728485.725,3017,0.01,1909316147.0
3315,-9935717.25,5756,0.01,4134571561.65625
3316,-8224525.475,5237,0.01,4795340689.625
3317,-4828079.05,4013,0.01,3658423738.09375
3318,-5125134.35,4134,0.01,3295844105.65625
3319,-5868053.475,4424,0.01,2824893849.34375
3320,-6786324.1,4757,0.01,2951679490.265625
3321,-1610615.3,2318,0.01,1669101137.15625
3322,-3278822.225,3307,0.01,2406755322.15625
3323,-2170796.125,2691,0.01,1593386895.515625
3324,-9277441.6,5562,0.01,2849607566.453125
3325,-1843325.75,2480,0.01,2084267071.40625
3326,-3123891.1750000003,3228,0.01,2614865717.0
3327,-8178729.725,5222,0.01,3819083141.6875
3328,-27529212.624999996,9580,0.01,10439497632.0625
3329,-4730877.475,3972,0.01,8857850757.75
3330,-6931002.1,4807,0.01,13295442885.0
3331,-3680551.475,3504,0.01,4216728324.4375
3332,-14788032.725,7022,0.01,5586818568.703125
3333,-17598114.375,7660,0.01,9593060375.28125
3334,-14563657.549999999,6968,0.01,10972083687.3125
3335,-3593334.1,3462,0.01,5885718533.03125
3336,-7407325.375,4970,0.01,4025439677.328125
3337,-1756498.0,2421,0.01,2045343489.8125
3338,-2857631.475,3087,0.01,2233085052.9375
3339,-6415747.0,4625,0.01,3183027436.015625
3340,-10739842.35,5984,0.01,3463828820.984375
3341,-21271156.999999996,8421,0.01,8580969007.3125
3342,-13118690.725,6614,0.01,9581762130.09375
3343,-9400411.6,5599,0.01,6949102133.5
3344,-13883194.85,6804,0.01,7636776196.28125
3345,-1005537.975,1832,0.01,2411908539.4375
3346,-1383727.6,2149,0.01,3834360314.0
3347,-9300662.1,5569,0.01,7674942738.5625
3348,-10958660.375,6045,0.01,5451711691.46875
3349,-5792107.125,4395,0.01,4493910642.625
3350,-3536978.625,3435,0.01,3169450769.6875
3351,-12314853.549999999,6408,0.01,4865989567.21875
3352,-13430542.35,6692,0.01,6747302988.625
3353,-6617963.425,4698,0.01,6187597579.9375
3354,-4743024.225,3977,0.01,4675165952.1875
3355,-8997554.1,5477,0.01,4798772428.953125
3356,-4317669.875,3795,0.01,3190068403.65625
3357,-960936.5,1791,0.01,1643758487.28125
3358,-8039203.8,5178,0.01,4255862260.65625
3359,-3354101.625,3345,0.01,2764564738.25
3360,-6679975.5,4720,0.01,3245786516.46875
3361,-19824839.25,8130,0.01,6896105357.09375
3362,-13214997.799999999,6638,0.01,9546031418.1875
3363,-12346427.5,6416,0.01,9539980235.0
3364,-8188065.0,5225,0.01,6930576404.46875
3365,-1662904.75,2356,0.01,2861124170.3125
3366,-18509764.75,7856,0.01,7889295500.78125
3367,-9454351.75,5615,0.01,9192079510.75
3368,-12820220.549999999,6538,0.01,8645277451.84375
3369,-5794811.5,4396,0.01,4898721874.125
3370,-27128954.374999996,9510,0.01,12265070916.59375
3371,-9887937.1,5742,0.01,10044391318.8125
3372,-7754167.375,5085,0.01,10147388142.375
3373,-1937934.55,2543,0.01,2933537599.59375
3374,-10835821.875,6011,0.01,6798473860.1875
3375,-1797998.35,2449,0.01,2663944409.6875
3376,-720192.875,1551,0.01,1557463083.125
3377,-10427023.125,5896,0.01,5945083071.53125
3378,-8324600.475,5269,0.01,4812362015.3125
3379,-10760061.875,5990,0.01,5101564923.78125
3380,-13822780.725,6789,0.01,6060244318.25
3381,-7323256.6,4942,0.01,5782385930.28125
3382,-13193014.975,6632,0.01,7811773296.25
3383,-5826134.925,4408,0.01,5142528770.0625
3384,-1941386.375,2545,0.01,3245248563.84375
3385,-1367050.0,2136,0.01,3330182678.3125
3386,-2849620.1750000003,3083,0.01,2803886680.390625
3387,-2613483.6750000003,2953,0.01,1623598283.6328125
3388,-1474228.425,2218,0.01,714626496.25
3389,-4292236.35,3784,0.01,1280754819.109375
3390,-7288335.625,4930,0.01,2235917840.203125
3391,-2642071.975,2969,0.01,1826746281.078125
3392,-11491865.625,6190,0.01,4501923989.765625
3393,-5235702.225,4179,0.01,4280891391.90625
3394,-8953046.6,5464,0.01,5074224064.34375
3395,-7038714.875,4845,0.01,3466200938.65625
3396,-2291559.5,2765,0.01,2044777015.6875
3397,-6297970.05,4583,0.01,3332325182.671875
3398,-11111862.35,6087,0.01,4576477713.4375
3399,-6248317.625,4565,0.01,4289349455.15625
3400,-9444881.6,5612,0.01,5745205032.9375
3401,-5812707.8,4403,0.01,4024797028.46875
3402,-9659184.5,5675,0.01,5083041296.1875
3403,-5478759.6,4274,0.01,3769734927.3125
3404,-7926425.625,5141,0.01,3580075304.265625
3405,-2895745.3000000003,3108,0.01,2237654502.0625
3406,-3070695.375,3200,0.01,2177143459.9375
3407,-7530767.0,5011,0.01,3097278799.5
3408,-1561903.925,2283,0.01,1623534351.46875
3409,-19845396.474999998,8134,0.01,8125645728.5
3410,-5647034.225,4339,0.01,7440591127.625
3411,-13971740.375,6825,0.01,11196788828.5625
3412,-4151297.625,3721,0.01,4624481588.0625
3413,-5295898.55,4203,0.01,5420265060.40625
3414,-3841067.475,3579,0.01,3374397765.53125
3415,-4645373.625,3936,0.01,2095367166.859375
3416,-8525750.35,5332,0.01,2804634610.21875
3417,-12742525.924999999,6518,0.01,5096051068.546875
3418,-16902764.85,7507,0.01,8224902245.15625
3419,-11688721.549999999,6243,0.01,7982875407.78125
3420,-9579700.1,5652,0.01,7284829302.9375
3421,-3899999.725,3607,0.01,4130360731.3125
3422,-3773571.9250000003,3548,0.01,3581524942.34375
3423,-5629741.925,4333,0.01,3202318654.625
3424,-9273714.125,5561,0.01,3195035840.234375
3425,-10857410.6,6017,0.01,4526067849.6875
3426,-743249.375,1575,0.01,1434048118.875
3427,-9313429.049999999,5573,0.01,5728050544.84375
3428,-5617195.8,4328,0.01,4435996597.65625
3429,-18578136.374999996,7870,0.01,7406377808.46875
3430,-6358590.375,4605,0.01,6452311008.9375
3431,-9248556.35,5554,0.01,6415643101.6875
3432,-3807156.4250000003,3563,0.01,2954596153.4375
3433,-10113542.35,5807,0.01,4866479312.9375
3434,-9044864.475,5492,0.01,5015798116.78125
3435,-13499421.35,6709,0.01,6268093150.90625
3436,-24064115.599999998,8957,0.01,11065110265.4375
3437,-6612853.0,4696,0.01,8016086702.625
3438,-6259702.35,4569,0.01,4825819144.25
3439,-10359842.975,5877,0.01,4716569603.78125
3440,-11912478.6,6302,0.01,5598751640.65625
3441,-8160459.25,5216,0.01,5765447681.4375
3442,-989456.85,1817,0.01,2209540704.96875
3443,-2958167.5,3141,0.01,3985996682.53125
3444,-3224433.975,3279,0.01,2886736033.3125
3445,-3196478.5,3265,0.01,1824555425.8046875
3446,-7042608.5,4846,0.01,1990335129.671875
3447,-6317134.625,4590,0.01,2804815840.453125
3448,-3186257.5,3260,0.01,2075654201.28125
3449,-13809851.75,6786,0.01,4674189579.359375
3450,-11578693.35,6214,0.01,6252367860.65625
3451,-4894732.625,4040,0.01,4243291066.125
3452,-5466637.75,4270,0.01,4351376020.9375
3453,-1238704.175,2033,0.01,1991594289.15625
3454,-5153159.25,4145,0.01,2522751294.4375
3455,-6112670.625,4515,0.01,2879985983.9375
3456,-16607523.0,7441,0.01,5424911225.359375
3457,-16261968.424999999,7363,0.01,9409250581.6875
3458,-1961405.175,2558,0.01,4841357386.8125
3459,-5281869.35,4197,0.01,7815679323.875
3460,-4488744.1,3869,0.01,5692194870.59375
3461,-8333970.1,5272,0.01,3125093453.4375
3462,-4430379.6,3844,0.01,2656028118.40625
3463,-3915823.6,3614,0.01,2486999900.6875
3464,-4696072.475,3957,0.01,2320578050.96875
3465,-6130326.125,4521,0.01,2318086398.25
3466,-11521099.549999999,6198,0.01,4079311300.4375
3467,-4029048.25,3666,0.01,3484992706.0625
3468,-3699620.3000000003,3513,0.01,3596118727.0
3469,-2239037.6750000003,2733,0.01,3209530023.78125
3470,-5591176.55,4318,0.01,2043038214.0625
3471,-1797900.725,2449,0.01,1218412905.109375
3472,-3924788.1750000003,3618,0.01,1686013697.328125
3473,-11255967.125,6126,0.01,3323783141.171875
3474,-1610192.3,2318,0.01,2172762434.84375
3475,-10841765.174999999,6013,0.01,5887978437.09375
3476,-16905610.8,7508,0.01,7766451076.4375
3477,-10749281.725,5987,0.01,8651597790.25
3478,-10408090.0,5891,0.01,8211757599.53125
3479,-6164188.225,4534,0.01,5084578557.90625
3480,-2018949.875,2595,0.01,2764797859.375
3481,-13107813.875,6611,0.01,6552097101.0
3482,-14990324.375,7070,0.01,8040768239.8125
3483,-9107075.25,5510,0.01,7212821336.53125
3484,-32605876.874999996,10426,0.01,15340051699.09375
3485,-5742217.375,4376,0.01,8434194228.125
3486,-15552966.875,7201,0.01,17374218695.25
3487,-7124380.975,4874,0.01,6486687649.1875
3488,-9420834.375,5605,0.01,6725927509.78125
3489,-4719277.6,3967,0.01,3526622022.0
3490,-15830203.625,7265,0.01,6924048799.46875
3491,-13028509.875,6591,0.01,7822038157.90625
3492,-10803850.225,6002,0.01,8514056379.5
3493,-9177966.725,5532,0.01,6657992233.0625
3494,-2165738.4250000003,2688,0.01,2939357143.0
3495,-14767945.35,7017,0.01,7425585987.34375
3496,-6296238.475,4582,0.01,5618338184.9375
3497,-5227913.375,4175,0.01,4865061159.75
3498,-9378609.725,5592,0.01,4299802146.40625
3499,-10348476.85,5874,0.01,4945111109.6875
3500,-5022890.925,4093,0.01,4229061918.21875
3501,-7885125.05,5128,0.01,3920863982.125
3502,-4427468.425,3843,0.01,2772609248.28125
3503,-4072377.875,3685,0.01,2157337280.8125
3504,-6409839.8,4623,0.01,2433875169.875
3505,-8883219.85,5442,0.01,3409377196.375
3506,-6043604.1,4489,0.01,3796054368.96875
3507,-7253258.925,4918,0.01,4245295154.625
3508,-4572634.625,3905,0.01,2858344440.25
3509,-11420009.625,6170,0.01,4984448962.96875
3510,-4577565.35,3907,0.01,3794125728.1875
3511,-20913781.499999996,8350,0.01,9844124754.96875
3512,-8668349.875,5376,0.01,8421808141.3125
3513,-8739084.674999999,5398,0.01,9528907366.84375
3514,-3920294.125,3616,0.01,3478604492.625
3515,-8829073.625,5426,0.01,4923083624.78125
3516,-18649228.624999996,7885,0.01,7227969246.3125
3517,-6509406.975,4659,0.01,6972780783.6875
3518,-14450871.375,6941,0.01,9383258729.0625
3519,-1595909.475,2307,0.01,3096801259.53125
3520,-11797907.6,6272,0.01,10489775592.25
3521,-4182869.625,3735,0.01,5374130148.71875
3522,-4905569.0,4045,0.01,4255519071.78125
3523,-8933263.549999999,5458,0.01,4093669848.296875
3524,-9394063.475,5597,0.01,4226140025.59375
3525,-8586314.625,5351,0.01,4509443837.53125
3526,-16061353.674999999,7318,0.01,6879294820.6875
3527,-33987921.875,10645,0.01,17509738332.25
3528,-6382887.975,4614,0.01,8628975869.25
3529,-4775841.875,3991,0.01,10112305108.6875
3530,-6177053.6,4539,0.01,5534131035.421875
3531,-9458122.5,5616,0.01,3955046655.671875
3532,-18249842.0,7801,0.01,7186378290.9375
3533,-12647005.975,6494,0.01,8732820587.5625
3534,-9207498.75,5541,0.01,7701076827.25
3535,-5134562.925,4138,0.01,3894069085.59375
3536,-5307573.85,4207,0.01,4043991515.53125
3537,-796199.5,1630,0.01,1575288384.375
3538,-13314935.299999999,6663,0.01,5336048791.84375
3539,-13286293.625,6656,0.01,7327149457.875
3540,-6647767.05,4708,0.01,6232729664.75
3541,-8444827.85,5307,0.01,6644234443.71875
3542,-1868199.975,2497,0.01,2190495704.9375
3543,-13607704.125,6736,0.01,5081893758.984375
3544,-27656465.224999998,9602,0.01,12309506361.65625
3545,-15577614.85,7207,0.01,13869375197.59375
3546,-10793894.6,5999,0.01,9239246916.25
3547,-18740192.849999998,7904,0.01,7580246276.59375
3548,-22519224.5,8665,0.01,12008030190.375
3549,-7291062.875,4931,0.01,8228901027.25
3550,-11995849.75,6325,0.01,6527774662.125
3551,-6920185.6,4804,0.01,4589854760.0
3552,-7283381.925,4928,0.01,3913411804.46875
3553,-10903486.875,6030,0.01,4414959615.5625
3554,-16584321.375,7436,0.01,7224532288.9375
3555,-4815866.05,4008,0.01,5766982599.9375
3556,-3697828.225,3512,0.01,5620240513.3125
3557,-10443744.375,5901,0.01,6108962183.953125
3558,-7403835.1,4969,0.01,4271633996.96875
3559,-5190813.125,4161,0.01,3592074685.125
3560,-3591121.25,3461,0.01,2361968141.0625
3561,-3532862.5500000003,3433,0.01,2239901812.296875
3562,-6856960.1,4782,0.01,2579755721.375
3563,-2339475.1,2794,0.01,1796434664.6875
3564,-4821735.875,4010,0.01,2547551467.53125
3565,-3379344.225,3357,0.01,2185740998.21875
3566,-3588636.75,3460,0.01,1587595850.359375
3567,-11089831.625,6081,0.01,3100219057.375
3568,-7029548.225,4842,0.01,4472395891.03125
3569,-9022727.0,5485,0.01,5469269575.90625
3570,-3765452.725,3544,0.01,2770300194.875
3571,-10536405.975,5927,0.01,4674257103.78125
3572,-10664055.299999999,5963,0.01,5216559179.28125
3573,-10023108.375,5781,0.01,6017787435.1875
3574,-9939395.6,5757,0.01,5566412155.1875
3575,-22932826.225,8744,0.01,10356020544.21875
3576,-17079044.499999996,7546,0.01,12754467595.65625
3577,-5567740.35,4309,0.01,8250882989.0
3578,-11446626.424999999,6178,0.01,4915731537.765625
3579,-5160655.35,4149,0.01,4263661247.875
3580,-4610103.875,3921,0.01,4437363203.375
3581,-2322612.475,2784,0.01,2919672970.640625
3582,-12161360.174999999,6368,0.01,4245541597.421875
3583,-2832285.475,3074,0.01,3575601617.5
3584,-9702568.049999999,5688,0.01,5793213542.25
3585,-4741647.85,3977,0.01,3890125611.5
3586,-12938271.049999999,6568,0.01,5365299899.3125
3587,-21791974.725,8524,0.01,9397182229.78125
3588,-2076537.975,2632,0.01,5137421106.8125
3589,-2382767.85,2819,0.01,5638489567.9375
3590,-9962928.975,5764,0.01,9715821354.40625
3591,-6146916.8,4528,0.01,3792389785.9375
3592,-9277104.225,5562,0.01,4347139810.359375
3593,-11133462.049999999,6093,0.01,4901920015.59375
3594,-3761113.975,3542,0.01,3620176439.90625
3595,-2099859.725,2647,0.01,2523991285.625
3596,-5994888.375,4471,0.01,4329138162.9375
3597,-8884745.549999999,5443,0.01,3568211557.03125
3598,-9271410.375,5560,0.01,4266367267.90625
3599,-6780214.375,4755,0.01,3926520765.03125
3600,-4377895.25,3821,0.01,3250554468.34375
3601,-11546280.25,6205,0.01,4772584867.1875
3602,-8735094.6,5397,0.01,5172181519.125
3603,-12081694.6,6347,0.01,6258105942.90625
3604,-2426466.0,2845,0.01,2995469385.5625
3605,-20752338.8,8318,0.01,10961842944.125
3606,-5884553.5,4430,0.01,8302741173.0625
3607,-13082738.5,6605,0.01,11278010316.9375
3608,-5119948.975,4132,0.01,4696748690.9375
3609,-20475811.974999998,8262,0.01,9542070882.75
3610,-15681989.375,7231,0.01,10423698618.15625
3611,-18770723.5,7911,0.01,12256296335.28125
3612,-21484923.225,8464,0.01,12997477755.03125
3613,-14911271.5,7051,0.01,12651053663.5625
3614,-25926497.099999998,9297,0.01,14025924333.375
3615,-7454072.625,4985,0.01,9074048253.875
3616,-9396258.35,5597,0.01,7251937630.46875
3617,-9802682.1,5717,0.01,5657904221.28125
3618,-2265100.85,2749,0.01,2926066245.875
3619,-5616651.3,4328,0.01,4611214873.09375
3620,-8856164.725,5434,0.01,4165598669.0
3621,-14149211.35,6869,0.01,5740750646.34375
3622,-2358272.375,2805,0.01,3728329478.40625
3623,-11524146.35,6199,0.01,7869243695.75
3624,-6569864.375,4681,0.01,4988344171.8125
3625,-7567055.05,5023,0.01,4698871876.4375
3626,-984983.7999999999,1813,0.01,1506317508.0
3627,-2379207.6,2817,0.01,2311260482.6875
3628,-5713379.5,4365,0.01,2833155983.078125
3629,-6331392.0,4595,0.01,2481291872.625
3630,-7385540.475,4962,0.01,2946515604.296875
3631,-15141940.5,7105,0.01,5487224105.9375
3632,-2491064.9250000003,2883,0.01,4084374345.0
3633,-2062632.425,2623,0.01,3884004373.1875
3634,-10126905.25,5811,0.01,7550510465.703125
3635,-8366156.0,5281,0.01,4877117538.71875
3636,-1917189.6,2529,0.01,2320216186.96875
3637,-2344004.75,2796,0.01,3304639653.65625
3638,-4800816.125,4001,0.01,3446012510.09375
3639,-3540343.25,3436,0.01,1917095932.875
3640,-3864289.625,3590,0.01,1965573223.0625
3641,-3761868.1,3542,0.01,1849706301.109375
3642,-1912826.0,2526,0.01,1213462874.46875
3643,-13521564.35,6714,0.01,4291079073.25
3644,-11492842.5,6190,0.01,7104374032.4375
3645,-4261429.625,3770,0.01,5104935674.875
3646,-7547335.225,5017,0.01,4399227438.90625
3647,-10522119.424999999,5923,0.01,4355912607.921875
3648,-7022542.85,4839,0.01,4255858713.21875
3649,-4943082.5,4060,0.01,3420162615.21875
3650,-1687475.3,2373,0.01,1847868084.15625
3651,-4532604.8,3888,0.01,2773065084.0
3652,-16183193.75,7346,0.01,5036118639.4375
3653,-4859593.875,4026,0.01,5106160441.3125
3654,-4739555.375,3976,0.01,3428923477.40625
3655,-6333674.75,4596,0.01,3263941940.375
3656,-15252141.75,7131,0.01,5110350681.375
3657,-10217803.35,5837,0.01,7097876575.84375
3658,-4924853.175,4053,0.01,5861638852.5
3659,-7103225.975,4867,0.01,5153722511.25
3660,-4411939.125,3836,0.01,3056721529.140625
3661,-13429966.225,6692,0.01,4956928075.625
3662,-3813003.375,3566,0.01,3976708325.5
3663,-28705844.05,9783,0.01,13225035303.84375
3664,-2034000.25,2605,0.01,5925760563.0625
3665,-5797825.725,4397,0.01,8627279037.21875
3666,-5658851.85,4344,0.01,6162558028.1875
3667,-3948869.975,3629,0.01,2361016712.3125
3668,-6303871.25,4585,0.01,2664638848.40625
3669,-6672487.725,4717,0.01,2786693241.5
3670,-4543894.675,3893,0.01,2503180252.78125
3671,-3637959.9250000003,3483,0.01,2061272813.328125
3672,-5338204.35,4219,0.01,2318754171.6875
3673,-1618832.35,2324,0.01,1199673537.875
3674,-6906606.975,4799,0.01,2263924423.5
3675,-2415225.5500000003,2838,0.01,1736645454.34375
3676,-12586006.049999999,6478,0.01,3968551199.875
3677,-5287174.35,4199,0.01,4608856953.59375
3678,-11993446.975,6324,0.01,5885674208.125
3679,-15486180.875,7186,0.01,6807470583.03125
3680,-4281047.35,3779,0.01,4867238036.125
3681,-5874390.375,4426,0.01,2961821719.421875
3682,-8596758.225,5354,0.01,3314809457.015625
3683,-6676637.425,4718,0.01,3416702226.4375
3684,-8468025.725,5314,0.01,3701228043.5625
3685,-18872159.599999998,7932,0.01,6861449098.0
3686,-5084467.55,4118,0.01,6101699269.6875
3687,-11455276.5,6180,0.01,9439124721.1875
3688,-5600326.975,4322,0.01,3905924230.5
3689,-4189109.8000000003,3738,0.01,2818326848.15625
3690,-4044563.9250000003,3673,0.01,2628244314.953125
3691,-5153930.25,4146,0.01,1892771616.578125
3692,-3529616.75,3431,0.01,1650850191.46875
3693,-4563457.375,3901,0.01,1913597022.6875
3694,-9137113.125,5520,0.01,3005034537.078125
3695,-1894470.85,2514,0.01,1841129027.6875
3696,-7248676.475,4917,0.01,3758553322.53125
3697,-3046746.4250000003,3188,0.01,2383948177.5
3698,-9609996.875,5661,0.01,3380186150.828125
3699,-5832006.375,4410,0.01,3704705693.25
3700,-4981118.625,4076,0.01,3283415712.15625
3701,-23006970.174999997,8758,0.01,8421172771.4375
3702,-5031269.875,4096,0.01,7052317007.5625
3703,-7789954.975,5097,0.01,11554903959.125
3704,-8036032.6,5177,0.01,4487231342.0625
3705,-7434503.1,4979,0.01,3551980153.625
3706,-9006822.875,5480,0.01,3983732376.25
3707,-5802511.475,4399,0.01,3436906212.21875
3708,-15586316.35,7209,0.01,5681603681.375
3709,-14867436.625,7041,0.01,8781018262.40625
3710,-5733726.925,4373,0.01,6886288248.25
3711,-3972424.0,3640,0.01,4784044524.125
3712,-16101507.975,7327,0.01,7158929121.5625
3713,-11189554.174999999,6108,0.01,7695803798.28125
3714,-8895406.25,5446,0.01,7216509010.34375
3715,-1969171.55,2563,0.01,2547354086.78125
3716,-1511796.625,2246,0.01,2748981572.40625
3717,-10317114.125,5865,0.01,4017548423.6875
3718,-2545217.35,2914,0.01,2659227465.375
3719,-15892518.475,7279,0.01,6357283468.5625
3720,-14171798.1,6874,0.01,9201607303.75
3721,-5420562.975,4252,0.01,6470227207.375
3722,-3304634.375,3320,0.01,4070711560.375
3723,-16457852.049999999,7408,0.01,7172016757.765625
3724,-20061362.674999997,8178,0.01,10558012214.0625
3725,-6080426.675,4503,0.01,7795931131.8125
3726,-3240878.1750000003,3288,0.01,6575543779.375
3727,-10742864.75,5985,0.01,6012695418.78125
3728,-7338924.975,4947,0.01,4672794355.90625
3729,-25079572.599999998,9144,0.01,10244251203.25
3730,-6604433.05,4693,0.01,8381655038.8125
3731,-3818963.975,3569,0.01,5866893962.90625
3732,-5121951.55,4133,0.01,3782547366.234375
3733,-2455061.1,2862,0.01,1911380375.5625
3734,-5643834.675,4338,0.01,2337013130.671875
3735,-28049958.874999996,9670,0.01,10003498723.734375
3736,-3026456.475,3177,0.01,6745627985.0
3737,-4378490.25,3821,0.01,11746582271.75
3738,-10517246.85,5922,0.01,10084440680.40625
3739,-8109028.875,5200,0.01,4937255163.375
3740,-37031864.875,11111,0.01,16838971541.96875
3741,-6022631.1,4482,0.01,9046336987.09375
3742,-8741849.6,5399,0.01,21728368013.09375
3743,-13149626.5,6621,0.01,6140959770.46875
3744,-7620322.875,5041,0.01,5782617845.625
3745,-9589913.0,5655,0.01,5872055324.78125
3746,-5531632.625,4295,0.01,4188531657.6875
3747,-5049955.725,4104,0.01,3351818458.21875
3748,-5324897.1,4214,0.01,2892951774.828125
3749,-3636872.0500000003,3483,0.01,2134025161.578125
3750,-2585376.225,2937,0.01,1469828265.109375
3751,-7477137.3,4993,0.01,2536225753.328125
3752,-2784550.4250000003,3048,0.01,1930908333.375
3753,-2898276.475,3109,0.01,1714644692.46875
3754,-2952606.1750000003,3138,0.01,1395101839.578125
3755,-1422093.925,2178,0.01,826423052.1484375
3756,-1097993.1,1914,0.01,638977983.03125
3757,-5706651.35,4362,0.01,1407820144.40625
3758,-14867110.125,7040,0.01,4565691794.609375
3759,-4793183.925,3998,0.01,4952922911.625
3760,-13686485.75,6755,0.01,8636757662.8125
3761,-42662690.375,11926,0.01,19492171811.09375
3762,-13386860.75,6681,0.01,12451879665.21875
3763,-8388797.6,5289,0.01,9601034806.65625
3764,-19596708.549999997,8083,0.01,8215649216.03125
3765,-5671290.975,4349,0.01,6915539986.3125
3766,-1183955.425,1988,0.01,3691203979.25
3767,-7757060.375,5086,0.01,7645776532.46875
3768,-8244020.3,5243,0.01,4029824732.6875
3769,-1505115.375,2241,0.01,1681389158.46875
3770,-1398337.125,2160,0.01,2093847234.0625
3771,-6220650.625,4555,0.01,3730915337.375
3772,-2534982.6750000003,2908,0.01,1756123440.75
3773,-5710502.1,4364,0.01,2339317108.015625
3774,-2102035.1750000003,2648,0.01,1567218424.84375
3775,-5011333.675,4088,0.01,2081773330.359375
3776,-6177792.6,4539,0.01,2524607114.203125
3777,-7457945.6,4987,0.01,3026701241.125
3778,-3732232.1750000003,3528,0.01,2543101116.3125
3779,-3872820.975,3594,0.01,2474320842.59375
3780,-13239088.975,6644,0.01,4303677105.921875
3781,-2786293.475,3049,0.01,3175129150.71875
3782,-5787288.425,4393,0.01,3031486819.890625
3783,-1719168.125,2395,0.01,1632248089.140625
3784,-1818527.55,2463,0.01,1240071949.65625
3785,-4479242.25,3865,0.01,1734516052.390625
3786,-3882964.5500000003,3598,0.01,1517458753.921875
3787,-1849923.6,2484,0.01,1195720644.046875
3788,-5340669.375,4220,0.01,1807714477.6875
3789,-18283331.599999998,7807,0.01,5701300545.765625
3790,-6734900.85,4739,0.01,6376464603.6875
3791,-3388368.35,3362,0.01,6065073847.25
3792,-5474792.925,4273,0.01,4270567873.03125
3793,-2568165.225,2927,0.01,1742235231.984375
3794,-3817243.6750000003,3568,0.01,1936968799.5625
3795,-4595812.75,3915,0.01,2047308865.0
3796,-8366259.225,5282,0.01,2639955572.34375
3797,-7498832.75,5001,0.01,3704918177.0
3798,-4854364.3,4023,0.01,3305582080.5625
3799,-2912504.975,3117,0.01,2272022524.21875
3800,-7075009.35,4857,0.01,2944721702.265625
3801,-4424222.0,3841,0.01,2632376522.5
3802,-2893891.85,3107,0.01,1788175845.0625
3803,-2867698.5500000003,3093,0.01,1737921814.28125
3804,-2492327.0500000003,2883,0.01,1105076987.2265625
3805,-8026334.8,5173,0.01,2103812568.875
3806,-15897720.875,7280,0.01,5418975874.71875
3807,-9480743.225,5622,0.01,6970383779.625
3808,-19440376.5,8051,0.01,11113161720.21875
3809,-8583790.875,5350,0.01,7807420593.96875
3810,-3778253.375,3550,0.01,6832885238.3125
3811,-5597877.25,4321,0.01,3948884184.3125
3812,-10345312.299999999,5873,0.01,4451881106.578125
3813,-17392208.75,7615,0.01,7338940790.96875
3814,-2119175.975,2659,0.01,4249490614.5
3815,-12984183.75,6580,0.01,11762168770.625
3816,-9455369.25,5615,0.01,6262157582.90625
3817,-8815892.475,5422,0.01,6104835804.9375
3818,-8533943.0,5335,0.01,5203413563.4375
3819,-10471606.85,5909,0.01,5409803185.40625
3820,-7382420.225,4962,0.01,4912867946.5625
3821,-13843789.6,6794,0.01,6547951868.3125
3822,-7058428.35,4852,0.01,5576928037.78125
3823,-12733596.25,6516,0.01,7706582805.0625
3824,-7730801.6,5077,0.01,6120913900.84375
3825,-9938903.725,5757,0.01,6400947128.125
3826,-6004640.75,4475,0.01,4684842697.0625
3827,-1921802.1,2532,0.01,2203512572.375
3828,-4020357.1,3662,0.01,2915004059.125
3829,-1607844.625,2316,0.01,1351794415.28125
3830,-2993554.875,3160,0.01,1398334436.953125
3831,-650732.975,1474,0.01,633406250.703125
3832,-2873795.625,3096,0.01,1124968614.515625
3833,-2504383.625,2890,0.01,954228698.546875
3834,-8597041.1,5354,0.01,2157204587.15625
3835,-13357127.424999999,6673,0.01,5106707788.875
3836,-818810.6749999999,1653,0.01,1831322754.5
3837,-2191621.35,2704,0.01,3880710995.875
3838,-5064437.375,4110,0.01,5245555878.28125
3839,-3459487.35,3397,0.01,2709083446.484375
3840,-3922890.1,3617,0.01,1827842481.578125
3841,-6092879.55,4508,0.01,2188207101.890625
3842,-9984383.75,5770,0.01,3504182252.03125
3843,-933736.75,1765,0.01,1487358198.90625
3844,-10645004.6,5957,0.01,4457153518.1875
3845,-8770378.174999999,5408,0.01,5523164885.90625
3846,-5138051.75,4140,0.01,2994889573.5
3847,-4799248.875,4001,0.01,2678743026.96875
3848,-6542268.375,4671,0.01,2940125927.34375
3849,-22458929.799999997,8653,0.01,7689025524.109375
3850,-4393544.05,3828,0.01,6546709741.875
3851,-8752523.049999999,5403,0.01,13021446495.6875
3852,-3608014.85,3469,0.01,3744141397.09375
3853,-13376444.299999999,6678,0.01,6266536771.5
3854,-4647703.1,3937,0.01,4337625258.375
3855,-12363706.0,6421,0.01,6955109971.65625
3856,-5632514.1,4334,0.01,4407525084.8125
3857,-11741262.475,6257,0.01,6846787536.21875
3858,-21935830.35,8552,0.01,9610311315.0
3859,-9394113.1,5597,0.01,9375006515.46875
3860,-11031435.375,6065,0.01,9404575395.375
3861,-14147052.924999999,6868,0.01,7411570358.03125
3862,-5738140.125,4375,0.01,6190771665.125
3863,-1245522.6,2039,0.01,2645793034.125
3864,-3852533.75,3585,0.01,5688858003.40625
3865,-5407750.85,4247,0.01,2836750130.671875
3866,-7007769.725,4834,0.01,3000710602.453125
3867,-6762432.725,4749,0.01,3402550859.671875
3868,-1798979.875,2450,0.01,1889918012.65625
3869,-2225898.5,2725,0.01,2210551098.34375
3870,-7693224.0,5065,0.01,3186239109.46875
3871,-9242960.475,5552,0.01,3590147245.765625
3872,-12809189.875,6535,0.01,5248141071.96875
3873,-10868709.625,6020,0.01,6124584038.125
3874,-5271433.675,4193,0.01,4914848667.75
3875,-5306773.1,4207,0.01,3581452303.1875
3876,-12167090.1,6369,0.01,4732778322.03125
3877,-5274634.475,4194,0.01,4294173807.53125
3878,-8996192.85,5477,0.01,5420100081.71875
3879,-7721920.475,5074,0.01,3992171149.71875
3880,-17222627.849999998,7577,0.01,5994661336.59375
3881,-2856874.35,3087,0.01,4459278381.125
3882,-17233908.499999996,7580,0.01,12743127219.625
3883,-7496678.75,5000,0.01,7090630081.90625
3884,-14215512.35,6884,0.01,10270018620.5
3885,-3400237.475,3367,0.01,4893361443.59375
3886,-8257784.35,5247,0.01,7355723499.9375
3887,-6052402.725,4492,0.01,4318718139.90625
3888,-10547357.0,5930,0.01,4553606767.1875
3889,-5684991.35,4354,0.01,4073263758.40625
3890,-10819211.875,6006,0.01,5900727780.53125
3891,-5583492.125,4315,0.01,4086211744.28125
3892,-4366296.625,3816,0.01,3618387931.15625
3893,-9163165.6,5527,0.01,4152167829.390625
3894,-6709850.0,4730,0.01,3947636638.625
3895,-3920534.5,3616,0.01,2798343425.9375
3896,-13141950.125,6620,0.01,4932173258.125
3897,-2953745.225,3139,0.01,3348963499.53125
3898,-4736797.375,3975,0.01,2630807506.609375
3899,-7202013.375,4901,0.01,2287649714.171875
3900,-2177073.0,2695,0.01,1528437637.015625
3901,-25244557.599999998,9174,0.01,7902993841.453125
3902,-9621545.975,5664,0.01,8384233598.4375
3903,-8465109.924999999,5313,0.01,9692133341.9375
3904,-7882911.975,5127,0.01,5103949606.46875
3905,-12231360.375,6386,0.01,5434067559.0
3906,-6945897.35,4812,0.01,4610538881.125
3907,-7022631.725,4839,0.01,3394784373.78125
3908,-8916661.35,5452,0.01,4488794626.90625
3909,-11890991.375,6296,0.01,5604072693.21875
3910,-5670147.3,4348,0.01,5202908859.875
3911,-23308892.499999996,8815,0.01,10905280130.09375
3912,-10427116.0,5896,0.01,11980226312.5
3913,-7200961.25,4900,0.01,9856647977.3125
3914,-11268104.85,6129,0.01,6010442477.34375
3915,-4939501.725,4059,0.01,4427452289.96875
3916,-12480964.375,6451,0.01,4808654686.046875
3917,-10604629.875,5946,0.01,5806883032.6875
3918,-4251201.875,3765,0.01,3976161817.59375
3919,-5848259.125,4416,0.01,4571123588.59375
3920,-3127645.125,3230,0.01,2611182102.4375
3921,-1998762.225,2582,0.01,1686893589.25
3922,-3530229.125,3431,0.01,1657327983.140625
3923,-5082692.725,4117,0.01,1828039286.125
3924,-14169122.424999999,6873,0.01,4149674152.96875
3925,-3714667.625,3520,0.01,3965868044.9375
3926,-2071370.35,2629,0.01,2044423673.125
3927,-3016188.475,3172,0.01,1542433338.921875
3928,-8692796.225,5384,0.01,2370534775.921875
3929,-25628055.174999997,9243,0.01,9627040736.0
3930,-12816914.1,6537,0.01,15260916554.75
3931,-5503817.1,4284,0.01,8743913214.625
3932,-11193116.35,6109,0.01,5058586945.78125
3933,-2072945.625,2630,0.01,2705189115.3125
3934,-7786752.625,5096,0.01,3983319538.421875
3935,-8556822.225,5342,0.01,4075593185.09375
3936,-11220044.725,6117,0.01,4958858354.3125
3937,-13128474.625,6616,0.01,6399217825.21875
3938,-3794329.1,3557,0.01,4825188105.4375
3939,-20763274.624999996,8320,0.01,10991370677.9375
3940,-7741091.5,5081,0.01,8098951590.875
3941,-4146798.975,3719,0.01,7470252757.9375
3942,-4883937.75,4036,0.01,4927121778.1875
3943,-7934619.6,5144,0.01,3214189319.5
3944,-6915679.975,4802,0.01,3241108129.71875
3945,-12983899.475,6579,0.01,4962890840.4375
3946,-5188775.25,4160,0.01,4251541815.9375
3947,-10479632.25,5911,0.01,6578594182.21875
3948,-6178596.6,4539,0.01,4162950116.25
3949,-1338217.175,2113,0.01,1531967807.09375
3950,-16084233.924999999,7323,0.01,5378068967.8125
3951,-3080612.75,3205,0.01,5153357653.1875
3952,-3994075.5,3650,0.01,4901847074.125
3953,-8893874.375,5446,0.01,5040679531.546875
3954,-7595382.3,5033,0.01,3824776264.46875
3955,-9987786.5,5771,0.01,4593474366.3125
3956,-7020226.55,4838,0.01,3972755539.78125
3957,-13830855.125,6790,0.01,5055417819.46875
3958,-2942285.9250000003,3133,0.01,3627205787.375
3959,-5350163.475,4224,0.01,4697702919.125
3960,-3264786.125,3300,0.01,2818497256.828125
3961,-2663805.375,2981,0.01,1536866073.828125
3962,-3362403.85,3349,0.01,1534608198.5
3963,-4920909.75,4051,0.01,1540620384.359375
3964,-4692200.0,3956,0.01,1770808945.3125
3965,-7983856.25,5160,0.01,2717792129.453125
3966,-5475375.8,4273,0.01,2922036313.375
3967,-2247189.0500000003,2738,0.01,1847163127.8125
3968,-5381500.25,4236,0.01,2426473558.34375
3969,-38908933.849999994,11389,0.01,14843283348.796875
3970,-2300441.25,2770,0.01,6513917995.5625
3971,-7440863.0,4981,0.01,8094986227.6875
3972,-5962018.35,4459,0.01,4929038141.125
3973,-3870755.8000000003,3593,0.01,2692559189.90625
3974,-11570795.25,6211,0.01,4005758498.53125
3975,-7832968.625,5111,0.01,4627410363.9375
3976,-4301394.05,3788,0.01,2683186789.8125
3977,-8304457.225,5262,0.01,3235324941.828125
3978,-2658403.8000000003,2978,0.01,2259977864.671875
3979,-9588601.725,5654,0.01,4103954193.828125
3980,-5312594.725,4209,0.01,3464650761.53125
3981,-5381624.25,4236,0.01,2645185969.5625
3982,-4073075.75,3685,0.01,2388913733.625
3983,-14808962.375,7026,0.01,5026031775.546875
3984,-8805468.549999999,5418,0.01,6274709300.875
3985,-16447358.125,7405,0.01,8965339007.4375
3986,-1858845.375,2490,0.01,4237125308.1875
3987,-15416777.85,7169,0.01,12566052227.1875
3988,-4194704.0,3740,0.01,5714958773.1875
3989,-13413233.475,6687,0.01,8261738720.6875
3990,-2080764.5,2635,0.01,2898615204.46875
3991,-9005678.25,5480,0.01,6585072843.03125
3992,-6045900.375,4490,0.01,4169818733.28125
3993,-20815777.749999996,8330,0.01,7190372193.921875
3994,-9751584.725,5702,0.01,8473889374.375
3995,-2893157.625,3106,0.01,7435595074.875
3996,-11056418.75,6071,0.01,7774920692.75
3997,-16407483.375,7396,0.01,7806466196.03125
3998,-6680715.625,4720,0.01,6275016136.4375
3999,-1181896.375,1986,0.01,3007784135.0
4000,-4127569.25,3710,0.01,6005077584.09375
4001,-18382371.174999997,7828,0.01,7257229897.625
4002,-4580083.3,3908,0.01,5680436701.46875
4003,-3475752.375,3405,0.01,5170938384.375
4004,-4738049.125,3975,0.01,4564602861.421875
4005,-13865866.225,6799,0.01,5036324106.421875
4006,-3364501.125,3350,0.01,4281217989.25
4007,-10468577.924999999,5908,0.01,5877658491.484375
4008,-9168171.35,5529,0.01,5270782456.78125
4009,-6529626.375,4666,0.01,4843629309.71875
4010,-8927685.75,5456,0.01,4955393900.65625
4011,-3664695.375,3496,0.01,3054277213.90625
4012,-3954915.35,3632,0.01,2645997966.75
4013,-7409490.125,4971,0.01,2373817292.75
4014,-6789071.675,4758,0.01,3125779583.3125
4015,-2647297.25,2971,0.01,1962760512.53125
4016,-4533701.675,3888,0.01,2363337417.265625
4017,-1745187.55,2413,0.01,1321744782.875
4018,-4068799.35,3684,0.01,1644042226.515625
4019,-6089715.35,4507,0.01,1834706375.671875
4020,-5684809.725,4354,0.01,2305551893.734375
4021,-6671697.6,4717,0.01,2858222387.640625
4022,-2679691.5,2990,0.01,1915613388.375
4023,-6906281.475,4799,0.01,2713990606.359375
4024,-3611337.625,3470,0.01,2038655312.6875
4025,-21196075.749999996,8406,0.01,6270664530.359375
4026,-3691852.6,3509,0.01,5916208659.0
4027,-4109394.725,3702,0.01,6132140090.25
4028,-6669159.25,4716,0.01,5432987533.171875
4029,-8230608.225,5239,0.01,3252675209.5625
4030,-13488713.0,6706,0.01,4950143022.28125
4031,-11548593.25,6205,0.01,6779910725.5625
4032,-9563956.6,5647,0.01,6217257107.96875
4033,-2124529.85,2662,0.01,3012933818.03125
4034,-3775211.8000000003,3548,0.01,4412849409.6875
4035,-5885590.875,4430,0.01,4235619766.390625
4036,-4619563.0,3925,0.01,2408075504.34375
4037,-2673629.0,2986,0.01,1883378372.703125
4038,-3815402.475,3567,0.01,2352159122.8125
4039,-11494922.75,6190,0.01,3968849327.515625
4040,-9375494.25,5591,0.01,5489181080.25
4041,-6788750.675,4758,0.01,5076717575.0625
4042,-2313944.3000000003,2778,0.01,2040357670.53125
4043,-3141344.1,3237,0.01,2363317544.0625
4044,-6115290.0,4516,0.01,2015538762.796875
4045,-5410670.175,4248,0.01,2064354304.828125
4046,-2788429.625,3050,0.01,1556481325.484375
4047,-4792230.3,3998,0.01,2107247389.375
4048,-2432879.725,2849,0.01,1573882253.46875
4049,-7830698.25,5110,0.01,2352095564.828125
4050,-5063518.225,4109,0.01,2875151820.8125
4051,-7936376.85,5144,0.01,3345683401.84375
4052,-1885160.3,2508,0.01,1952675923.8125
4053,-2824794.875,3070,0.01,2479965293.0
4054,-8073739.475,5189,0.01,3453643261.078125
4055,-2543561.6750000003,2913,0.01,1952298596.25
4056,-6726420.5,4736,0.01,3237987114.078125
4057,-11876690.424999999,6293,0.01,4571759377.421875
4058,-564248.0499999999,1373,0.01,1454692766.625
4059,-5400314.725,4244,0.01,5027779117.1875
4060,-7278854.1,4927,0.01,4939344945.8125
4061,-6186000.975,4542,0.01,3120535157.40625
4062,-4689248.6,3954,0.01,2886786769.28125
4063,-1996976.75,2581,0.01,1741759416.59375
4064,-7275682.625,4926,0.01,2849401008.671875
4065,-2970615.8000000003,3148,0.01,2053957947.703125
4066,-1500954.05,2238,0.01,1424353431.84375
4067,-6578941.35,4684,0.01,2653309379.875
4068,-3502660.1750000003,3418,0.01,1833219121.46875
4069,-1515733.975,2249,0.01,1221365845.6875
4070,-4407984.1,3834,0.01,2007715576.5
4071,-10815019.25,6005,0.01,2941707961.34375
4072,-6118047.975,4517,0.01,3560874200.375
4073,-10469857.975,5909,0.01,4576074028.5
4074,-6525318.75,4665,0.01,4099313453.40625
4075,-10344775.424999999,5873,0.01,5500825559.5625
4076,-5186095.35,4159,0.01,3424536532.375
4077,-4981276.625,4076,0.01,3002405226.53125
4078,-6723115.25,4735,0.01,2868306013.421875
4079,-9918584.75,5751,0.01,3570802217.921875
4080,-17127587.1,7557,0.01,7000600990.0
4081,-13542805.125,6720,0.01,9498389631.71875
4082,-4284377.375,3780,0.01,5862440288.0625
4083,-2880490.875,3100,0.01,3370265142.6875
4084,-3904778.475,3609,0.01,3328007476.90625
4085,-5390765.375,4240,0.01,2128961888.25
4086,-10298396.0,5860,0.01,3638042552.796875
4087,-7800805.625,5100,0.01,4436390239.09375
4088,-7793554.925,5098,0.01,4746385831.59375
4089,-1764007.875,2426,0.01,1777785036.59375
4090,-1600752.0,2311,0.01,2008844913.5
4091,-1991918.425,2578,0.01,1422541563.484375
4092,-2159451.85,2684,0.01,1399860729.0625
4093,-6637728.125,4705,0.01,1771081212.515625
4094,-10524060.225,5924,0.01,3635729750.09375
4095,-19878440.75,8141,0.01,8002663423.71875
4096,-13583099.875,6730,0.01,9072002264.09375
4097,-14406414.625,6931,0.01,8462167645.4375
4098,-8439382.25,5305,0.01,7397226778.40625
4099,-9783768.475,5712,0.01,6867296304.25
4100,-8164817.85,5217,0.01,5081409320.25
4101,-8803221.299999999,5418,0.01,4580659934.0
4102,-3293163.35,3314,0.01,2825541235.25
4103,-2522838.25,2901,0.01,2455346408.25
4104,-10178723.125,5826,0.01,4247945289.546875
4105,-19339356.625,8030,0.01,7664100308.3125
4106,-5588113.1,4317,0.01,6266971443.6875
4107,-13680195.1,6754,0.01,9168428389.125
4108,-532015.6749999999,1333,0.01,1708107639.8125
4109,-12814774.6,6537,0.01,9834189944.0625
4110,-2844070.875,3080,0.01,4992217406.6875
4111,-2037358.6,2607,0.01,3151058706.0625
4112,-2215005.8000000003,2718,0.01,3282176939.6875
4113,-10685083.975,5969,0.01,4212253520.875
4114,-3937646.1,3624,0.01,3375939594.4375
4115,-8595629.85,5354,0.01,4435161472.71875
4116,-7860520.625,5120,0.01,4180116719.0
4117,-7315051.225,4939,0.01,4049502257.5625
4118,-5803232.6,4399,0.01,3714919700.1875
4119,-3075378.9250000003,3203,0.01,2157179602.5625
4120,-10910911.475,6032,0.01,4434457330.1875
4121,-10862062.424999999,6018,0.01,5525708570.71875
4122,-2277613.0,2756,0.01,3274151886.5625
4123,-3911456.85,3612,0.01,4313054769.84375
4124,-5339769.875,4220,0.01,4072275802.25
4125,-2181643.9250000003,2698,0.01,1446962475.765625
4126,-3680898.725,3504,0.01,2018717368.84375
4127,-2687739.6,2994,0.01,1712142148.9375
4128,-5900325.75,4436,0.01,1876937340.5625
4129,-5572735.125,4311,0.01,2442516702.21875
4130,-6764768.375,4750,0.01,3090754122.65625
4131,-7457477.85,4987,0.01,3513386235.0625
4132,-8278116.1,5254,0.01,3961314178.34375
4133,-6587394.475,4687,0.01,4004521697.03125
4134,-2390405.225,2824,0.01,2313091699.03125
4135,-4634937.975,3932,0.01,3225272650.4375
4136,-13450554.1,6697,0.01,4618931864.28125
4137,-1015392.5,1841,0.01,1979003455.6875
4138,-13393466.35,6682,0.01,8867424951.6875
4139,-1954012.3,2553,0.01,4077188478.4375
4140,-6248705.475,4564,0.01,5458766173.8125
4141,-2954237.6,3139,0.01,3566138572.671875
4142,-9235192.225,5549,0.01,2784464956.390625
4143,-8758010.1,5404,0.01,4462161959.5625
4144,-2879345.475,3099,0.01,2790461503.78125
4145,-11405576.475,6167,0.01,5918232160.40625
4146,-7191792.35,4897,0.01,5121314683.59375
4147,-8743949.875,5400,0.01,5169732408.90625
4148,-12374406.1,6424,0.01,5871052775.28125
4149,-3903132.9250000003,3608,0.01,4020189450.125
4150,-1113612.175,1928,0.01,2159921982.625
4151,-15425106.225,7172,0.01,7604264323.71875
4152,-3744607.725,3534,0.01,5219915487.9375
4153,-3423562.6,3379,0.01,4181644720.375
4154,-9317235.35,5574,0.01,5040680688.6875
4155,-7120938.3,4873,0.01,4184447058.0
4156,-5342197.5,4221,0.01,3846620558.59375
4157,-3182842.3000000003,3258,0.01,2480654658.96875
4158,-5333619.6,4217,0.01,2735219412.203125
4159,-7587169.25,5030,0.01,3306889252.734375
4160,-10365905.725,5879,0.01,4391445416.3125
4161,-7161472.475,4887,0.01,4214238119.8125
4162,-4000715.8000000003,3653,0.01,3355714819.3125
4163,-22591705.475,8679,0.01,8257087467.203125
4164,-7132680.1,4877,0.01,8807613445.9375
4165,-12024194.85,6332,0.01,11294886923.875
4166,-8180739.175,5223,0.01,5951167992.9375
4167,-6943643.1,4812,0.01,5576213040.6875
4168,-3716662.875,3521,0.01,3006232659.5
4169,-2589424.35,2939,0.01,2611613603.359375
4170,-2068693.35,2627,0.01,2159453339.25
4171,-2493457.35,2884,0.01,1373719942.09375
4172,-2595206.475,2942,0.01,1212543500.453125
4173,-2944541.35,3134,0.01,1208535193.796875
4174,-10918595.85,6034,0.01,2798997640.59375
4175,-3800568.875,3560,0.01,3304629439.15625
4176,-5744517.725,4377,0.01,4304154161.90625
4177,-8364566.875,5281,0.01,4033939811.421875
4178,-5259512.05,4188,0.01,3030997336.0
4179,-6084658.125,4505,0.01,3672012850.6875
4180,-4579109.8,3908,0.01,2870374906.671875
4181,-2676553.8000000003,2988,0.01,1970114159.15625
4182,-7976302.35,5157,0.01,3188042044.234375
4183,-5360203.55,4228,0.01,3220584978.875
4184,-4863877.8,4028,0.01,2905268712.125
4185,-1770914.625,2431,0.01,1773968334.265625
4186,-10577333.225,5939,0.01,3515941269.59375
4187,-4003073.475,3654,0.01,3419618813.71875
4188,-9739281.725,5699,0.01,4199494555.09375
4189,-4844837.85,4019,0.01,3496067950.0625
4190,-1380113.0,2146,0.01,1734288394.5
4191,-3162804.0500000003,3248,0.01,2178335429.1875
4192,-18778814.724999998,7912,0.01,6138935581.515625
4193,-871530.25,1706,0.01,2961533983.4375
4194,-10637216.25,5956,0.01,5877577670.40625
4195,-3605502.8000000003,3468,0.01,3567030610.9375
4196,-3581402.0,3456,0.01,2000640171.46875
4197,-3666916.475,3497,0.01,1373095518.234375
4198,-1854432.1,2487,0.01,936457540.609375
4199,-11764682.174999999,6263,0.01,3205924288.5625
4200,-16637845.1,7447,0.01,8202863036.75
4201,-5120198.35,4132,0.01,6198804486.84375
4202,-6318013.625,4590,0.01,6386379961.875
4203,-4081300.975,3689,0.01,3153019598.515625
4204,-12768234.85,6524,0.01,5643553397.71875
4205,-3619407.1,3474,0.01,4147136819.34375
4206,-2062575.175,2623,0.01,3070142624.9375
4207,-5500874.55,4283,0.01,5603794782.875
4208,-5856411.6,4419,0.01,2776445952.234375
4209,-5548177.0,4301,0.01,2929610612.234375
4210,-6196613.0,4546,0.01,2852657611.453125
4211,-473979.175,1258,0.01,907775378.34375
4212,-1751439.475,2417,0.01,1848037051.65625
4213,-4362637.225,3814,0.01,2547150861.890625
4214,-9329202.35,5577,0.01,3269016174.15625
4215,-4816777.55,4008,0.01,2944459223.46875
4216,-3721473.5500000003,3523,0.01,2192671335.140625
4217,-3301004.5500000003,3318,0.01,1832261672.84375
4218,-3348976.725,3342,0.01,1444268296.9375
4219,-4035318.0500000003,3668,0.01,1631930942.9375
4220,-1733153.975,2404,0.01,1025974487.734375
4221,-6224883.125,4556,0.01,2126512604.65625
4222,-9318704.1,5574,0.01,3645342272.125
4223,-4512173.475,3879,0.01,3117079965.09375
4224,-7593335.35,5032,0.01,4329503931.75
4225,-1940649.475,2544,0.01,2051308855.15625
4226,-11279335.975,6132,0.01,4444932333.921875
4227,-13905910.725,6809,0.01,6827806611.625
4228,-17361795.924999997,7608,0.01,10036632592.1875
4229,-8864109.35,5437,0.01,7922860575.46875
4230,-13076031.799999999,6603,0.01,9025379685.46875
4231,-8967145.674999999,5468,0.01,6986478227.1875
4232,-14531247.375,6960,0.01,8430752450.96875
4233,-5590807.675,4318,0.01,5595865629.75
4234,-12745657.975,6519,0.01,7545911135.6875
4235,-25052972.349999998,9139,0.01,11863877697.25
4236,-9509273.375,5631,0.01,9137762054.78125
4237,-21312534.349999998,8429,0.01,15425186710.40625
4238,-2848844.4250000003,3083,0.01,6393266537.0625
4239,-11483982.424999999,6188,0.01,12794125990.75
4240,-6749238.225,4744,0.01,5009488706.15625
4241,-3695934.0,3511,0.01,3029701664.625
4242,-10039504.625,5786,0.01,4236832921.890625
4243,-13033320.6,6592,0.01,5833830223.625
4244,-6503728.6,4657,0.01,5193718955.9375
4245,-9970967.375,5766,0.01,6446224830.96875
4246,-4729942.725,3972,0.01,3407225484.75
4247,-3718818.475,3522,0.01,2372467752.09375
4248,-3616874.9250000003,3473,0.01,2303218318.515625
4249,-8918587.674999999,5453,0.01,2498440747.53125
4250,-15717033.1,7239,0.01,5788614034.21875
4251,-2210633.75,2716,0.01,3783622636.25
4252,-9566630.424999999,5648,0.01,6867681542.5625
4253,-3210178.475,3272,0.01,3796011515.1875
4254,-9985736.375,5770,0.01,4418549155.90625
4255,-4199257.6,3742,0.01,3445537557.84375
4256,-14090128.6,6854,0.01,6070422926.03125
4257,-6038031.1,4487,0.01,4914222317.6875
4258,-6643583.725,4707,0.01,5106974604.125
4259,-7046777.35,4847,0.01,3707713763.171875
4260,-4946023.25,4061,0.01,2916315082.953125
4261,-8406217.35,5294,0.01,3919277601.40625
4262,-1464328.375,2210,0.01,1936976673.90625
4263,-5182288.475,4157,0.01,3293252780.21875
4264,-1937385.35,2542,0.01,1911498849.203125
4265,-14747481.975,7012,0.01,4942817723.59375
4266,-1945856.3,2548,0.01,3345655583.03125
4267,-3789257.75,3555,0.01,2681067543.0
4268,-4976743.85,4074,0.01,2516662999.671875
4269,-13107118.75,6611,0.01,3862888601.921875
4270,-9162591.225,5527,0.01,5009485793.75
4271,-5212479.975,4169,0.01,3516683907.9375
4272,-5593964.225,4319,0.01,3312989769.625
4273,-7492712.55,4998,0.01,3519864473.890625
4274,-10236497.6,5842,0.01,4434143486.15625
4275,-8338514.425,5273,0.01,4787488137.90625
4276,-10646924.424999999,5958,0.01,5359560725.96875
4277,-7979367.05,5158,0.01,4909774641.46875
4278,-6230642.175,4558,0.01,4670757039.9375
4279,-2593661.0,2941,0.01,2366681123.0625
4280,-5030754.75,4096,0.01,2822742280.65625
4281,-4210189.6,3747,0.01,2494043281.53125
4282,-5506883.5,4285,0.01,2355773216.65625
4283,-2745165.5,3026,0.01,1828174133.921875
4284,-2575593.25,2931,0.01,1670149037.0625
4285,-5011510.05,4088,0.01,2498308373.0625
4286,-9731535.75,5696,0.01,3258431618.46875
4287,-9661924.125,5676,0.01,4598931547.3125
4288,-8431517.225,5302,0.01,5132387407.75
4289,-7174972.0,4891,0.01,4822275447.96875
4290,-4449776.6,3852,0.01,3360462313.53125
4291,-16859044.474999998,7497,0.01,6668971256.75
4292,-15454538.799999999,7178,0.01,9112625614.40625
4293,-3984351.125,3645,0.01,6574810507.3125
4294,-3908563.125,3610,0.01,6258461161.75
4295,-11026414.799999999,6063,0.01,7683312870.75
4296,-13407807.75,6686,0.01,6296693509.875
4297,-9232628.799999999,5548,0.01,7269226333.125
4298,-16460386.549999999,7408,0.01,9221979455.3125
4299,-11045499.799999999,6068,0.01,8243531949.3125
4300,-6203162.3,4548,0.01,8039924561.65625
4301,-11637829.975,6229,0.01,7236576443.40625
4302,-5351476.35,4224,0.01,4931328632.0625
4303,-2857849.475,3087,0.01,3471598085.6875
4304,-6863784.85,4784,0.01,3973073123.78125
4305,-6003135.35,4474,0.01,2857224982.5
4306,-10207650.85,5834,0.01,4059337148.5
4307,-3581278.875,3456,0.01,2969882706.46875
4308,-14116686.25,6860,0.01,7157742449.25
4309,-13670624.125,6751,0.01,8174333484.5
4310,-8606568.225,5357,0.01,7589565239.40625
4311,-4528024.375,3886,0.01,5267280320.6875
4312,-5134881.3,4138,0.01,4241178290.84375
4313,-3340677.9250000003,3338,0.01,2858649792.15625
4314,-8358303.475,5279,0.01,3703081184.796875
4315,-1634540.125,2335,0.01,1898861477.0625
4316,-2473295.975,2872,0.01,2322421315.84375
4317,-3200357.975,3267,0.01,2597686777.28125
4318,-5239488.875,4180,0.01,1896472034.796875
4319,-7138514.85,4879,0.01,2273958730.421875
4320,-5391308.25,4240,0.01,2856452719.84375
4321,-3950806.875,3630,0.01,2388985707.40625
4322,-4444097.625,3850,0.01,2290669992.21875
4323,-3233585.35,3284,0.01,1949457611.125
4324,-4241591.375,3761,0.01,2041666368.4375
4325,-2323929.1,2784,0.01,1540128343.015625
4326,-3209780.725,3272,0.01,1534754551.59375
4327,-10129289.375,5811,0.01,3269252993.875
4328,-13772756.125,6776,0.01,6028651254.78125
4329,-23256294.124999996,8805,0.01,11713599698.8125
4330,-3802556.5,3561,0.01,6908567841.75
4331,-13029147.875,6591,0.01,15979541164.875
4332,-3642253.75,3485,0.01,5052978627.5625
4333,-34443462.625,10716,0.01,17209433591.78125
4334,-16690020.5,7460,0.01,11643514393.78125
4335,-6775536.8,4753,0.01,7510037349.0625
4336,-12704289.299999999,6508,0.01,6162705581.34375
4337,-16072930.375,7320,0.01,8850519097.09375
4338,-3546831.1,3439,0.01,5970324760.8125
4339,-11690539.924999999,6243,0.01,10579540805.875
4340,-2644899.875,2970,0.01,3498608311.90625
4341,-2609921.625,2950,0.01,3344919740.96875
4342,-22560880.099999998,8672,0.01,9688132457.203125
4343,-5725341.975,4369,0.01,8113855732.6875
4344,-13284958.5,6655,0.01,7804910760.5625
4345,-7569426.1,5024,0.01,6087143424.6875
4346,-4319020.875,3795,0.01,4588747823.65625
4347,-15679479.5,7230,0.01,7274606320.375
4348,-8048212.875,5180,0.01,7467301446.125
4349,-7431070.8,4978,0.01,6846584542.21875
4350,-13739211.174999999,6768,0.01,6326191712.65625
4351,-6102941.375,4511,0.01,5652979496.53125
4352,-2084689.725,2637,0.01,3333649026.0625
4353,-2972615.85,3149,0.01,4369810852.84375
4354,-6787202.35,4757,0.01,3652313431.796875
4355,-20676022.849999998,8302,0.01,7523466908.921875
4356,-17674706.999999996,7676,0.01,14358950675.9375
4357,-7100859.625,4866,0.01,8672093224.75
4358,-9876230.299999999,5738,0.01,6857867005.875
4359,-6687412.6,4722,0.01,5124901845.03125
4360,-8907682.125,5450,0.01,4884543040.0625
4361,-4484763.725,3867,0.01,3385587570.25
4362,-4038383.875,3670,0.01,2796246923.03125
4363,-1331209.3,2108,0.01,1686922584.484375
4364,-9902786.75,5746,0.01,3009415718.953125
4365,-8886265.674999999,5443,0.01,4830411109.5625
4366,-3174657.6,3254,0.01,2999026622.0625
4367,-18791015.124999996,7915,0.01,7820596744.53125
4368,-15763786.85,7249,0.01,10466615159.3125
4369,-2018515.625,2595,0.01,5615092381.875
4370,-2133675.6750000003,2668,0.01,4295805548.625
4371,-6573298.85,4682,0.01,7651541178.28125
4372,-5614701.725,4327,0.01,2940332974.015625
4373,-15743628.875,7245,0.01,5743897880.921875
4374,-6548511.8,4673,0.01,6339373885.1875
4375,-6418300.0,4626,0.01,7043255833.1875
4376,-8964289.35,5467,0.01,4933747640.28125
4377,-5318247.875,4211,0.01,3983674765.6875
4378,-2967890.5,3146,0.01,2678294772.375
4379,-3559755.125,3445,0.01,3096070562.1875
4380,-3559187.875,3445,0.01,2252260442.078125
4381,-6800368.35,4762,0.01,2568196821.609375
4382,-7242282.975,4914,0.01,3128424805.15625
4383,-11716720.75,6250,0.01,4969607119.59375
4384,-5187377.225,4159,0.01,4233003620.125
4385,-10487253.174999999,5913,0.01,6606041594.90625
4386,-4589697.1,3912,0.01,3897004558.84375
4387,-5516737.975,4289,0.01,4274242473.5
4388,-9429718.35,5607,0.01,4596786954.328125
4389,-10502206.85,5917,0.01,5455575794.09375
4390,-5286275.675,4198,0.01,4658716715.625
4391,-5090616.75,4120,0.01,3681314056.40625
4392,-11343261.75,6150,0.01,4766561522.953125
4393,-3119955.25,3226,0.01,3046389512.15625
4394,-15784368.1,7254,0.01,8046924238.5625
4395,-3192797.5500000003,3263,0.01,5105795998.3125
4396,-11713299.225,6249,0.01,9766151501.9375
4397,-6870186.125,4786,0.01,5348989256.6875
4398,-9283102.299999999,5563,0.01,6116108172.78125
4399,-5122786.675,4133,0.01,4031544411.96875
4400,-8527098.725,5332,0.01,5131488428.5625
4401,-4158871.1,3724,0.01,3242327881.625
4402,-5638640.0,4336,0.01,3546383439.515625
4403,-4428515.925,3843,0.01,2813659483.5
4404,-1938585.55,2543,0.01,1640831165.875
4405,-2463918.725,2867,0.01,1839563302.109375
4406,-7908853.5,5135,0.01,2684029934.53125
4407,-12109180.225,6354,0.01,4793163842.53125
4408,-4426039.85,3842,0.01,4110882584.28125
4409,-2530205.5,2905,0.01,3335683459.90625
4410,-12098519.75,6351,0.01,6576641524.421875
4411,-7675895.225,5059,0.01,5851401549.65625
4412,-13630076.75,6741,0.01,7547304129.125
4413,-30400366.849999998,10067,0.01,15046078556.65625
4414,-4868493.875,4030,0.01,7709055878.71875
4415,-14033021.0,6841,0.01,8527738330.84375
4416,-2981733.6,3154,0.01,3800032738.0
4417,-20093659.625,8185,0.01,8241631597.03125
4418,-6246249.975,4564,0.01,7368530950.3125
4419,-1170073.125,1976,0.01,3232673168.125
4420,-7128402.5,4875,0.01,5748033144.09375
4421,-7507902.55,5003,0.01,4087016599.84375
4422,-4078449.5500000003,3688,0.01,2746486188.40625
4423,-11547891.25,6205,0.01,4793868889.59375
4424,-11477807.0,6186,0.01,5977656303.53125
4425,-5130022.875,4136,0.01,4987530910.84375
4426,-6543498.625,4671,0.01,5131617830.15625
4427,-1004610.875,1831,0.01,1979032836.78125
4428,-9547917.475,5642,0.01,4647559065.46875
4429,-8314408.5,5265,0.01,5181639693.9375
4430,-7075024.225,4857,0.01,4038098896.09375
4431,-7094997.475,4864,0.01,4203863511.0625
4432,-5133239.85,4137,0.01,3306890894.8125
4433,-7183696.6,4894,0.01,4047122975.796875
4434,-10708617.0,5975,0.01,4650656160.796875
4435,-8191918.125,5226,0.01,4800884974.03125
4436,-3170884.85,3252,0.01,3180171989.84375
4437,-6897923.125,4796,0.01,3898548668.84375
4438,-2864856.375,3091,0.01,2225960299.03125
4439,-10841648.475,6012,0.01,3458592754.53125
4440,-4598916.375,3916,0.01,3843578214.25
4441,-9534344.674999999,5638,0.01,5551122073.0625
4442,-7073924.75,4856,0.01,4278263684.0
4443,-16747108.85,7472,0.01,7235767624.9375
4444,-7238448.8,4913,0.01,7745277199.25
4445,-14278941.0,6900,0.01,9018807446.9375
4446,-2668354.3000000003,2983,0.01,3931099373.375
4447,-4396432.225,3829,0.01,4684625372.25
4448,-14223922.875,6886,0.01,6420722026.78125
4449,-4593596.35,3914,0.01,4717859176.25
4450,-2502134.225,2889,0.01,3746368240.1875
4451,-3793558.85,3557,0.01,4974365995.9375
4452,-9409626.25,5601,0.01,3950611281.390625
4453,-2913010.225,3117,0.01,2522484794.34375
4454,-2013743.35,2592,0.01,2363209429.6875
4455,-15247948.375,7130,0.01,6720294256.859375
4456,-33294097.374999996,10535,0.01,17473495525.3125
4457,-3198380.625,3266,0.01,8492736130.5625
4458,-6179509.85,4539,0.01,17236373351.75
4459,-5989852.975,4469,0.01,8659607806.921875
4460,-6582181.5,4685,0.01,3212321415.984375
4461,-4105726.625,3700,0.01,2472308023.796875
4462,-16927403.974999998,7512,0.01,6466500553.75
4463,-7875744.725,5124,0.01,7351497830.875
4464,-3307009.75,3321,0.01,5508596863.4375
4465,-9462782.35,5617,0.01,6286380632.546875
4466,-5486581.35,4277,0.01,4252091990.96875
4467,-2150162.3000000003,2678,0.01,2286553971.03125
4468,-4603325.925,3918,0.01,3359195651.53125
4469,-10588979.35,5942,0.01,3906617451.78125
4470,-11487969.225,6189,0.01,5724963802.0625
4471,-2517967.1750000003,2898,0.01,3442267368.0625
4472,-2697199.85,2999,0.01,3717746175.90625
4473,-7148248.85,4882,0.01,5450141475.765625
4474,-7069467.625,4855,0.01,3485168418.546875
4475,-11012812.35,6059,0.01,4686365286.0
4476,-7175169.625,4891,0.01,5174554126.84375
4477,-9687676.549999999,5683,0.01,5931473022.46875
4478,-14769784.725,7017,0.01,6473405894.03125
4479,-3341431.5500000003,3338,0.01,5313270068.25
4480,-2257375.225,2744,0.01,3684976704.375
4481,-6568868.75,4680,0.01,6081371494.328125
4482,-1096813.675,1913,0.01,1349177809.109375
4483,-2008057.3,2588,0.01,1753842180.515625
4484,-4722635.925,3968,0.01,2849272673.84375
4485,-4957470.125,4066,0.01,2488780835.109375
4486,-15329017.725,7149,0.01,4681064544.0625
4487,-3964052.375,3636,0.01,4553121783.15625
4488,-38860800.599999994,11382,0.01,19533575617.75
4489,-22988472.974999998,8754,0.01,17435084740.28125
4490,-1196353.8,1998,0.01,6986220144.0
4491,-5252361.125,4185,0.01,12854366919.625
4492,-1782830.35,2439,0.01,7474024207.0
4493,-4226048.475,3754,0.01,4911185817.4375
4494,-5814083.55,4403,0.01,2891546096.734375
4495,-5454487.625,4265,0.01,2581143871.96875
4496,-5834929.125,4411,0.01,2808428318.296875
4497,-10578654.975,5939,0.01,4055385200.90625
4498,-4269230.675,3773,0.01,3662587922.40625
4499,-28170782.374999996,9691,0.01,12831502675.5625
4500,-23976894.624999996,8940,0.01,20343881153.71875
4501,-15993314.1,7302,0.01,12841553369.28125
4502,-22247564.099999998,8612,0.01,16102471768.40625
4503,-2596635.3000000003,2943,0.01,6542985486.5
4504,-5812873.05,4403,0.01,12387215856.875
4505,-12645031.674999999,6493,0.01,9218073065.5625
4506,-13426888.125,6691,0.01,7190200635.71875
4507,-9781844.125,5711,0.01,7511721850.0
4508,-7618560.75,5040,0.01,6340453464.28125
4509,-7147109.475,4882,0.01,5162440176.78125
4510,-3533846.3000000003,3433,0.01,2866355828.53125
4511,-4548994.125,3895,0.01,3239216833.53125
4512,-6873378.35,4787,0.01,3292973858.0
4513,-12396887.85,6429,0.01,4512949943.0
4514,-4256636.175,3768,0.01,4127657780.1875
4515,-11373848.049999999,6158,0.01,6203965372.53125
4516,-8816417.1,5422,0.01,5095331974.1875
4517,-19493384.374999996,8061,0.01,8306921526.0625
4518,-8713453.625,5390,0.01,7653934545.3125
4519,-5279281.625,4196,0.01,8176375937.875
4520,-5906574.175,4438,0.01,4261695021.5
4521,-5110305.8,4128,0.01,3488551077.0625
4522,-19332716.549999997,8028,0.01,7114472246.0625
4523,-4268934.425,3773,0.01,6042063966.0625
4524,-3095741.9250000003,3213,0.01,6296352388.5
4525,-11634818.674999999,6228,0.01,8406589648.6875
4526,-7209182.8,4903,0.01,5351856063.125
4527,-9676765.875,5680,0.01,6223586489.8125
4528,-7518580.1,5007,0.01,5078917528.1875
4529,-12189242.0,6375,0.01,6157829987.65625
4530,-6214873.725,4552,0.01,5056735738.15625
4531,-21662604.924999997,8498,0.01,9706599846.71875
4532,-7107401.05,4868,0.01,8196170193.125
4533,-27725390.474999998,9614,0.01,16434806510.40625
4534,-12900024.674999999,6558,0.01,17564390828.0625
4535,-18924116.299999997,7943,0.01,13241638234.296875
4536,-11635616.225,6229,0.01,8730902144.21875
4537,-10631947.85,5954,0.01,8824334810.84375
4538,-7470833.625,4991,0.01,5675715179.0625
4539,-9430320.225,5607,0.01,6029826639.5625
4540,-4333272.5,3801,0.01,3966828952.59375
4541,-51089013.24999999,13050,0.01,22558355160.09375
4542,-767067.0,1600,0.01,4792062151.125
4543,-24599706.999999996,9056,0.01,46542229861.125
4544,-12564691.85,6472,0.01,13230140959.78125
4545,-2875901.725,3097,0.01,9013273708.875
4546,-24039355.474999998,8952,0.01,15452648132.0625
4547,-9716823.35,5692,0.01,10956767761.90625
4548,-7051579.975,4849,0.01,11070269601.75
4549,-13030632.5,6591,0.01,6039507109.9375
4550,-26001127.999999996,9310,0.01,12758516112.09375
4551,-1512500.5,2246,0.01,5750183758.5
4552,-7396712.0,4966,0.01,10696235307.625
4553,-5724253.475,4369,0.01,7181737558.0
4554,-4911064.975,4047,0.01,2874715189.84375
4555,-8475473.625,5316,0.01,3482509149.421875
4556,-5134285.8,4138,0.01,2936524127.0625
4557,-11031478.75,6065,0.01,3980673395.546875
4558,-9156935.625,5526,0.01,4841157426.3125
4559,-6227203.6,4557,0.01,3816862709.78125
4560,-5498295.725,4282,0.01,2903128523.78125
4561,-18439273.749999996,7840,0.01,7011459130.21875
4562,-10332289.6,5869,0.01,8584269870.5625
4563,-7224278.175,4908,0.01,7943207374.15625
4564,-10265298.625,5850,0.01,5530057465.03125
4565,-5850802.85,4417,0.01,4608159909.875
4566,-11342610.975,6149,0.01,6327518111.21875
4567,-8204020.75,5230,0.01,5285830889.4375
4568,-12998144.299999999,6583,0.01,7317789195.1875
4569,-4134582.0500000003,3713,0.01,4747319786.1875
4570,-11319549.299999999,6143,0.01,8204760550.5
4571,-12458831.375,6445,0.01,6862821520.09375
4572,-1758650.85,2422,0.01,3110284127.875
4573,-11636622.225,6229,0.01,8039466655.9375
4574,-7327874.175,4943,0.01,5700977592.53125
4575,-3344651.75,3340,0.01,3129514880.4375
4576,-10845022.799999999,6013,0.01,4775488450.0625
4577,-2340593.475,2794,0.01,3010712344.90625
4578,-3140136.5,3236,0.01,3140191152.625
4579,-26631043.974999998,9422,0.01,11050356009.78125
4580,-4945575.875,4061,0.01,9477862821.4375
4581,-13339216.35,6669,0.01,16407936267.4375
4582,-4120945.475,3707,0.01,4465796659.21875
4583,-5331439.0,4216,0.01,5358729606.8125
4584,-2155054.875,2681,0.01,2587818087.15625
4585,-4683991.85,3952,0.01,1919553016.21875
4586,-7263005.625,4921,0.01,2607927815.671875
4587,-9358754.375,5586,0.01,3890875195.453125
4588,-19505848.224999998,8064,0.01,8200796464.59375
4589,-8848325.6,5432,0.01,8196697694.90625
4590,-39251867.974999994,11439,0.01,22582302667.65625
4591,-15324741.799999999,7148,0.01,21608992560.6875
4592,-12704097.799999999,6508,0.01,14266960152.1875
4593,-10540352.299999999,5928,0.01,8559052613.40625
4594,-13581645.975,6729,0.01,8244763983.65625
4595,-10845362.799999999,6013,0.01,8024261449.15625
4596,-2801872.225,3057,0.01,4587822139.875
4597,-1560666.1,2282,0.01,2843811863.34375
4598,-3684402.125,3505,0.01,4438685020.28125
4599,-3725672.875,3525,0.01,2092081673.453125
4600,-4567748.3,3903,0.01,1843186475.28125
4601,-6568961.25,4680,0.01,2233214543.453125
4602,-7209368.3,4903,0.01,3151345712.890625
4603,-8020196.25,5171,0.01,3831472248.5
4604,-3534185.6750000003,3433,0.01,2676558941.46875
4605,-1535088.175,2263,0.01,2025262929.4375
4606,-9453805.225,5614,0.01,4069693112.09375
4607,-5845983.125,4415,0.01,3746024451.6875
4608,-8324924.35,5269,0.01,4024624693.8125
4609,-7224714.925,4908,0.01,3772434229.15625
4610,-4610447.25,3921,0.01,2932009347.5625
4611,-5222700.925,4173,0.01,2999853386.5625
4612,-7740437.875,5080,0.01,3494721834.265625
4613,-11697738.875,6245,0.01,4913452894.984375
4614,-9718006.6,5692,0.01,6083577802.28125
4615,-4686864.55,3953,0.01,4689444839.09375
4616,-10698104.475,5972,0.01,5977502757.0
4617,-8450515.799999999,5308,0.01,5054857771.3125
4618,-29375886.249999996,9896,0.01,13311233590.375
4619,-6337485.725,4597,0.01,11084991307.125
4620,-10234343.75,5841,0.01,16210627925.34375
4621,-1274274.475,2062,0.01,2475668000.90625
4622,-4214262.1,3749,0.01,3765997495.375
4623,-5593380.6,4319,0.01,4142416676.234375
4624,-5217238.5,4171,0.01,1997078098.875
4625,-4226188.85,3754,0.01,2250109296.46875
4626,-15581156.85,7207,0.01,5059370607.09375
4627,-9192001.375,5536,0.01,6562360027.5625
4628,-6498750.25,4655,0.01,6059468702.875
4629,-6390413.5,4616,0.01,4404993056.03125
4630,-9047585.1,5492,0.01,4435228259.046875
4631,-3884374.6,3599,0.01,3022845499.859375
4632,-3537681.75,3435,0.01,2883709793.40625
4633,-17094292.849999998,7549,0.01,6715188580.46875
4634,-4329998.75,3800,0.01,5678214570.625
4635,-2631935.8000000003,2963,0.01,4958605456.9375
4636,-2980434.9250000003,3153,0.01,6048055672.171875
4637,-6912376.625,4801,0.01,3189063159.265625
4638,-7567757.05,5023,0.01,3549033464.71875
4639,-10317229.0,5865,0.01,4702569713.90625
4640,-24569045.249999996,9050,0.01,10303579159.90625
4641,-16208101.5,7351,0.01,11474231999.15625
4642,-15313019.75,7145,0.01,11303921679.875
4643,-21070702.124999996,8381,0.01,12490915688.3125
4644,-7629989.35,5044,0.01,9630404580.6875
4645,-10338897.5,5871,0.01,11433000436.8125
4646,-6121331.925,4518,0.01,5127730203.03125
4647,-14518440.475,6957,0.01,7266134597.84375
4648,-6749745.85,4744,0.01,6247357666.3125
4649,-7336338.625,4946,0.01,6814644351.5625
4650,-7813761.1,5104,0.01,4608439649.5
4651,-15928850.1,7287,0.01,6585610670.53125
4652,-9183002.549999999,5533,0.01,6917773247.375
4653,-38427709.55,11318,0.01,20394733686.8125
4654,-21913563.099999998,8547,0.01,21609840124.6875
4655,-17728096.049999997,7688,0.01,12476158814.78125
4656,-7316128.6,4939,0.01,8180741912.25
4657,-9677267.25,5680,0.01,9731748710.375
4658,-8643131.174999999,5368,0.01,5767598331.46875
4659,-3301376.3000000003,3318,0.01,3491071832.46875
4660,-5239395.375,4180,0.01,4181404258.875
4661,-7159852.375,4886,0.01,3798596825.46875
4662,-5446298.475,4262,0.01,2907954031.328125
4663,-8234069.0,5240,0.01,4043723723.6875
4664,-5115548.25,4130,0.01,2959388366.1875
4665,-18456531.849999998,7844,0.01,6536805436.875
4666,-14898519.299999999,7048,0.01,8654211542.46875
4667,-10606103.35,5947,0.01,8866251877.84375
4668,-16859460.474999998,7497,0.01,9382677864.53125
4669,-11388831.975,6162,0.01,8373444294.46875
4670,-10003984.5,5775,0.01,9190819376.875
4671,-4661167.35,3942,0.01,5605536201.6875
4672,-2209338.625,2715,0.01,3157933797.03125
4673,-11934832.549999999,6308,0.01,5672211286.5
4674,-12263059.85,6394,0.01,6604444576.34375
4675,-8645556.975,5369,0.01,6466708105.5625
4676,-7058090.0,4851,0.01,6078754581.09375
4677,-4350894.85,3809,0.01,3695631533.40625
4678,-4724172.6,3969,0.01,3689986878.203125
4679,-11999862.5,6325,0.01,4961214796.828125
4680,-2636939.0,2966,0.01,2981711990.625
4681,-2663333.125,2980,0.01,3465329260.8125
4682,-3519345.375,3426,0.01,4324066498.375
4683,-6670138.0,4716,0.01,2540346644.5
4684,-22831647.599999998,8724,0.01,8206083931.796875
4685,-3253982.6,3294,0.01,6019876473.4375
4686,-14853213.225,7037,0.01,16487500948.0625
4687,-23519463.999999996,8855,0.01,12516382478.125
4688,-10023135.875,5781,0.01,10346235021.5625
4689,-32275917.924999997,10373,0.01,21000854447.90625
4690,-4909549.5,4046,0.01,12182806810.4375
4691,-8749537.0,5401,0.01,20260427297.3125
4692,-2153743.875,2680,0.01,3050871475.9375
4693,-5524854.1,4292,0.01,3383980083.015625
4694,-11616312.674999999,6223,0.01,4545510012.734375
4695,-5393784.625,4241,0.01,4408141727.21875
4696,-8749287.375,5401,0.01,5801036957.8125
4697,-10480287.0,5911,0.01,5526913287.84375
4698,-5837982.6,4412,0.01,4468289435.03125
4699,-6576503.3,4683,0.01,4913064543.6875
4700,-7468003.5,4990,0.01,4031631699.53125
4701,-7585277.225,5029,0.01,3915550471.078125
4702,-12907630.75,6560,0.01,5586427288.15625
4703,-17256263.124999996,7585,0.01,8701240719.59375
4704,-2059371.875,2621,0.01,5242366200.9375
4705,-3048733.725,3189,0.01,5829054145.4375
4706,-10657528.5,5961,0.01,7636801441.84375
4707,-22814390.249999996,8721,0.01,9836357030.71875
4708,-17388462.724999998,7614,0.01,13815971326.53125
4709,-31195986.924999997,10198,0.01,18049073648.125
4710,-878048.1,1712,0.01,4492645474.0
4711,-5779130.75,4390,0.01,7125526047.75
4712,-4204084.6,3744,0.01,6346236169.5
4713,-5159830.8,4148,0.01,2181006058.28125
4714,-11915235.924999999,6303,0.01,3636569750.0
4715,-20644705.999999996,8296,0.01,8934131518.5
4716,-2668079.8000000003,2983,0.01,5544106121.1875
4717,-4151111.875,3721,0.01,7499721109.375
4718,-12140386.35,6362,0.01,8632263234.828125
4719,-10191425.225,5829,0.01,5870299765.59375
4720,-17728898.799999997,7688,0.01,8944364563.28125
4721,-5243153.75,4181,0.01,6886177685.0625
4722,-2945548.1,3134,0.01,6082932424.0625
4723,-4896933.625,4041,0.01,6362811039.078125
4724,-14094429.875,6855,0.01,4963877145.421875
4725,-13690372.125,6756,0.01,7421642606.25
4726,-23155205.499999996,8786,0.01,13026700553.09375
4727,-9154735.0,5525,0.01,10218727068.0625
4728,-9785993.975,5712,0.01,11213415978.34375
4729,-5031661.25,4096,0.01,4746040281.09375
4730,-7399534.1,4967,0.01,4878365169.0625
4731,-71665631.0,15456,0.01,29389982877.65625
4732,-23099593.75,8776,0.01,30059781420.71875
4733,-10933498.924999999,6038,0.01,14705199485.0
4734,-2908187.35,3114,0.01,4562684230.625
4735,-13167917.875,6626,0.01,8921649744.03125
4736,-4734209.925,3973,0.01,5546045820.6875
4737,-5326047.6,4214,0.01,4377125603.1875
4738,-11226733.799999999,6118,0.01,4958566310.0625
4739,-8219311.375,5235,0.01,4648720537.625
4740,-1418001.75,2175,0.01,1992369921.25
4741,-6825206.375,4771,0.01,4509351357.75
4742,-4575611.25,3906,0.01,2959684699.75
4743,-5483721.875,4276,0.01,2483372528.3125
4744,-21757968.349999998,8517,0.01,7303549427.75
4745,-10704189.225,5974,0.01,9242171443.125
4746,-3146651.35,3239,0.01,6049488611.625
4747,-18061493.0,7760,0.01,8808892401.4375
4748,-13412312.725,6687,0.01,8341349109.78125
4749,-26957316.874999996,9480,0.01,14832326901.40625
4750,-4424095.375,3841,0.01,9530631651.375
4751,-7265591.85,4922,0.01,15033856874.625
4752,-16191737.1,7347,0.01,8109481583.640625
4753,-11537999.85,6202,0.01,7853323835.75
4754,-17189683.499999996,7570,0.01,10896545284.71875
4755,-6695700.25,4725,0.01,8177578057.1875
4756,-2017083.35,2594,0.01,4862606681.4375
4757,-3212885.4250000003,3273,0.01,6281228026.5625
4758,-7813593.975,5104,0.01,4118281061.15625
4759,-11512772.5,6196,0.01,4866256941.21875
4760,-11757308.0,6261,0.01,6699729239.375
4761,-10989802.799999999,6053,0.01,7552556829.875
4762,-5146289.8,4143,0.01,5498213798.625
4763,-4956098.375,4066,0.01,3768850946.3125
4764,-8900062.674999999,5448,0.01,4431604469.46875
4765,-13126883.375,6616,0.01,5797449234.6875
4766,-30837071.599999998,10139,0.01,14258148104.875
4767,-17139556.599999998,7559,0.01,14864666607.5
4768,-11381897.25,6160,0.01,11851027137.0625
4769,-12621755.35,6487,0.01,9635103387.40625
4770,-4399225.5,3830,0.01,5245823241.6875
4771,-7571053.85,5024,0.01,6095988810.59375
4772,-6990492.55,4828,0.01,4236561639.265625
4773,-6048979.375,4491,0.01,3512605269.53125
4774,-11095483.6,6082,0.01,4880475572.140625
4775,-10815878.125,6005,0.01,5773467136.1875
4776,-17689605.974999998,7679,0.01,8424597382.0
4777,-26347607.349999998,9372,0.01,14265301112.125
4778,-7252080.6,4917,0.01,10854428063.25
4779,-9292699.75,5566,0.01,14654840200.90625
4780,-4643401.375,3935,0.01,3917184962.1875
4781,-3219928.1,3277,0.01,3511655459.65625
4782,-7271293.35,4924,0.01,4022994119.609375
4783,-6610904.25,4695,0.01,3297504644.59375
4784,-36549127.3,11038,0.01,15154131403.140625
4785,-28748487.249999996,9790,0.01,19316956656.125
4786,-7971596.125,5156,0.01,10615288681.6875
4787,-2324332.0,2785,0.01,8780815125.0
4788,-7112109.375,4870,0.01,7532025477.6875
4789,-3878871.6,3597,0.01,2727180239.9375
4790,-7357796.3,4953,0.01,3247056033.6875
4791,-3126517.975,3229,0.01,2186187404.75
4792,-4940085.975,4059,0.01,2367926080.109375
4793,-11379971.75,6160,0.01,3730799760.234375
4794,-5129564.75,4136,0.01,3690205847.65625
4795,-13145506.625,6620,0.01,5243038545.03125
4796,-4750295.25,3980,0.01,4050193365.8125
4797,-10329992.6,5869,0.01,4287147894.390625
4798,-9610077.375,5661,0.01,4824659751.3125
4799,-8828590.5,5426,0.01,4792266047.0625
4800,-8285377.875,5256,0.01,5245592748.4375
4801,-4682917.35,3952,0.01,3516480269.875
4802,-14122963.225,6862,0.01,6596790423.28125
4803,-3094578.1750000003,3213,0.01,3906074520.6875
4804,-14423777.25,6935,0.01,7513486080.375
4805,-12086016.424999999,6348,0.01,7268405952.125
4806,-4873794.1,4032,0.01,4827362668.90625
4807,-29437269.1,9907,0.01,12877468815.59375
4808,-10792243.975,5999,0.01,9668518663.09375
4809,-16792406.05,7483,0.01,15116159695.28125
4810,-2875320.225,3097,0.01,4857559873.75
4811,-3175768.375,3255,0.01,4383189899.0
4812,-4562467.125,3901,0.01,4409936172.546875
4813,-574254.875,1385,0.01,680112397.03125
4814,-5660901.25,4345,0.01,1951887928.125
4815,-4217056.5,3750,0.01,2052396635.90625
4816,-14265019.5,6896,0.01,4339274819.78125
4817,-5136949.85,4139,0.01,4702024512.1875
4818,-10626366.85,5952,0.01,6852209716.65625
4819,-8200176.1,5229,0.01,4794521760.0625
4820,-9489859.25,5625,0.01,6095435574.96875
4821,-8774627.475,5409,0.01,5508410516.15625
4822,-11740030.0,6256,0.01,5944644305.5
4823,-6735711.6,4739,0.01,5237882532.15625
4824,-7815469.125,5105,0.01,5615606138.84375
4825,-7524862.35,5009,0.01,4095517625.078125
4826,-10183317.85,5827,0.01,5200925420.1875
4827,-1392851.25,2156,0.01,2132972622.03125
4828,-15772673.85,7252,0.01,8425734163.3125
4829,-4148798.75,3720,0.01,5428297398.5625
4830,-696541.625,1525,0.01,2020822435.4375
4831,-5041140.25,4100,0.01,4570256301.34375
4832,-7374701.225,4959,0.01,2856339373.90625
4833,-4971205.85,4072,0.01,2687690636.6875
4834,-11384163.25,6161,0.01,4570366634.59375
4835,-1298727.6,2082,0.01,1866711986.34375
4836,-11436253.125,6175,0.01,5571246406.34375
4837,-2184823.0,2700,0.01,3299590196.125
4838,-3071865.375,3201,0.01,2749141997.40625
4839,-8104148.8,5198,0.01,3441619000.4375
4840,-4785142.25,3995,0.01,2441499074.3125
4841,-9640851.625,5670,0.01,3981537670.703125
4842,-1859969.375,2491,0.01,2094483848.09375
4843,-1520861.475,2252,0.01,1792987460.40625
4844,-4109527.85,3702,0.01,2018725492.859375
4845,-6314434.8,4588,0.01,2231641166.3125
4846,-14709671.799999999,7003,0.01,4762400195.21875
4847,-13838138.174999999,6793,0.01,7124386816.75
4848,-22235998.249999996,8610,0.01,11137517417.40625
4849,-8429770.725,5302,0.01,8465952912.125
4850,-3678806.1750000003,3503,0.01,8308605680.875
4851,-5686915.375,4355,0.01,4710646611.375
4852,-14138003.125,6866,0.01,5211558228.015625
4853,-6110167.475,4514,0.01,5141369220.8125
4854,-6630960.35,4702,0.01,4160548722.625
4855,-5891962.35,4432,0.01,2891041056.859375
4856,-3858371.225,3587,0.01,2306405515.875
4857,-3346629.125,3341,0.01,1929660813.140625
4858,-9056130.375,5495,0.01,2931520256.0
4859,-11808649.125,6275,0.01,4940592264.0
4860,-7725506.5,5076,0.01,5125643197.625
4861,-2530880.125,2906,0.01,2276236376.09375
4862,-9272104.75,5560,0.01,4728720142.40625
4863,-3255332.75,3295,0.01,2882635622.53125
4864,-11324802.5,6145,0.01,5352397458.3125
4865,-993385.25,1821,0.01,1968265060.0
4866,-2006187.975,2587,0.01,2942156793.96875
4867,-3855540.625,3586,0.01,3410092664.40625
4868,-1888498.875,2510,0.01,1793825302.125
4869,-7882721.975,5127,0.01,1891003952.640625
4870,-8118254.55,5203,0.01,3503272171.53125
4871,-5565152.425,4308,0.01,2909976662.65625
4872,-8986144.975,5474,0.01,4243235229.0625
4873,-10070823.625,5795,0.01,4566993421.8125
4874,-22040110.724999998,8572,0.01,9064960313.28125
4875,-7050653.975,4849,0.01,7968118638.5625
4876,-1758024.35,2422,0.01,2270053735.15625
4877,-6304046.25,4585,0.01,3544083318.0625
4878,-3172644.4250000003,3253,0.01,2701507156.25
4879,-12642245.1,6492,0.01,4330012628.171875
4880,-18754889.55,7908,0.01,8542955960.9375
4881,-5301599.75,4205,0.01,6642155238.1875
4882,-10305595.1,5862,0.01,10373548359.625
4883,-7548358.35,5017,0.01,4416999374.25
4884,-47397482.62499999,12570,0.01,20553693652.21875
4885,-5771530.975,4387,0.01,9677569867.375
4886,-6521016.425,4663,0.01,7731601550.4375
4887,-2663458.25,2981,0.01,3788652876.375
4888,-8351859.85,5277,0.01,3964320626.015625
4889,-9327448.225,5577,0.01,4246500702.71875
4890,-21230140.674999997,8413,0.01,8318721987.96875
4891,-5319172.725,4212,0.01,7161240396.46875
4892,-7500044.625,5001,0.01,9462105203.5
4893,-3166287.625,3250,0.01,2817761810.90625
4894,-5201692.125,4165,0.01,3182346786.78125
4895,-6331567.125,4595,0.01,3216277894.984375
4896,-1903632.0,2520,0.01,1549351867.96875
4897,-17587250.474999998,7657,0.01,6840368590.75
4898,-2226378.125,2725,0.01,4528902689.8125
4899,-871864.75,1706,0.01,2900160817.8125
4900,-4523256.85,3884,0.01,7117566104.1875
4901,-4928909.35,4054,0.01,3758197214.1875
4902,-6698537.0,4726,0.01,2550244470.53125
4903,-4020223.85,3662,0.01,2306806924.03125
4904,-780940.75,1615,0.01,1071964796.1875
4905,-2895584.0500000003,3108,0.01,1810001310.875
4906,-4761952.375,3985,0.01,1824179883.578125
4907,-2528322.1,2904,0.01,1371414832.953125
4908,-6853275.75,4781,0.01,1830545047.078125
4909,-3478194.75,3406,0.01,1879049700.890625
4910,-3416848.75,3376,0.01,1867695549.875
4911,-25847983.05,9283,0.01,8952884175.40625
4912,-11412884.975,6169,0.01,9639965905.28125
4913,-4151311.875,3721,0.01,9529227403.5625
4914,-16764380.25,7476,0.01,8728983247.625
4915,-6483844.875,4650,0.01,6126097884.125
4916,-4743540.975,3977,0.01,5662784358.4375
4917,-26548487.3,9408,0.01,10620402596.890625
4918,-7438105.375,4980,0.01,9158798381.96875
4919,-12476814.25,6450,0.01,13153825285.84375
4920,-4543915.925,3893,0.01,3959951015.0
4921,-4238255.875,3760,0.01,3635726123.28125
4922,-3069848.875,3200,0.01,2733100746.734375
4923,-8065351.125,5186,0.01,2665117600.0
4924,-16996784.675,7528,0.01,5914990267.96875
4925,-7752635.975,5084,0.01,6755901005.84375
4926,-2715761.5,3010,0.01,4755295168.0
4927,-3349669.1750000003,3343,0.01,3855220308.046875
4928,-4275035.625,3776,0.01,2383675074.109375
4929,-4819474.225,4009,0.01,1780660010.515625
4930,-15488973.875,7186,0.01,4926778745.921875
4931,-4500437.225,3874,0.01,5114697106.875
4932,-13511798.475,6712,0.01,8928153140.625
4933,-34682824.675000004,10753,0.01,16545440428.03125
4934,-13908073.5,6810,0.01,12501459930.5625
4935,-13330883.975,6667,0.01,15967239107.125
4936,-6539065.25,4670,0.01,6360049380.1875
4937,-12799482.174999999,6533,0.01,7482307978.75
4938,-14275902.475,6899,0.01,7866884090.375
4939,-14117307.875,6861,0.01,8896917563.125
4940,-33880242.425000004,10628,0.01,17014172978.84375
4941,-25653153.3,9248,0.01,22481659494.125
4942,-7979433.675,5158,0.01,11257940308.9375
4943,-12512349.35,6459,0.01,13116344296.0625
4944,-5349576.85,4224,0.01,5271594552.71875
4945,-3003189.0,3165,0.01,3892578467.40625
4946,-3054537.725,3192,0.01,3038915441.5625
4947,-9658406.375,5675,0.01,3030599649.734375
4948,-10191451.35,5829,0.01,4729342734.25
4949,-30504273.349999998,10084,0.01,12796298237.75
4950,-6845836.8,4778,0.01,8765197585.1875
4951,-1224452.75,2021,0.01,7403919722.25
4952,-3629705.725,3479,0.01,10550422904.40625
4953,-3155940.85,3244,0.01,3217706268.984375
4954,-4192588.975,3739,0.01,2380507547.046875
4955,-11034111.125,6065,0.01,3465689327.671875
4956,-2954263.475,3139,0.01,3068334143.6875
4957,-14921207.674999999,7053,0.01,8244253272.1875
4958,-8443905.25,5306,0.01,6801928833.125
4959,-5190652.125,4160,0.01,6439267118.3125
4960,-5288127.1,4199,0.01,3863242834.65625
4961,-9893447.799999999,5743,0.01,4171255923.8125
4962,-8834530.1,5427,0.01,4529006398.5
4963,-8675386.549999999,5378,0.01,5170028506.40625
4964,-32627555.849999998,10429,0.01,14641446464.21875
4965,-1211728.875,2011,0.01,5348948567.5
4966,-15422178.25,7171,0.01,21002081452.625
4967,-5244440.225,4182,0.01,6447582534.0625
4968,-13772408.0,6776,0.01,5375103667.765625
4969,-4561874.125,3900,0.01,4837662464.03125
4970,-12506032.475,6457,0.01,8512141991.75
4971,-20018763.724999998,8169,0.01,10568969909.625
4972,-6164590.6,4534,0.01,7797877123.59375
4973,-7007332.8,4833,0.01,10236757996.5
4974,-9548033.475,5642,0.01,5362407582.453125
4975,-14045960.424999999,6843,0.01,6548326513.15625
4976,-11040359.85,6067,0.01,7660135179.25
4977,-7840136.175,5113,0.01,6372093649.5625
4978,-5192006.375,4161,0.01,3986894775.25
4979,-6198694.25,4546,0.01,3841693442.15625
4980,-7903380.05,5133,0.01,4538831043.921875
4981,-20466128.499999996,8260,0.01,7809693630.96875
4982,-1812403.975,2459,0.01,4821207319.6875
4983,-11380937.5,6160,0.01,13801341437.25
4984,-8876068.375,5440,0.01,7822989598.0
4985,-17132654.425,7558,0.01,8279036063.9375
4986,-20293374.749999996,8225,0.01,12057876753.1875
4987,-12189726.375,6375,0.01,9742226796.5
4988,-8920537.975,5454,0.01,9411788574.625
4989,-5093158.25,4121,0.01,5112344638.90625
4990,-6547110.1,4672,0.01,3774964410.640625
4991,-4087099.35,3692,0.01,2594719766.046875
4992,-9334551.225,5579,0.01,3942967494.703125
4993,-6081945.05,4503,0.01,3966336648.375
4994,-7089824.6,4862,0.01,3956470181.5
4995,-5589287.975,4317,0.01,3345437725.03125
4996,-7241994.6,4914,0.01,3862972074.65625
4997,-10895674.225,6027,0.01,4727192875.046875
4998,-1571826.25,2290,0.01,2336460436.96875
4999,-5338532.6,4219,0.01,5044515638.28125
5000,-5635582.625,4335,0.01,4905834120.015625
5001,-6208190.75,4550,0.01,2962342162.796875
5002,-9236298.875,5550,0.01,4205416033.9375
5003,-6109893.725,4514,0.01,3399206957.21875
5004,-8982783.674999999,5473,0.01,4156089143.875
5005,-14049578.725,6844,0.01,5636179338.125
5006,-7820962.35,5107,0.01,5809707408.34375
5007,-10189918.725,5829,0.01,5798130506.96875
5008,-3879344.6,3597,0.01,3691182992.96875
5009,-2617410.875,2955,0.01,2747240474.1875
5010,-4400592.875,3831,0.01,3240972191.21875
5011,-4133725.6750000003,3713,0.01,1905230019.8125
5012,-5374194.35,4234,0.01,2154484192.46875
5013,-13423411.5,6690,0.01,4452560790.625
5014,-14433349.725,6937,0.01,7426419856.8125
5015,-13877110.85,6802,0.01,8945850011.40625
5016,-7050330.85,4849,0.01,6572839752.625
5017,-2157939.5500000003,2683,0.01,2231177387.0
5018,-10365395.6,5879,0.01,4294104559.375
5019,-3024237.75,3176,0.01,3080990123.5
5020,-3079518.125,3205,0.01,2906865954.21875
5021,-4816179.05,4008,0.01,3647972227.984375
5022,-1966115.5,2561,0.01,1400352775.296875
5023,-1397973.125,2160,0.01,1101711560.03125
5024,-5818647.625,4405,0.01,2323277810.6875
5025,-4163142.75,3726,0.01,2318383590.796875
5026,-1433249.1,2187,0.01,1343636678.390625
5027,-3630431.5,3480,0.01,2136447307.703125
5028,-4061312.75,3680,0.01,1815427572.390625
5029,-14887848.75,7046,0.01,4144127747.75
5030,-9334311.475,5579,0.01,6332395612.25
5031,-20283959.1,8224,0.01,9766069901.875
5032,-2899081.625,3110,0.01,5799246324.5625
5033,-4921283.5,4051,0.01,8323531541.375
5034,-6663870.6,4714,0.01,6392555854.828125
5035,-4954408.0,4065,0.01,2622272616.609375
5036,-4456297.75,3855,0.01,2676869370.09375
5037,-11801649.924999999,6273,0.01,4439104941.0
5038,-5710625.225,4364,0.01,4359516436.53125
5039,-8591127.85,5352,0.01,5510600507.40625
5040,-2988016.35,3157,0.01,2439584412.21875
5041,-1070536.75,1890,0.01,1764101682.875
5042,-2563751.85,2924,0.01,2570457154.1875
5043,-9063080.6,5497,0.01,3331152276.671875
5044,-8199173.725,5229,0.01,4258677714.0625
5045,-11646122.85,6232,0.01,5151473151.4375
5046,-15621001.975,7217,0.01,7132537372.90625
5047,-2500288.1750000003,2888,0.01,4794778419.3125
5048,-10941061.125,6040,0.01,7837802499.75
5049,-9190782.75,5536,0.01,6034033947.96875
5050,-4087008.6,3692,0.01,3340603787.1875
5051,-10781002.375,5996,0.01,5170580937.21875
5052,-12882166.725,6554,0.01,5653010187.25
5053,-10351335.875,5875,0.01,6993807023.25
5054,-12468368.049999999,6448,0.01,7555636579.65625
5055,-869707.475,1704,0.01,2387396842.0
5056,-4527217.75,3886,0.01,4856802760.8125
5057,-1613083.25,2320,0.01,2639703539.78125
5058,-8417247.924999999,5298,0.01,3786755204.7265625
5059,-7647243.375,5050,0.01,3747290650.09375
5060,-14723576.975,7007,0.01,5417762630.4375
5061,-14612397.0,6980,0.01,7565648791.40625
5062,-9111885.475,5512,0.01,7242402277.25
5063,-2726686.875,3016,0.01,4490377436.5
5064,-41872067.125,11815,0.01,19882972466.125
5065,-3425135.5,3380,0.01,7369227371.3125
5066,-4645995.875,3936,0.01,19830828537.375
5067,-6513422.25,4661,0.01,11980257195.234375
5068,-2177523.375,2695,0.01,2195941298.4375
5069,-4409627.25,3835,0.01,2235913770.171875
5070,-6010142.975,4477,0.01,2667862625.796875
5071,-12346240.125,6416,0.01,4231941888.28125
5072,-21663813.725,8499,0.01,8748633280.53125
5073,-14555757.225,6967,0.01,10515962010.21875
5074,-10090712.125,5800,0.01,9851387268.4375
5075,-9177589.725,5532,0.01,7015591234.125
5076,-3156394.625,3245,0.01,3157555251.03125
5077,-2178487.375,2696,0.01,2487668884.53125
5078,-11692490.225,6244,0.01,5178163244.515625
5079,-9078046.475,5502,0.01,5306897222.25
5080,-4533815.8,3888,0.01,3827351484.8125
5081,-24823227.474999998,9097,0.01,8794380761.9375
5082,-7550957.675,5018,0.01,8033846896.5
5083,-13385847.125,6681,0.01,13488828342.21875
5084,-19076563.624999996,7975,0.01,10222566824.28125
5085,-12756242.1,6522,0.01,9253052159.375
5086,-8152983.35,5214,0.01,7738695598.5
5087,-18867079.874999996,7931,0.01,8810509456.8125
5088,-9867464.125,5736,0.01,8278570890.625
5089,-2442721.5,2855,0.01,5521428462.0625
5090,-20991700.75,8366,0.01,10859014392.21875
5091,-1670572.75,2361,0.01,4590503845.625
5092,-15678631.625,7230,0.01,15397331047.875
5093,-21411639.974999998,8449,0.01,12182075843.3125
5094,-16027566.75,7310,0.01,12116284318.65625
5095,-1794735.225,2447,0.01,5792307803.75
5096,-6004249.125,4475,0.01,5592324748.15625
5097,-14965740.85,7064,0.01,6985889119.71875
5098,-12529173.049999999,6463,0.01,6848124991.5625
5099,-14538905.35,6962,0.01,8871169435.71875
5100,-18158916.625,7781,0.01,10540754910.78125
5101,-10368853.5,5880,0.01,8697599711.4375
5102,-3482173.1750000003,3408,0.01,5864550798.875
5103,-28478866.85,9744,0.01,12551588981.5625
5104,-19372198.6,8037,0.01,12069854319.71875
5105,-3483660.975,3409,0.01,6532437025.25
5106,-5663591.875,4346,0.01,7170864956.1875
5107,-3284764.375,3310,0.01,3848993832.84375
5108,-9293539.35,5567,0.01,2623316467.578125
5109,-7577687.6,5027,0.01,3768045150.3125
5110,-4559486.725,3899,0.01,3273621431.28125
5111,-5846085.125,4415,0.01,3107378139.375
5112,-4964148.475,4069,0.01,2507344205.046875
5113,-12895528.225,6557,0.01,4474991808.0625
5114,-6814322.975,4767,0.01,5175018743.21875
5115,-6546098.475,4672,0.01,4903869276.46875
5116,-2909774.0,3115,0.01,2174626616.453125
5117,-7369736.35,4957,0.01,3101166335.890625
5118,-4780859.55,3993,0.01,2758441117.71875
5119,-19918358.724999998,8149,0.01,6690389141.78125
5120,-9225845.225,5547,0.01,7565218730.25
5121,-4153373.35,3722,0.01,3820402511.78125
5122,-4598998.875,3916,0.01,3426293976.125
5123,-3518523.25,3426,0.01,2694328428.359375
5124,-5908825.35,4439,0.01,2469514537.484375
5125,-11808994.0,6275,0.01,3994944605.921875
5126,-9471836.5,5620,0.01,5480927818.75
5127,-7565307.05,5023,0.01,5385327020.5
5128,-10648595.225,5959,0.01,5676993354.59375
5129,-5304470.875,4206,0.01,3943964023.34375
5130,-21365440.125,8440,0.01,8675302612.8125
5131,-6442596.75,4635,0.01,7843182566.0625
5132,-13819472.174999999,6788,0.01,11029648268.59375
5133,-7744798.1,5082,0.01,5570177760.625
5134,-8269073.375,5251,0.01,5786460960.875
5135,-5774271.3,4388,0.01,3507548086.625
5136,-7650527.875,5051,0.01,4329447096.5625
5137,-19830814.749999996,8131,0.01,7845518801.78125
5138,-1710101.1,2389,0.01,4475238455.4375
5139,-3639645.35,3484,0.01,6624450823.0625
5140,-7080821.225,4859,0.01,9066471873.4375
5141,-15086047.85,7092,0.01,5798119951.734375
5142,-3043046.0,3186,0.01,4258702216.5
5143,-3676724.975,3502,0.01,4686530735.9375
5144,-6170054.125,4536,0.01,5433216871.515625
5145,-8926644.625,5456,0.01,3555404859.546875
5146,-9427337.475,5607,0.01,4366305498.4375
5147,-36270019.62499999,10996,0.01,15660479638.09375
5148,-4817731.3,4008,0.01,7963924330.0625
5149,-5356479.625,4226,0.01,14525875724.625
5150,-2397404.3000000003,2828,0.01,5357795317.203125
5151,-3075805.0500000003,3203,0.01,2333551467.84375
5152,-2367855.25,2811,0.01,1525410559.140625
5153,-3585123.5500000003,3458,0.01,1345743388.828125
5154,-11837986.299999999,6283,0.01,3047324870.0
5155,-8340464.6,5274,0.01,4801945329.1875
5156,-13958367.1,6822,0.01,5748502817.3125
5157,-4750062.375,3980,0.01,4746111500.90625
5158,-3832374.5,3575,0.01,2789444314.75
5159,-3478493.75,3406,0.01,2409778924.46875
5160,-2335332.75,2791,0.01,1586542602.984375
5161,-3460012.225,3397,0.01,1646173484.171875
5162,-12427437.975,6437,0.01,3372988856.828125
5163,-3657602.225,3492,0.01,3568734752.53125
5164,-12455134.225,6444,0.01,4477961045.625
5165,-12592543.5,6480,0.01,6175933192.15625
5166,-5170949.3,4153,0.01,4635301168.5
5167,-6303199.75,4585,0.01,3694288597.28125
5168,-18762510.599999998,7909,0.01,6255383097.75
5169,-2015492.925,2593,0.01,4352447017.4375
5170,-2955798.625,3140,0.01,4641661820.21875
5171,-2229491.1,2727,0.01,3702013719.578125
5172,-12300545.85,6404,0.01,4300129684.4140625
5173,-1915126.925,2528,0.01,2789657460.1875
5174,-15542746.6,7199,0.01,8868547001.6875
5175,-30552130.224999998,10092,0.01,16025100717.03125
5176,-4782987.475,3994,0.01,8901887926.0
5177,-2285184.5,2761,0.01,8907555252.125
5178,-4659737.225,3942,0.01,9731131273.203125
5179,-3433047.1,3384,0.01,1971887869.9375
5180,-6044253.5,4490,0.01,2275148154.46875
5181,-8715576.125,5391,0.01,3256068229.375
5182,-4697554.05,3958,0.01,2695607967.84375
5183,-1563023.35,2284,0.01,1671134347.4375
5184,-4437093.35,3847,0.01,2269379648.96875
5185,-5203515.75,4166,0.01,2013558418.8125
5186,-3027788.3000000003,3178,0.01,1623391208.5625
5187,-15518301.174999999,7193,0.01,5085982220.65625
5188,-10305239.475,5862,0.01,6651082114.3125
5189,-6455676.0,4640,0.01,5149944355.15625
5190,-12234069.725,6387,0.01,5805879253.625
5191,-5754139.75,4381,0.01,4383905786.6875
5192,-12118655.6,6357,0.01,6000702060.5
5193,-7460874.55,4988,0.01,5057779911.6875
5194,-1407038.35,2167,0.01,1895137139.15625
5195,-3633118.625,3481,0.01,3573579691.78125
5196,-3435748.25,3385,0.01,2481654154.09375
5197,-8222664.25,5236,0.01,2535918159.2265625
5198,-8154069.35,5214,0.01,3677107072.5
5199,-7381356.5,4961,0.01,3977899747.9375
5200,-6378363.35,4612,0.01,3750864485.21875
5201,-12710868.25,6510,0.01,5192860519.4375
5202,-10790786.799999999,5998,0.01,6303642071.34375
5203,-7212532.975,4904,0.01,5734247281.0
5204,-5741287.125,4376,0.01,4237531226.84375
5205,-11820553.049999999,6278,0.01,4922374342.46875
5206,-15781066.725,7254,0.01,7158730476.84375
5207,-9722338.975,5694,0.01,7511060529.15625
5208,-40357135.224999994,11599,0.01,19008641496.625
5209,-4350112.225,3809,0.01,8088017896.9375
5210,-11765246.049999999,6263,0.01,29595236872.3125
5211,-5355635.0,4226,0.01,5312108233.59375
5212,-15018484.875,7076,0.01,7407154845.9375
5213,-14961874.424999999,7063,0.01,8943815831.9375
5214,-34008656.925000004,10648,0.01,18019736212.84375
5215,-41163634.099999994,11714,0.01,27058654103.65625
5216,-5700176.5,4360,0.01,13101474633.875
5217,-4205087.375,3745,0.01,17669877786.625
5218,-1954971.35,2554,0.01,6076677992.90625
5219,-15238403.424999999,7128,0.01,6706212913.296875
5220,-3221279.3000000003,3278,0.01,4930343581.0
5221,-2460147.625,2865,0.01,4119423225.125
5222,-6303978.125,4585,0.01,6717238566.125
5223,-12989268.75,6581,0.01,5103655749.328125
5224,-5946233.3,4453,0.01,4618587983.59375
5225,-6467833.475,4644,0.01,5370665115.96875
5226,-2963072.85,3144,0.01,2528232194.5625
5227,-3350037.4250000003,3343,0.01,2301285692.15625
5228,-4818876.35,4009,0.01,2559148070.78125
5229,-20773405.349999998,8322,0.01,6439146093.265625
5230,-13782704.35,6779,0.01,11613723473.6875
5231,-6206215.225,4549,0.01,8115461650.96875
5232,-16123069.35,7332,0.01,8272702077.28125
5233,-16216640.924999999,7353,0.01,9810399108.4375
5234,-2000472.55,2583,0.01,4853561223.6875
5235,-10208283.975,5834,0.01,6242091709.40625
5236,-14244354.125,6891,0.01,7297238464.125
5237,-6089180.25,4506,0.01,5737310202.34375
5238,-20029762.1,8172,0.01,7574231598.8125
5239,-4707293.6,3962,0.01,6363764893.4375
5240,-21260276.724999998,8419,0.01,14877513961.1875
5241,-4605355.35,3919,0.01,7072864890.4375
5242,-9519784.975,5634,0.01,11816738961.125
5243,-12898889.299999999,6558,0.01,6381980897.0625
5244,-30445848.875,10075,0.01,14871091438.90625
5245,-22786224.124999996,8716,0.01,15497201971.5
5246,-21410620.725,8449,0.01,15102854397.21875
5247,-22369414.5,8636,0.01,13783738203.53125
5248,-21854925.124999996,8536,0.01,15129680087.25
5249,-7056565.75,4851,0.01,10035151157.4375
5250,-15688404.549999999,7233,0.01,12661173874.6875
5251,-5602021.725,4322,0.01,5310760031.46875
5252,-13208799.625,6636,0.01,7228600484.40625
5253,-16521936.475,7422,0.01,8012993426.84375
5254,-3584504.4250000003,3458,0.01,5601571898.25
5255,-3818678.475,3569,0.01,4246401642.625
5256,-5253759.25,4186,0.01,4726029403.296875
5257,-3203671.225,3269,0.01,1977607558.5625
5258,-4003188.225,3654,0.01,1933240343.40625
5259,-4119479.975,3707,0.01,2020736211.0625
5260,-9934746.125,5756,0.01,2985605699.296875
5261,-1628102.75,2331,0.01,1888782307.5625
5262,-2910733.375,3116,0.01,2928214306.25
5263,-3765619.725,3544,0.01,3176046972.5
5264,-5759912.925,4383,0.01,2076461714.5703125
5265,-8255496.35,5247,0.01,2884272806.140625
5266,-4914258.675,4048,0.01,2837767126.625
5267,-6829164.975,4772,0.01,3434704752.15625
5268,-10444327.25,5901,0.01,4351970729.46875
5269,-4620016.125,3925,0.01,3349654031.28125
5270,-8360411.125,5280,0.01,4676299328.71875
5271,-5521344.0,4291,0.01,3369146661.53125
5272,-4284467.75,3780,0.01,2727480204.90625
5273,-11560565.6,6209,0.01,4513604708.21875
5274,-11899635.1,6299,0.01,5586446805.90625
5275,-2629843.85,2962,0.01,3234395754.59375
5276,-13868980.625,6800,0.01,6536219597.28125
5277,-20949857.474999998,8357,0.01,9431641007.25
5278,-20034851.8,8173,0.01,11378931828.4375
5279,-1927561.875,2536,0.01,4991714962.0625
5280,-6602823.475,4692,0.01,9074354367.0625
5281,-42306464.37499999,11876,0.01,20100306422.453125
5282,-16450760.375,7406,0.01,15162231141.59375
5283,-3020093.225,3174,0.01,11082494869.625
5284,-4857108.0,4025,0.01,7829265201.5625
5285,-17729307.049999997,7688,0.01,8487400796.453125
5286,-7523965.475,5009,0.01,7365636697.34375
5287,-13928711.75,6815,0.01,9763795673.46875
5288,-29882445.124999996,9981,0.01,14904265484.46875
5289,-10538955.424999999,5928,0.01,9950542146.21875
5290,-7138794.35,4879,0.01,12904460357.96875
5291,-5887496.375,4431,0.01,4772347236.09375
5292,-10374382.475,5882,0.01,4770084842.3125
5293,-14628221.975,6984,0.01,6794090583.3125
5294,-32368496.049999997,10388,0.01,16295724768.3125
5295,-7348241.375,4950,0.01,8965191341.1875
5296,-6677315.35,4719,0.01,16448169379.4375
5297,-19892680.35,8144,0.01,8251603095.203125
5298,-7626327.8,5043,0.01,8250374730.375
5299,-25603371.1,9239,0.01,14785796908.8125
5300,-8397744.1,5292,0.01,8913619466.625
5301,-9609607.875,5661,0.01,11989241881.09375
5302,-9757879.85,5704,0.01,5791638094.53125
5303,-7619994.625,5041,0.01,5342114615.34375
5304,-6336531.975,4597,0.01,3936506885.71875
5305,-1425978.875,2181,0.01,1595291434.59375
5306,-4926405.55,4053,0.01,2666703011.140625
5307,-7050697.475,4849,0.01,2891270511.765625
5308,-16598918.225,7439,0.01,5579699583.359375
5309,-9768008.1,5707,0.01,7067365989.0
5310,-9541950.5,5641,0.01,5420366285.53125
5311,-1978372.975,2569,0.01,2489631482.71875
5312,-4879505.475,4034,0.01,4104279125.59375
5313,-7534026.1,5012,0.01,3974522012.546875
5314,-15422549.75,7171,0.01,5242993880.75
5315,-36498547.875,11031,0.01,18512380180.5
5316,-7812425.85,5104,0.01,8940482151.6875
5317,-5387736.425,4238,0.01,4430687166.125
5318,-2765359.85,3037,0.01,3029148751.6875
5319,-12754698.75,6521,0.01,5544585943.15625
5320,-9905904.6,5747,0.01,6162166625.03125
5321,-38111850.6,11272,0.01,17449894664.0625
5322,-15861759.725,7272,0.01,13318017045.0625
5323,-3470582.6,3402,0.01,8307841905.8125
5324,-4867239.35,4029,0.01,7030118755.8125
5325,-4175417.225,3732,0.01,4473264598.8125
5326,-4011289.8000000003,3658,0.01,1933984518.65625
5327,-7562986.225,5022,0.01,2743982802.8125
5328,-4095860.75,3696,0.01,2347074045.09375
5329,-13353753.174999999,6673,0.01,4809633617.078125
5330,-16753390.975,7474,0.01,7585502670.03125
5331,-9025251.25,5485,0.01,7285124338.5
5332,-12305013.75,6405,0.01,5704211491.46875
5333,-12542217.225,6467,0.01,6788587705.375
5334,-7460139.8,4988,0.01,6270593271.59375
5335,-1336586.35,2112,0.01,2311043739.34375
5336,-3662857.375,3495,0.01,3975913671.40625
5337,-6169804.125,4536,0.01,3268655855.09375
5338,-1373604.125,2141,0.01,1253882977.59375
5339,-3474582.725,3404,0.01,2044589943.890625
5340,-6509313.225,4659,0.01,2606318041.8125
5341,-6690455.225,4724,0.01,2863342489.046875
5342,-5219464.85,4172,0.01,2721408678.5625
5343,-5144771.975,4142,0.01,2498231190.84375
5344,-3877867.25,3596,0.01,2095436860.375
5345,-3527121.125,3430,0.01,1938826612.828125
5346,-12678945.975,6502,0.01,3516333368.140625
5347,-11874005.975,6292,0.01,6415987740.53125
5348,-8174635.875,5221,0.01,6118623626.90625
5349,-12519528.375,6461,0.01,6743531234.4375
5350,-5017984.875,4091,0.01,4847354665.5
5351,-3509131.875,3421,0.01,3924970029.8125
5352,-3089028.75,3210,0.01,3639960123.34375
5353,-8715171.75,5391,0.01,3366064392.78125
5354,-21739985.049999997,8513,0.01,7928507463.5625
5355,-21550052.499999996,8476,0.01,17589372761.375
5356,-18607226.499999996,7876,0.01,12308925539.46875
5357,-8947797.725,5462,0.01,8461333386.78125
5358,-20298715.749999996,8226,0.01,14011107820.46875
5359,-5954777.375,4456,0.01,7659892394.15625
5360,-6954858.75,4816,0.01,10796542889.0625
5361,-24925840.625,9116,0.01,10775177087.5
5362,-5557750.0,4305,0.01,7832922540.71875
5363,-6392365.85,4617,0.01,11593943353.3125
5364,-5307250.6,4207,0.01,4186189513.1875
5365,-9971503.5,5766,0.01,3974818424.25
5366,-11611121.1,6222,0.01,5339332357.0
5367,-13459458.725,6699,0.01,7414980210.78125
5368,-26848907.125,9461,0.01,12975359430.34375
5369,-7957409.125,5151,0.01,8733124389.53125
5370,-6253832.225,4567,0.01,10405225714.0
5371,-10273788.174999999,5853,0.01,5194399294.28125
5372,-3358747.225,3347,0.01,3022945018.4375
5373,-11907494.625,6301,0.01,6529444935.5
5374,-13838985.799999999,6793,0.01,7326160386.0
5375,-4495693.6,3872,0.01,5842292441.875
5376,-8530708.674999999,5333,0.01,7593545426.3125
5377,-4802923.975,4002,0.01,3967777650.359375
5378,-9047647.674999999,5493,0.01,4484008924.6875
5379,-9991073.35,5772,0.01,4813505156.21875
5380,-2992782.1,3159,0.01,3181463671.34375
5381,-21425678.725,8452,0.01,9268319356.90625
5382,-7238086.55,4913,0.01,7855279702.5
5383,-21087700.875,8385,0.01,14213970535.40625
5384,-11288866.625,6135,0.01,11396979155.8125
5385,-43469631.425,12038,0.01,22401158157.15625
5386,-2455707.35,2862,0.01,6947537286.6875
5387,-10358650.725,5877,0.01,19136328912.3125
5388,-6551344.85,4674,0.01,6671916659.96875
5389,-19601731.974999998,8084,0.01,7278988178.59375
5390,-21039839.749999996,8375,0.01,13790533142.84375
5391,-16669008.125,7455,0.01,11818352901.875
5392,-2959571.85,3142,0.01,6849633806.125
5393,-5999956.175,4473,0.01,8127057496.0625
5394,-6441922.0,4635,0.01,5161239675.625
5395,-9792832.975,5714,0.01,3831237310.40625
5396,-25616041.999999996,9241,0.01,10204664921.59375
5397,-3290865.1750000003,3313,0.01,6673721838.0
5398,-3999028.6,3652,0.01,10890959997.125
5399,-3855633.75,3586,0.01,8230345799.625
5400,-3775765.725,3549,0.01,1738569353.5
5401,-6484693.125,4650,0.01,2067579461.484375
5402,-3225639.0,3280,0.01,1689691781.90625
5403,-3172903.3000000003,3253,0.01,1807473540.3125
5404,-3419601.35,3377,0.01,1944737969.609375
5405,-13621605.225,6739,0.01,3845745305.96875
5406,-3881422.8000000003,3598,0.01,4027122881.3125
5407,-15664914.1,7227,0.01,7907281073.0625
5408,-9012546.35,5482,0.01,7014629695.0625
5409,-7246781.375,4916,0.01,6417374582.65625
5410,-3638515.1,3484,0.01,2693396009.5
5411,-3900419.725,3607,0.01,2423110878.71875
5412,-4026957.5,3665,0.01,2348761502.390625
5413,-3298166.35,3317,0.01,1709728266.53125
5414,-14948748.25,7060,0.01,4220259534.40625
5415,-3437539.375,3386,0.01,4050100999.5
5416,-20448387.475,8257,0.01,9702888191.84375
5417,-16661132.799999999,7453,0.01,10033370071.0625
5418,-10513274.875,5921,0.01,7471532240.09375
5419,-5290478.875,4201,0.01,3879874801.96875
5420,-2474673.9250000003,2873,0.01,2752311152.625
5421,-5834103.375,4411,0.01,4058633903.640625
5422,-17210911.999999996,7575,0.01,5985484711.65625
5423,-14063337.6,6847,0.01,9374078475.125
5424,-16751128.799999999,7473,0.01,10568373967.40625
5425,-4364063.625,3815,0.01,6490700672.0625
5426,-3757313.875,3540,0.01,5562059490.625
5427,-2211441.375,2716,0.01,3868234840.078125
5428,-5537225.6,4297,0.01,1988774173.5625
5429,-2071363.225,2629,0.01,1303016466.734375
5430,-2497111.125,2886,0.01,1256523354.9375
5431,-27404628.549999997,9558,0.01,8828678734.859375
5432,-2782134.125,3046,0.01,6104548044.1875
5433,-2188130.0,2701,0.01,3171057400.96875
5434,-13477050.174999999,6703,0.01,6016731017.359375
5435,-4868346.725,4029,0.01,4742672420.125
5436,-3776295.35,3549,0.01,2877370990.46875
5437,-9401558.225,5599,0.01,3603763493.953125
5438,-9686551.549999999,5683,0.01,4629619799.25
5439,-6129837.125,4521,0.01,4202305535.15625
5440,-10837075.25,6011,0.01,5281673694.8125
5441,-11823136.725,6279,0.01,5675790902.96875
5442,-9015785.674999999,5483,0.01,6180744894.375
5443,-5097988.8,4123,0.01,4279969941.3125
5444,-10000060.6,5774,0.01,5160045187.34375
5445,-37655154.85,11204,0.01,16403285687.3125
5446,-3680063.225,3504,0.01,7384807184.0625
5447,-6999015.25,4831,0.01,4950229280.265625
5448,-2191483.85,2704,0.01,2596758779.46875
5449,-6292712.125,4581,0.01,2846887831.359375
5450,-4320505.625,3796,0.01,2237404569.96875
5451,-11086155.0,6080,0.01,3269536801.234375
5452,-5854406.475,4419,0.01,3704968445.96875
5453,-10179518.0,5826,0.01,3932786998.671875
5454,-8901180.549999999,5448,0.01,4023543819.1875
5455,-6996556.0,4830,0.01,4366244888.1875
5456,-4814037.6,4007,0.01,3046403763.8125
5457,-11488607.6,6189,0.01,4187444968.140625
5458,-16259006.424999999,7363,0.01,6837650922.53125
5459,-10681855.549999999,5968,0.01,7261273195.0
5460,-6484243.375,4650,0.01,6174622196.0625
5461,-5951277.75,4455,0.01,4466048965.0625
5462,-18616113.674999997,7878,0.01,6873964295.015625
5463,-5853952.425,4418,0.01,6908867115.0625
5464,-2005415.475,2587,0.01,4389495728.1875
5465,-8065706.75,5186,0.01,6334166575.6875
5466,-9580693.1,5652,0.01,4524906823.4375
5467,-4608442.75,3920,0.01,3421939612.71875
5468,-11259680.1,6127,0.01,4995937433.15625
5469,-34009179.425,10648,0.01,15332437198.65625
5470,-3313283.975,3324,0.01,7163925920.8125
5471,-3050949.375,3190,0.01,12293926925.5
5472,-1105876.25,1921,0.01,7319806360.75
5473,-3364479.375,3350,0.01,5256610063.765625
5474,-6950582.975,4814,0.01,2771647803.0625
5475,-3609521.0,3470,0.01,2174403886.015625
5476,-3545412.725,3439,0.01,2100816893.890625
5477,-3284332.125,3310,0.01,1942485138.890625
5478,-1745876.475,2414,0.01,1012702347.734375
5479,-9657554.375,5675,0.01,2427661463.046875
5480,-22141465.6,8592,0.01,8471539439.125
5481,-4586443.625,3911,0.01,6831924821.0
5482,-15166984.125,7111,0.01,13176912024.375
5483,-9793343.1,5714,0.01,6755314415.875
5484,-15747873.875,7246,0.01,8750407775.25
5485,-5355627.125,4226,0.01,5751428671.8125
5486,-15606631.674999999,7213,0.01,8301939061.34375
5487,-13991041.125,6830,0.01,8801365032.34375
5488,-3814792.6,3567,0.01,5428294391.0
5489,-20433045.1,8254,0.01,11467792389.875
5490,-22843312.975,8727,0.01,15220516166.875
5491,-8538830.625,5336,0.01,9437997468.09375
5492,-10064778.549999999,5793,0.01,11259678369.0625
5493,-3492445.8000000003,3413,0.01,3828961424.6875
5494,-7268661.8,4923,0.01,4866851982.9375
5495,-8230868.85,5239,0.01,4134879396.375
5496,-23127626.5,8781,0.01,8724993925.34375
5497,-15481848.5,7185,0.01,10104835477.9375
5498,-1739095.475,2409,0.01,6401481904.5
5499,-6652585.375,4710,0.01,8082372739.5625
5500,-7109765.35,4869,0.01,5514517130.5
5501,-21134358.849999998,8394,0.01,8139516156.375
5502,-30834045.6,10139,0.01,20083709632.625
5503,-17652285.35,7672,0.01,14160925906.5
5504,-2098668.0,2646,0.01,6290029113.8125
5505,-43353989.349999994,12022,0.01,20119469383.84375
5506,-4302281.05,3788,0.01,8891062318.0
5507,-5935532.1,4449,0.01,20909804549.5
5508,-8926151.375,5456,0.01,9042904036.15625
5509,-9310743.35,5572,0.01,5012838278.90625
5510,-5957157.1,4457,0.01,4426697928.625
5511,-5930497.225,4447,0.01,3668572786.96875
5512,-13236385.549999999,6643,0.01,5087734101.328125
5513,-8841494.125,5430,0.01,5640252680.0625
5514,-19586040.375,8081,0.01,8860542434.28125
5515,-1816839.975,2462,0.01,4284364996.0
5516,-16128247.674999999,7333,0.01,14967484922.3125
5517,-8668265.5,5376,0.01,7736897425.4375
5518,-12760182.674999999,6523,0.01,9160862480.09375
5519,-3324900.75,3330,0.01,3962022565.75
5520,-7285647.1,4929,0.01,5599381195.90625
5521,-14366928.125,6921,0.01,5849535755.8125
5522,-32223397.875,10365,0.01,14924311838.4375
5523,-9045207.975,5492,0.01,10212027899.1875
5524,-1784183.125,2440,0.01,7614797371.375
5525,-10140427.25,5815,0.01,9294692302.4375
5526,-1924702.225,2534,0.01,2983290216.03125
5527,-4725198.75,3970,0.01,3851192101.875
5528,-5337347.85,4219,0.01,3510262788.15625
5529,-26321783.849999998,9367,0.01,9241005421.234375
5530,-17801110.85,7704,0.01,12009424006.84375
5531,-19629109.0,8090,0.01,14457282996.84375
5532,-5009669.1,4087,0.01,7950848593.875
5533,-11869097.875,6291,0.01,12167783283.25
5534,-2442068.6,2854,0.01,3280456367.21875
5535,-4718202.975,3967,0.01,5231063524.71875
5536,-4867222.475,4029,0.01,4355249827.96875
5537,-3699993.0500000003,3513,0.01,1999951669.984375
5538,-5278910.25,4196,0.01,2231136046.1875
5539,-3891895.5500000003,3603,0.01,2055319188.203125
5540,-7532532.85,5012,0.01,2670480086.890625
5541,-22105570.625,8585,0.01,7936383967.59375
5542,-8291685.425,5258,0.01,8585962670.375
5543,-9294137.225,5567,0.01,8857624139.5
5544,-30532567.849999998,10089,0.01,13212522028.15625
5545,-898199.6,1732,0.01,4365725590.375
5546,-4381906.8,3823,0.01,12229771928.875
5547,-9127005.975,5517,0.01,15806948454.71875
5548,-2578179.8000000003,2933,0.01,2404988743.3125
5549,-6958325.85,4817,0.01,3885258739.609375
5550,-2472083.225,2872,0.01,2494159225.03125
5551,-11124225.375,6090,0.01,3958095078.859375
5552,-10696599.35,5972,0.01,5792294439.8125
5553,-17041264.425,7538,0.01,7831137850.4375
5554,-8675677.1,5379,0.01,7968235505.5625
5555,-15621617.975,7217,0.01,10075819294.65625
5556,-6078234.85,4502,0.01,6690981788.6875
5557,-14028797.225,6839,0.01,9560431574.71875
5558,-30809955.625,10135,0.01,16082183663.375
5559,-15392696.725,7164,0.01,14489565967.75
5560,-4007613.625,3656,0.01,8217273582.1875
5561,-24556056.424999997,9048,0.01,9900323999.609375
5562,-19349984.849999998,8032,0.01,12768753775.90625
5563,-1538951.875,2266,0.01,6766090284.0625
5564,-1751087.35,2417,0.01,5978285917.8125
5565,-6026745.175,4483,0.01,11710424399.1875
5566,-907605.625,1741,0.01,2039814773.296875
5567,-8644503.85,5369,0.01,4129762318.953125
5568,-8583113.75,5350,0.01,4935391544.0
5569,-3699329.6750000003,3513,0.01,2899677992.78125
5570,-2453912.25,2861,0.01,2276962499.6875
5571,-2796094.975,3054,0.01,2289427409.6875
5572,-7753890.125,5085,0.01,2260310188.34375
5573,-2524701.35,2902,0.01,1835925883.8125
5574,-7942523.0,5146,0.01,3437776704.765625
5575,-8519575.0,5330,0.01,4240487358.734375
5576,-6133459.725,4522,0.01,3734710317.0
5577,-7528340.5,5010,0.01,3818249177.53125
5578,-9018527.85,5484,0.01,4056185132.40625
5579,-2721224.3000000003,3013,0.01,2266926837.46875
5580,-4284084.5,3780,0.01,2942901509.125
5581,-5266723.125,4191,0.01,2573819209.453125
5582,-4800711.75,4001,0.01,2336706173.8125
5583,-3216004.75,3275,0.01,1866721278.15625
5584,-9385706.225,5594,0.01,3319279446.03125
5585,-4881386.125,4035,0.01,3235700904.28125
5586,-37610603.425000004,11198,0.01,15606972519.125
5587,-9069148.975,5499,0.01,11521885368.8125
5588,-38206829.5,11286,0.01,26903640598.9375
5589,-2673078.75,2986,0.01,6893640913.125
5590,-11458792.75,6181,0.01,29763567963.375
5591,-3004957.875,3166,0.01,5667342680.9375
5592,-8786493.174999999,5413,0.01,5619499803.9375
5593,-6015154.1,4479,0.01,4132946821.59375
5594,-37037697.225,11112,0.01,15358823568.84375
5595,-17445388.725,7627,0.01,12004849486.34375
5596,-14487364.5,6950,0.01,12847835075.3125
5597,-4383297.8,3823,0.01,6502847231.3125
5598,-12675171.875,6501,0.01,9802642039.9375
5599,-2177415.25,2695,0.01,3418302966.0
5600,-366743.6,1107,0.01,1571887562.5625
5601,-4449672.225,3852,0.01,5529880922.4375
5602,-18709933.549999997,7898,0.01,7406862026.765625
5603,-5913812.75,4441,0.01,6199348228.0625
5604,-11052879.25,6071,0.01,8953790355.21875
5605,-11030325.875,6065,0.01,5696308630.40625
5606,-4687145.85,3954,0.01,4145561465.9375
5607,-3439059.1,3387,0.01,2551211044.875
5608,-6849969.975,4779,0.01,3046547628.1875
5609,-6107646.8,4513,0.01,2913831052.625
5610,-20792846.249999996,8326,0.01,7755032245.25
5611,-14274882.1,6899,0.01,9107460281.34375
5612,-7522866.725,5009,0.01,8149964877.1875
5613,-10326276.674999999,5868,0.01,5986515527.21875
5614,-7681425.125,5061,0.01,4719086799.3125
5615,-11757715.0,6261,0.01,5375556685.46875
5616,-18069814.85,7762,0.01,8710460668.8125
5617,-9492238.875,5626,0.01,8308418531.15625
5618,-5616877.925,4328,0.01,7309888228.25
5619,-5945076.55,4453,0.01,3754231240.875
5620,-4040841.875,3671,0.01,2428700756.140625
5621,-4266291.35,3772,0.01,2358740023.421875
5622,-7717213.8,5073,0.01,2760112974.375
5623,-3817649.4250000003,3568,0.01,2423781397.125
5624,-4923693.35,4052,0.01,2765424862.09375
5625,-16313061.875,7375,0.01,5587931169.546875
5626,-6265951.375,4571,0.01,5727393085.09375
5627,-11756821.5,6261,0.01,8357982582.125
5628,-4902822.475,4044,0.01,4537143062.625
5629,-5787438.8,4393,0.01,3833428584.71875
5630,-8316683.0,5266,0.01,3729289715.078125
5631,-4301385.8,3788,0.01,2628128633.53125
5632,-3638531.85,3484,0.01,2092031268.0625
5633,-8786509.924999999,5413,0.01,2945064256.34375
5634,-4177322.4250000003,3733,0.01,2659375187.375
5635,-16074425.625,7321,0.01,6357209467.859375
5636,-7548174.35,5017,0.01,5920515224.125
5637,-9204038.75,5540,0.01,7007716661.03125
5638,-17124895.374999996,7556,0.01,7619716975.875
5639,-18785917.474999998,7914,0.01,13188135995.4375
5640,-7674314.225,5059,0.01,8524596738.96875
5641,-4466885.25,3860,0.01,6236902889.5
5642,-7657026.05,5053,0.01,4441402447.84375
5643,-8542470.475,5337,0.01,4061689676.1875
5644,-8830541.85,5427,0.01,4223360448.0
5645,-14190062.424999999,6878,0.01,5809301146.78125
5646,-10468410.049999999,5908,0.01,6963790898.84375
5647,-10725851.125,5980,0.01,6554541335.65625
5648,-9596957.1,5657,0.01,6217535400.90625
5649,-11527190.125,6200,0.01,5853989015.28125
5650,-14541393.424999999,6963,0.01,7382942001.59375
5651,-12306068.125,6405,0.01,8351136550.5625
5652,-15319380.975,7147,0.01,8991639388.15625
5653,-17136494.475,7559,0.01,10635002813.90625
5654,-16162292.375,7341,0.01,10093875172.78125
5655,-917485.625,1750,0.01,3297150497.1875
5656,-11119492.225,6089,0.01,10446132341.5
5657,-6675204.925,4718,0.01,6384812882.5
5658,-8413439.975,5297,0.01,5194247729.59375
5659,-11003057.35,6057,0.01,5105291949.9375
5660,-11981261.75,6320,0.01,6430937219.21875
5661,-6449759.425,4638,0.01,5556357848.78125
5662,-1474373.3,2218,0.01,2203773695.15625
5663,-4083953.0,3690,0.01,3464532195.796875
5664,-12040024.125,6336,0.01,4548304938.25
5665,-4050246.125,3675,0.01,3774055655.03125
5666,-10765229.625,5991,0.01,6045272307.84375
5667,-4595261.25,3915,0.01,3896107768.78125
5668,-6954874.625,4816,0.01,4447258630.78125
5669,-5940452.375,4451,0.01,3316396149.9375
5670,-3429277.85,3382,0.01,2239949902.78125
5671,-8973115.875,5470,0.01,3579124961.375
5672,-15856505.375,7271,0.01,6461315233.28125
5673,-2865956.225,3092,0.01,4857704622.5625
5674,-16074657.0,7321,0.01,11873774573.0
5675,-11489864.875,6190,0.01,7825978153.78125
5676,-24604493.35,9057,0.01,13345683056.9375
5677,-18242536.725,7799,0.01,13016961149.34375
5678,-9468223.85,5619,0.01,10268436803.09375
5679,-7314520.975,4939,0.01,7778232960.125
5680,-11015040.5,6060,0.01,5426145671.8125
5681,-1223484.25,2021,0.01,1916453086.34375
5682,-10688654.125,5970,0.01,6007619734.59375
5683,-1272018.875,2060,0.01,2807215626.8125
5684,-7425024.875,4976,0.01,4869269275.78125
5685,-8297662.375,5260,0.01,4640757674.5625
5686,-2028174.0,2601,0.01,1870497619.65625
5687,-7104081.225,4867,0.01,4052019914.71875
5688,-5533697.0,4296,0.01,3299046809.90625
5689,-9181492.549999999,5533,0.01,3935670371.59375
5690,-6044574.0,4490,0.01,3744024979.75
5691,-12664393.924999999,6498,0.01,5680977721.71875
5692,-3133790.3000000003,3233,0.01,3611197127.875
5693,-4346490.225,3807,0.01,4256729549.84375
5694,-3613078.6,3472,0.01,3307321389.609375
5695,-19912646.3,8148,0.01,5888574648.640625
5696,-7733322.675,5078,0.01,7388087666.6875
5697,-34626340.724999994,10744,0.01,19103089063.8125
5698,-24510818.974999998,9039,0.01,22754482146.5
5699,-12866487.25,6550,0.01,10364847712.1875
5700,-22421012.875,8646,0.01,10529733372.84375
5701,-4814820.35,4007,0.01,7168222169.53125
5702,-9903722.6,5747,0.01,7204812168.140625
5703,-25107685.224999998,9149,0.01,10545435291.1875
5704,-15039136.875,7081,0.01,11632236446.84375
5705,-5028838.75,4095,0.01,7184621427.875
5706,-4543824.175,3893,0.01,5578704720.6875
5707,-1509231.85,2244,0.01,2899466773.03125
5708,-14302764.875,6906,0.01,5424868387.0625
5709,-10427797.35,5897,0.01,6418829829.875
5710,-9290837.875,5566,0.01,6276334908.5
5711,-13881937.924999999,6803,0.01,6732520946.5625
5712,-8137258.35,5209,0.01,6109823212.03125
5713,-5075032.475,4114,0.01,5256184598.0625
5714,-5524164.725,4292,0.01,3985298511.125
5715,-20109174.424999997,8188,0.01,7165562242.625
5716,-50791126.099999994,13012,0.01,26038503561.0
5717,-6018086.25,4480,0.01,10283397878.125
5718,-11328709.375,6146,0.01,15727161074.28125
5719,-385426.625,1135,0.01,1610766349.3125
5720,-5679323.85,4352,0.01,4880576604.03125
5721,-24041347.05,8953,0.01,9541906851.421875
5722,-9682701.975,5682,0.01,8348574468.03125
5723,-17056728.374999996,7541,0.01,7650748047.53125
5724,-1094533.75,1911,0.01,3420509574.375
5725,-5197587.3,4163,0.01,5175403706.21875
5726,-13610691.0,6736,0.01,5233600805.6875
5727,-17261538.624999996,7586,0.01,8885058111.1875
5728,-31312904.099999998,10217,0.01,17527180804.21875
5729,-12508555.799999999,6458,0.01,13839441832.71875
5730,-20800716.099999998,8327,0.01,16256819576.21875
5731,-7509901.475,5004,0.01,9797553137.25
5732,-5267216.875,4191,0.01,8134509778.5625
5733,-7170951.875,4890,0.01,4094891664.28125
5734,-18465135.499999996,7846,0.01,7210234786.59375
5735,-11826558.85,6279,0.01,8118919478.15625
5736,-11233759.875,6120,0.01,8809393737.34375
5737,-13210148.475,6637,0.01,7526253991.46875
5738,-191328.25,800,0.01,1090036297.375
5739,-15036369.875,7081,0.01,11241058137.9375
5740,-4697199.175,3958,0.01,6620256816.3125
5741,-12331633.975,6412,0.01,7229825934.15625
5742,-3919703.375,3616,0.01,3832834860.625
5743,-3833448.75,3576,0.01,3662188479.625
5744,-20651095.3,8298,0.01,8214921405.984375
5745,-3044950.225,3187,0.01,5418546145.0625
5746,-12099709.225,6352,0.01,12151935115.375
5747,-10318780.625,5866,0.01,6343750217.25
5748,-17681624.8,7678,0.01,8615691759.625
5749,-242104.74999999997,900,0.01,1642329123.3125
5750,-8208619.975,5232,0.01,8120456945.1875
5751,-6793410.5,4760,0.01,7335673826.75
5752,-5109308.55,4128,0.01,2783997122.03125
5753,-5226081.375,4175,0.01,2635814685.75
5754,-12863555.1,6549,0.01,4219929129.890625
5755,-1679606.6,2367,0.01,2628860761.90625
5756,-19906188.1,8147,0.01,11340953247.3125
5757,-18510625.375,7856,0.01,12985226127.3125
5758,-2831276.1750000003,3073,0.01,5995991410.0
5759,-3424616.5,3380,0.01,4999045673.1875
5760,-6218819.725,4554,0.01,4535451857.46875
5761,-3512485.8000000003,3423,0.01,1855142406.5
5762,-14890904.875,7046,0.01,4820307558.484375
5763,-2699910.0,3001,0.01,3543685735.625
5764,-4031692.1,3667,0.01,4526627133.03125
5765,-9382686.049999999,5593,0.01,5028578713.390625
5766,-6797759.5,4761,0.01,3922539335.0
5767,-4442331.475,3849,0.01,3227684922.03125
5768,-10963440.125,6046,0.01,4844869331.015625
5769,-10072538.0,5795,0.01,5421888740.59375
5770,-4236829.725,3759,0.01,3905486956.875
5771,-8849812.35,5432,0.01,5143953629.78125
5772,-12147771.1,6364,0.01,5535930700.6875
5773,-19171920.125,7995,0.01,9255275751.0625
5774,-13648220.875,6746,0.01,9294183011.4375
5775,-5562747.475,4307,0.01,5779753190.5
5776,-7976289.35,5157,0.01,4300820398.609375
5777,-13581364.1,6729,0.01,5425655898.71875
5778,-37631639.75,11201,0.01,18059926091.0
5779,-3182721.4250000003,3258,0.01,7199798546.25
5780,-8223867.6,5237,0.01,23182981556.5
5781,-6677145.85,4719,0.01,7466917586.671875
5782,-7001273.1,4832,0.01,3877986105.984375
5783,-6877907.725,4789,0.01,3499809762.8125
5784,-10269998.475,5852,0.01,4730582236.1875
5785,-5296568.175,4203,0.01,3681338833.0625
5786,-13852043.25,6796,0.01,6089720065.8125
5787,-3443677.1,3389,0.01,4038997164.875
5788,-16252956.5,7361,0.01,8925002949.78125
5789,-1553630.25,2276,0.01,3598498624.375
5790,-3064700.1,3197,0.01,5252513819.25
5791,-12056518.875,6340,0.01,9767436741.625
5792,-9066069.299999999,5498,0.01,5809285998.03125
5793,-10275531.049999999,5853,0.01,6814230337.21875
5794,-5134300.675,4138,0.01,4493330793.375
5795,-4221427.725,3752,0.01,3318464862.28125
5796,-3363444.6,3349,0.01,2854769147.5625
5797,-7342982.05,4948,0.01,2866743797.5
5798,-14802630.25,7025,0.01,5792956152.21875
5799,-1473263.85,2217,0.01,2887347146.75
5800,-6049929.375,4491,0.01,6492616896.875
5801,-5429617.125,4255,0.01,5238013600.546875
5802,-8948598.725,5462,0.01,3550082320.203125
5803,-6836990.25,4775,0.01,3821246097.78125
5804,-1846273.475,2482,0.01,2171324170.15625
5805,-3167328.125,3250,0.01,2749920176.3125
5806,-3766335.475,3544,0.01,2419973973.546875
5807,-12361557.125,6420,0.01,3657932865.96875
5808,-4367449.475,3817,0.01,3628247295.125
5809,-7319744.25,4941,0.01,3417185950.984375
5810,-5362683.85,4229,0.01,2924109051.96875
5811,-4576909.1,3907,0.01,2517372312.015625
5812,-15314600.5,7146,0.01,5316284363.109375
5813,-2828132.725,3072,0.01,3867995326.6875
5814,-1095075.1,1912,0.01,2682128451.375
5815,-24604613.6,9057,0.01,12655681757.53125
5816,-7266086.85,4922,0.01,9885689516.0625
5817,-11312124.625,6141,0.01,13338918182.84375
5818,-9728730.125,5695,0.01,5927350059.375
5819,-4832264.475,4014,0.01,4673529571.09375
5820,-11592920.975,6217,0.01,6058371334.34375
5821,-8981444.35,5472,0.01,6005401098.96875
5822,-3399259.85,3367,0.01,3811500470.71875
5823,-5859203.25,4420,0.01,4550215984.03125
5824,-3786609.3000000003,3553,0.01,3356002294.28125
5825,-13231934.975,6642,0.01,4948029071.828125
5826,-16585628.625,7436,0.01,8098216812.46875
5827,-10830333.1,6009,0.01,7691503930.59375
5828,-6990893.55,4828,0.01,5019357256.46875
5829,-15945792.875,7291,0.01,7804467140.3125
5830,-6451335.05,4638,0.01,6371570585.96875
5831,-7403942.35,4969,0.01,7613313310.875
5832,-1990465.6,2577,0.01,2125134231.90625
5833,-4469333.75,3861,0.01,2826060427.421875
5834,-6056315.475,4494,0.01,2929591036.0
5835,-2090540.5,2641,0.01,1590043455.734375
5836,-36907246.099999994,11092,0.01,14487225973.40625
5837,-5297206.3,4203,0.01,8160123928.1875
5838,-16767571.1,7477,0.01,14438808453.53125
5839,-1512006.5,2246,0.01,3407034109.375
5840,-18215480.174999997,7793,0.01,12930061554.8125
5841,-3131903.725,3232,0.01,5393580580.9375
5842,-5970798.475,4462,0.01,5634317327.28125
5843,-6347529.75,4601,0.01,4206423381.8125
5844,-34981890.599999994,10799,0.01,13648379723.484375
5845,-50002021.125,12911,0.01,27541058578.90625
5846,-23219399.725,8799,0.01,18335806529.84375
5847,-14101000.1,6857,0.01,14617743361.34375
5848,-2778940.875,3045,0.01,7601368751.5
5849,-1625537.975,2329,0.01,3866676070.8125
5850,-10679818.799999999,5968,0.01,7850879741.03125
5851,-7035984.475,4844,0.01,4439954616.125
5852,-3536735.125,3435,0.01,3082431222.84375
5853,-3064096.85,3197,0.01,2464322719.03125
5854,-4527763.125,3886,0.01,2369078706.203125
5855,-5710497.975,4364,0.01,2175005367.734375
5856,-6327438.975,4594,0.01,2457471422.390625
5857,-4727503.125,3971,0.01,2464255568.515625
5858,-3078759.0,3205,0.01,2072938031.3125
5859,-6923596.25,4805,0.01,2767451047.6875
5860,-5858210.625,4420,0.01,2920456750.9375
5861,-24684627.35,9072,0.01,8940115174.03125
5862,-3906881.125,3610,0.01,7570623592.25
5863,-754298.975,1587,0.01,2445434086.40625
5864,-10886164.875,6025,0.01,10675589497.21875
5865,-5821207.375,4406,0.01,4309523869.03125
5866,-5631716.85,4334,0.01,3763309685.8125
5867,-5813462.425,4403,0.01,3136533864.890625
5868,-1873144.375,2500,0.01,1754336457.4375
5869,-4831930.6,4014,0.01,2257720548.671875
5870,-2035555.625,2606,0.01,1565088402.96875
5871,-6394723.925,4618,0.01,2085845684.125
5872,-20881394.725,8344,0.01,6842638949.15625
5873,-1515689.85,2249,0.01,4262527090.875
5874,-4183145.75,3735,0.01,7154333769.8125
5875,-19566988.35,8077,0.01,11315791603.796875
5876,-6110333.35,4514,0.01,7070451229.1875
5877,-14426942.625,6936,0.01,10192669029.4375
5878,-9613620.35,5662,0.01,6372945247.21875
5879,-6798114.0,4761,0.01,6676790052.09375
5880,-8161302.225,5217,0.01,4884513850.28125
5881,-7805148.225,5102,0.01,3771732171.84375
5882,-2298923.35,2769,0.01,2153951183.875
5883,-4018375.25,3661,0.01,2991674321.375
5884,-7555952.125,5020,0.01,3304480831.796875
5885,-6259758.475,4569,0.01,2926390336.84375
5886,-2749217.3000000003,3028,0.01,2134593482.1875
5887,-9734599.475,5697,0.01,3821164395.390625
5888,-27089810.85,9504,0.01,10768609738.0
5889,-6874617.175,4788,0.01,10126900650.0625
5890,-11465604.049999999,6183,0.01,11717824709.5
5891,-11164338.75,6101,0.01,6247743028.59375
5892,-3298347.975,3317,0.01,3699007990.375
5893,-1138350.725,1949,0.01,2143646056.0
5894,-2294579.25,2766,0.01,2633131317.78125
5895,-5266786.5,4191,0.01,2426396527.421875
5896,-7674935.725,5059,0.01,2703342613.6875
5897,-15282374.799999999,7138,0.01,5597073472.71875
5898,-1184510.55,1988,0.01,2601757242.4375
5899,-9530536.725,5637,0.01,8862742540.625
5900,-6826141.25,4771,0.01,6402141129.5
5901,-9527853.125,5636,0.01,4756169664.84375
5902,-10815186.125,6005,0.01,5475238773.59375
5903,-5248325.425,4183,0.01,4218350444.09375
5904,-7581964.8,5028,0.01,5279444238.59375
5905,-10778876.875,5995,0.01,4916545257.96875
5906,-8505075.5,5325,0.01,5210996380.40625
5907,-13352668.35,6672,0.01,7312971618.625
5908,-1450731.375,2200,0.01,2814293889.875
5909,-13296016.049999999,6658,0.01,10038636702.0625
5910,-12753740.125,6521,0.01,8446072096.59375
5911,-4210561.975,3747,0.01,5605544677.9375
5912,-11333178.35,6147,0.01,7492121850.375
5913,-7833903.5,5111,0.01,5321023623.84375
5914,-13808220.875,6785,0.01,7137880149.8125
5915,-25365988.249999996,9196,0.01,12982213177.78125
5916,-9862795.725,5734,0.01,10821576206.0
5917,-1634411.0,2335,0.01,6639395085.5
5918,-8642212.799999999,5368,0.01,8956340420.78125
5919,-2303826.475,2772,0.01,3438507511.21875
5920,-5960683.3,4458,0.01,4313365349.40625
5921,-2862643.625,3090,0.01,3220867013.453125
5922,-5219219.6,4172,0.01,2645963036.984375
5923,-9922248.85,5752,0.01,3778809365.40625
5924,-12242950.35,6389,0.01,5376005301.25
5925,-4241858.125,3761,0.01,4363097867.71875
5926,-11381470.25,6160,0.01,6970627573.3125
5927,-5003046.625,4085,0.01,4021154823.71875
5928,-1330601.725,2107,0.01,1746558494.4375
5929,-17148431.124999996,7561,0.01,6287653243.671875
5930,-5160210.05,4148,0.01,6050175683.9375
5931,-20920777.749999996,8351,0.01,10235964724.84375
5932,-9241129.375,5551,0.01,7847681989.9375
5933,-3633152.125,3481,0.01,4260123585.25
5934,-12475443.35,6449,0.01,5399672488.046875
5935,-5490628.35,4279,0.01,4688305573.28125
5936,-8133183.225,5207,0.01,6078853048.0
5937,-8911690.0,5451,0.01,4470823435.1875
5938,-13491711.6,6707,0.01,6362964197.09375
5939,-21591496.349999998,8484,0.01,10911428795.0625
5940,-4679621.5,3950,0.01,7833536764.3125
5941,-9450136.35,5614,0.01,13403843963.0625
5942,-3701381.1750000003,3513,0.01,4159382743.3125
5943,-52031395.99999999,13170,0.01,23463818828.75
5944,-7371425.55,4958,0.01,12497905638.8125
5945,-19393356.25,8041,0.01,33142189639.1875
5946,-12147829.85,6364,0.01,9374553706.84375
5947,-9557809.375,5645,0.01,10291525273.3125
5948,-10219222.725,5837,0.01,7929190945.40625
5949,-9882362.125,5740,0.01,6576555736.28125
5950,-7767461.475,5089,0.01,5819677357.90625
5951,-5345644.35,4222,0.01,4817262239.625
5952,-14860176.725,7039,0.01,7119679620.59375
5953,-6057600.725,4494,0.01,6412034902.125
5954,-1447922.8,2198,0.01,3141637314.375
5955,-21218673.875,8411,0.01,10725143469.90625
5956,-5171920.3,4153,0.01,6592922449.34375
5957,-4077636.0500000003,3688,0.01,6394756853.3125
5958,-21661085.049999997,8498,0.01,10070938142.046875
5959,-2044154.975,2612,0.01,5478403074.75
5960,-6929335.6,4807,0.01,8141093841.75
5961,-7547340.975,5017,0.01,5537840004.6875
5962,-2001426.475,2584,0.01,1809877082.0
5963,-11254983.25,6126,0.01,4501252750.578125
5964,-5312273.1,4209,0.01,4265607827.6875
5965,-4457797.875,3856,0.01,2750839365.53125
5966,-4459799.1,3857,0.01,2695141799.640625
5967,-3672831.375,3500,0.01,1942144882.953125
5968,-6528279.375,4666,0.01,2694715655.59375
5969,-5770071.6,4387,0.01,2610750562.578125
5970,-4529478.1,3887,0.01,2500400611.859375
5971,-9590212.75,5655,0.01,3926510413.296875
5972,-1033895.9249999999,1858,0.01,1618775826.03125
5973,-1713495.5,2391,0.01,2399517392.46875
5974,-1775799.6,2434,0.01,2108068230.71875
5975,-4244471.1,3762,0.01,2649173543.0
5976,-1335550.125,2111,0.01,848680467.96875
5977,-3787866.725,3554,0.01,1362447519.5
5978,-10456826.75,5905,0.01,2940122641.09375
5979,-9408604.375,5601,0.01,4867784276.09375
5980,-708513.9249999999,1538,0.01,1614641650.21875
5981,-10237609.299999999,5843,0.01,5994915595.5
5982,-14390325.475,6927,0.01,7212492194.5
5983,-6061280.5,4496,0.01,5453617311.96875
5984,-6771354.725,4752,0.01,5064130290.03125
5985,-3191924.1750000003,3263,0.01,2541280741.734375
5986,-9203827.375,5540,0.01,3672307666.140625
5987,-12372287.924999999,6423,0.01,5358562377.8125
5988,-7788618.875,5096,0.01,5366272408.25
5989,-8963270.975,5467,0.01,5562343384.90625
5990,-3687479.1,3507,0.01,3005082160.65625
5991,-7213884.875,4905,0.01,3960317563.9375
5992,-3791468.5,3556,0.01,2443692906.5
5993,-2334906.5,2791,0.01,1899763194.90625
5994,-2663496.125,2981,0.01,1901244511.96875
5995,-4990724.0,4080,0.01,1975357320.625
5996,-7946008.8,5148,0.01,2352955409.1875
5997,-4710797.725,3964,0.01,2522119529.21875
5998,-12446510.725,6442,0.01,5046525419.296875
5999,-3741554.4250000003,3533,0.01,3456105898.6875
6000,-10053216.5,5790,0.01,5998215194.15625
6001,-3854211.625,3586,0.01,3240847219.375
6002,-2187024.75,2701,0.01,2076943049.4375
6003,-4757921.1,3984,0.01,3242250900.46875
6004,-2501826.35,2889,0.01,1549401273.34375
6005,-6007015.25,4476,0.01,2296500875.828125
6006,-3282201.85,3309,0.01,1921634183.234375
6007,-3657766.3000000003,3493,0.01,1879830609.3125
6008,-8515910.35,5329,0.01,2835134390.40625
6009,-22044554.425,8573,0.01,7981511855.125
6010,-12519178.0,6461,0.01,10670629908.5625
6011,-4685318.8,3953,0.01,8221743103.8125
6012,-4144901.9250000003,3718,0.01,4544829705.5625
6013,-2904533.3000000003,3113,0.01,3394789299.453125
6014,-11592764.6,6217,0.01,3985881011.265625
6015,-7040528.875,4845,0.01,4825345542.96875
6016,-2938557.25,3131,0.01,3247840189.5
6017,-5269029.1,4192,0.01,3559537655.25
6018,-13816421.475,6787,0.01,4516419941.1875
6019,-26579287.049999997,9413,0.01,12157565727.1875
6020,-12278640.799999999,6398,0.01,12989146689.9375
6021,-3895231.6,3604,0.01,9768419884.875
6022,-4698154.55,3958,0.01,5127973319.4375
6023,-9829759.0,5725,0.01,4904817774.796875
6024,-7657757.8,5053,0.01,4392438419.34375
6025,-3186229.375,3260,0.01,2799475754.8125
6026,-5090811.875,4120,0.01,2887677804.0625
6027,-4404094.85,3832,0.01,2239244957.125
6028,-7033238.3,4843,0.01,2351806433.421875
6029,-5679867.725,4352,0.01,2625656026.71875
6030,-3416729.25,3376,0.01,1962086610.921875
6031,-19928857.499999996,8151,0.01,6744165986.875
6032,-8893731.625,5446,0.01,7475968252.65625
6033,-6834127.225,4774,0.01,8183153847.5625
6034,-12172149.5,6370,0.01,5717562052.71875
6035,-16122971.85,7332,0.01,8359551331.5625
6036,-3806183.8000000003,3563,0.01,5464310153.3125
6037,-2300084.625,2770,0.01,4058712679.1875
6038,-4966550.375,4070,0.01,6032802283.796875
6039,-4160180.875,3725,0.01,1884769560.359375
6040,-10858359.225,6017,0.01,3676143997.0625
6041,-6743141.225,4742,0.01,4302556482.375
6042,-15597158.5,7211,0.01,5381475989.375
6043,-5925239.625,4445,0.01,5327588037.75
6044,-34046776.85,10654,0.01,17246168500.21875
6045,-8121875.225,5204,0.01,9272544780.375
6046,-21579728.099999998,8482,0.01,11397895663.4375
6047,-12943495.6,6569,0.01,9905583031.71875
6048,-21514219.974999998,8469,0.01,12722499643.0625
6049,-6130202.625,4521,0.01,8824506638.625
6050,-25074123.049999997,9143,0.01,17658885627.09375
6051,-14422839.35,6934,0.01,15462251558.5
6052,-3254572.725,3294,0.01,8494287806.78125
6053,-12541618.5,6466,0.01,8132630207.15625
6054,-6292120.25,4581,0.01,5025078178.03125
6055,-8916627.424999999,5453,0.01,4138354522.96875
6056,-9354165.625,5585,0.01,4574468439.4375
6057,-24214363.75,8985,0.01,9852478571.0
6058,-3982032.6,3644,0.01,8007534897.25
6059,-40093513.24999999,11561,0.01,27228342965.625
6060,-9603729.85,5659,0.01,10363406559.9375
6061,-5142111.75,4141,0.01,16841904336.4375
6062,-3545567.225,3439,0.01,3889654220.375
6063,-6274669.35,4574,0.01,3315642447.390625
6064,-1730454.8,2403,0.01,1936070624.15625
6065,-20957941.974999998,8359,0.01,7944910580.265625
6066,-40807880.35,11664,0.01,21574785106.9375
6067,-5487434.55,4278,0.01,9558989252.5625
6068,-12531319.1,6464,0.01,25489111472.0625
6069,-4773950.875,3990,0.01,4745779955.1875
6070,-11990979.299999999,6323,0.01,6836706190.53125
6071,-5479211.875,4275,0.01,4191576151.59375
6072,-8989461.375,5475,0.01,3545855771.515625
6073,-14637557.125,6986,0.01,6099106713.28125
6074,-25826613.099999998,9279,0.01,13264449245.4375
6075,-11710662.225,6249,0.01,10565565512.875
6076,-6584812.25,4686,0.01,6665581685.0625
6077,-6843446.975,4777,0.01,5155206337.9375
6078,-21020096.975,8372,0.01,7591118309.78125
6079,-5077106.0,4115,0.01,6809272996.9375
6080,-6782656.25,4756,0.01,6419529935.25
6081,-2507832.225,2892,0.01,2758780102.5625
6082,-14647810.049999999,6988,0.01,5074494179.453125
6083,-726810.1749999999,1558,0.01,2101048859.75
6084,-7563774.85,5022,0.01,4731402835.375
6085,-4525356.5,3885,0.01,3260500515.625
6086,-11277812.475,6132,0.01,4216236030.453125
6087,-5234283.55,4178,0.01,3927077893.4375
6088,-5740474.875,4375,0.01,3285394143.6875
6089,-3807708.35,3564,0.01,2453757127.5
6090,-4934012.375,4056,0.01,2669409167.046875
6091,-1548451.675,2273,0.01,1392097094.546875
6092,-17525875.474999998,7644,0.01,6168967207.65625
6093,-7296956.425,4933,0.01,6583730308.6875
6094,-16503664.549999999,7418,0.01,6895800250.96875
6095,-44584514.62499999,12191,0.01,21732028826.34375
6096,-5318314.375,4211,0.01,9738209663.625
6097,-8788392.299999999,5413,0.01,31343324684.8125
6098,-15081795.875,7091,0.01,7951101528.515625
6099,-7013839.875,4836,0.01,6490818726.5625
6100,-10087474.85,5799,0.01,8455087797.9375
6101,-9225377.5,5546,0.01,5418233843.65625
6102,-1420635.35,2177,0.01,2132202243.03125
6103,-3730276.35,3527,0.01,3528867254.84375
6104,-4869217.0,4030,0.01,3259785781.5625
6105,-6309492.6,4587,0.01,2386472805.4375
6106,-10708280.75,5975,0.01,3805094262.171875
6107,-4040766.125,3671,0.01,3225841172.25
6108,-10037033.0,5785,0.01,4760970101.6875
6109,-3026366.6,3177,0.01,2747885434.15625
6110,-10153570.049999999,5818,0.01,3823803454.65625
6111,-1317804.725,2097,0.01,1944654423.5625
6112,-1273852.475,2062,0.01,1667645541.34375
6113,-6944411.1,4812,0.01,2453168969.90625
6114,-3379280.6,3357,0.01,2204567424.265625
6115,-1006265.5499999999,1833,0.01,1175030219.09375
6116,-6403098.75,4621,0.01,2587336511.5
6117,-3818896.1,3569,0.01,2195056689.15625
6118,-5655375.05,4343,0.01,2230489924.03125
6119,-2612457.35,2952,0.01,1642561650.203125
6120,-11060442.1,6072,0.01,3453857057.203125
6121,-7506552.925,5003,0.01,4658664448.46875
6122,-36111021.099999994,10972,0.01,15941653195.53125
6123,-19747224.849999998,8114,0.01,14832506027.90625
6124,-8205646.75,5231,0.01,8996699344.5
6125,-7572177.75,5025,0.01,5264220685.90625
6126,-6654282.375,4711,0.01,3392931025.71875
6127,-3666969.975,3497,0.01,2598908267.53125
6128,-3055243.6,3192,0.01,2329451685.4375
6129,-3815870.1,3567,0.01,2144918864.953125
6130,-5656354.675,4343,0.01,1955691499.25
6131,-3566235.35,3449,0.01,1813003467.109375
6132,-16743717.6,7472,0.01,5262739816.5
6133,-790998.0,1625,0.01,2362803006.125
6134,-20536874.125,8275,0.01,8777219691.09375
6135,-1103172.35,1919,0.01,3965653479.75
6136,-14423912.625,6935,0.01,8770136722.28125
6137,-2820022.35,3067,0.01,4386766525.6875
6138,-16251442.0,7361,0.01,5255933362.09375
6139,-7473296.85,4992,0.01,6271041085.8125
6140,-3479741.975,3407,0.01,4331568843.125
6141,-8564106.1,5344,0.01,4065481713.828125
6142,-6879969.875,4790,0.01,3831307592.9375
6143,-966280.625,1796,0.01,1420519193.21875
6144,-6073184.0,4500,0.01,3471793215.09375
6145,-1956735.375,2555,0.01,1673250875.96875
6146,-7945732.725,5147,0.01,3350467665.40625
6147,-12365428.625,6421,0.01,5236740576.65625
6148,-2889815.975,3104,0.01,3235295642.8125
6149,-10465886.725,5907,0.01,6388577270.71875
6150,-7396166.125,4966,0.01,5298755663.75
6151,-12371196.6,6422,0.01,5418169926.65625
6152,-22539737.475,8669,0.01,9648193241.53125
6153,-2551966.1750000003,2918,0.01,5787063199.875
6154,-8882717.299999999,5443,0.01,4138574939.796875
6155,-1440950.55,2193,0.01,1974961448.65625
6156,-5697823.475,4359,0.01,3444938138.46875
6157,-3740492.6,3532,0.01,2523021322.375
6158,-9975825.725,5767,0.01,3199726332.03125
6159,-3739379.35,3532,0.01,2900769134.9375
6160,-4262693.375,3771,0.01,2628779623.28125
6161,-3497553.125,3416,0.01,2025498542.375
6162,-297370.35,997,0.01,425871667.921875
6163,-8405263.1,5294,0.01,2621110584.75
6164,-8351517.6,5277,0.01,3887450956.5625
6165,-6944278.6,4812,0.01,3096286586.953125
6166,-9920664.75,5751,0.01,3965754166.59375
6167,-2333900.125,2790,0.01,2363491104.75
6168,-1840796.05,2478,0.01,2420726017.65625
6169,-11156434.725,6099,0.01,4822763371.984375
6170,-36811011.550000004,11078,0.01,16169202778.9375
6171,-23834692.974999998,8914,0.01,20778832833.6875
6172,-6835073.35,4774,0.01,9986154256.875
6173,-3141636.475,3237,0.01,8091723359.875
6174,-24065269.974999998,8957,0.01,12813010409.046875
6175,-16749755.299999999,7473,0.01,10982011946.9375
6176,-44897566.974999994,12234,0.01,26710329245.5
6177,-11107285.375,6086,0.01,12505951951.78125
6178,-8490327.625,5321,0.01,22942091174.125
6179,-8067887.85,5187,0.01,6255220711.625
6180,-7436141.35,4979,0.01,4244171363.9375
6181,-6954974.5,4816,0.01,3671437390.984375
6182,-18790496.999999996,7915,0.01,6709505531.6875
6183,-2038512.8,2608,0.01,4453430239.5
6184,-5459427.85,4267,0.01,5170929403.5625
6185,-2995552.5,3161,0.01,2798406686.96875
6186,-6845547.3,4778,0.01,2609078442.671875
6187,-3933278.6,3622,0.01,2410958431.28125
6188,-5559054.25,4306,0.01,2678953486.21875
6189,-2884669.725,3102,0.01,1896771272.59375
6190,-1450008.975,2199,0.01,1219688008.703125
6191,-5399620.175,4243,0.01,1706380058.40625
6192,-4907327.375,4045,0.01,2065889252.84375
6193,-2522011.875,2900,0.01,1368250594.75
6194,-3755558.975,3539,0.01,1556960219.875
6195,-5912120.25,4440,0.01,1872968654.875
6196,-5649568.125,4340,0.01,2356146461.234375
6197,-5447508.225,4262,0.01,2617565334.828125
6198,-3767334.375,3545,0.01,2270371005.0625
6199,-285424.225,977,0.01,598396919.0625
6200,-5107494.85,4127,0.01,2163743985.59375
6201,-2162619.625,2686,0.01,1548528934.171875
6202,-2290015.725,2764,0.01,1495581082.75
6203,-11156808.85,6099,0.01,2818716280.734375
6204,-14890225.625,7046,0.01,6734664299.6875
6205,-4959150.85,4067,0.01,5458747542.9375
6206,-5595953.5,4320,0.01,3953486732.765625
6207,-2423355.0500000003,2843,0.01,2238650984.078125
6208,-9006490.25,5480,0.01,3244645877.46875
6209,-7499440.875,5001,0.01,3903872983.0625
6210,-6452150.35,4639,0.01,3211139439.015625
6211,-1271406.625,2060,0.01,1520596260.75
6212,-2281380.6,2759,0.01,1882495097.90625
6213,-9930884.475,5754,0.01,3416675669.328125
6214,-3097564.475,3214,0.01,2590547352.65625
6215,-8581700.475,5349,0.01,3714191614.03125
6216,-3274979.625,3305,0.01,2494387429.03125
6217,-9336938.875,5580,0.01,3051700581.609375
6218,-2190326.4250000003,2703,0.01,2139571211.875
6219,-5763993.6,4384,0.01,3174190693.3125
6220,-3378022.35,3357,0.01,2168171216.859375
6221,-9482729.924999999,5623,0.01,2787965956.9375
6222,-5936559.475,4449,0.01,3518102848.125
6223,-33308579.099999998,10537,0.01,12848741879.96875
6224,-18722068.0,7901,0.01,14411868448.65625
6225,-4270465.475,3774,0.01,8711340896.125
6226,-1713203.75,2391,0.01,4646857292.6875
6227,-8405358.225,5294,0.01,8377553705.671875
6228,-12672849.625,6500,0.01,5828142528.25
6229,-4498156.05,3873,0.01,4682624319.0
6230,-10176315.875,5825,0.01,6690467428.40625
6231,-6039415.3,4488,0.01,4241586724.3125
6232,-5681971.3,4353,0.01,2789918429.40625
6233,-8756767.1,5404,0.01,3522479438.53125
6234,-19751772.625,8115,0.01,7222431537.75
6235,-2918100.25,3120,0.01,5554998408.375
6236,-4279331.8,3778,0.01,5954987536.65625
6237,-4082227.75,3690,0.01,4746377991.296875
6238,-16923495.85,7512,0.01,5303163283.5625
6239,-5807759.375,4401,0.01,6089646415.3125
6240,-8388545.1,5289,0.01,5298635956.28125
6241,-2412284.725,2837,0.01,2140514877.21875
6242,-4978953.5,4075,0.01,2895656198.203125
6243,-7625664.55,5043,0.01,2715724800.59375
6244,-3799447.625,3560,0.01,2533164931.0
6245,-6606906.225,4694,0.01,3088927689.734375
6246,-1505717.75,2241,0.01,1662101213.46875
6247,-4979148.125,4075,0.01,2059068564.578125
6248,-6710718.125,4731,0.01,2355348776.4375
6249,-12114674.5,6356,0.01,3941095217.53125
6250,-3539460.5,3436,0.01,3443652586.03125
6251,-4059679.875,3680,0.01,3445691954.4375
6252,-2737644.6,3022,0.01,2631107637.515625
6253,-4185164.25,3736,0.01,1854818552.203125
6254,-1832014.725,2472,0.01,1256274752.21875
6255,-6338088.35,4597,0.01,1853963633.15625
6256,-4584404.0,3910,0.01,2155926297.78125
6257,-9401498.975,5599,0.01,3617017747.296875
6258,-3938360.225,3624,0.01,2971253354.65625
6259,-13086987.125,6605,0.01,5418475569.4375
6260,-2168003.35,2689,0.01,2992356277.21875
6261,-13355094.174999999,6673,0.01,7505836489.15625
6262,-15352896.85,7154,0.01,7737035505.75
6263,-12904586.475,6559,0.01,8363931564.6875
6264,-8309367.225,5264,0.01,7308106276.3125
6265,-5664033.25,4346,0.01,5326155110.03125
6266,-14201138.25,6881,0.01,5564026625.4375
6267,-5730353.375,4371,0.01,4977159064.9375
6268,-5757965.725,4382,0.01,4985779788.28125
6269,-6214149.35,4552,0.01,3454762441.203125
6270,-3334805.75,3335,0.01,2337086850.140625
6271,-8313906.5,5265,0.01,3125475404.765625
6272,-9410018.375,5601,0.01,4526543260.375
6273,-2320429.35,2782,0.01,2965611721.5
6274,-2495168.375,2885,0.01,2750972205.0
6275,-1988908.625,2576,0.01,1938559640.046875
6276,-5315169.625,4210,0.01,2050502910.8359375
6277,-5031116.75,4096,0.01,1940025569.484375
6278,-4523200.975,3884,0.01,2149521295.6875
6279,-18600838.0,7875,0.01,6006658256.90625
6280,-8539750.875,5336,0.01,6526920797.3125
6281,-23926587.624999996,8931,0.01,10472254104.40625
6282,-1839684.225,2477,0.01,5566816607.5
6283,-5556401.1,4304,0.01,9412557623.25
6284,-12963597.225,6574,0.01,8525233300.703125
6285,-7833479.25,5111,0.01,5516862287.4375
6286,-5986250.675,4468,0.01,4472581438.875
6287,-3359010.475,3347,0.01,2532226093.0
6288,-4521969.175,3883,0.01,2475536268.578125
6289,-2588047.3000000003,2938,0.01,1508110238.328125
6290,-1174017.35,1979,0.01,1004352410.015625
6291,-2963545.0500000003,3143,0.01,1331007706.8125
6292,-852251.75,1686,0.01,707202438.609375
6293,-3621753.375,3475,0.01,1294265130.15625
6294,-2939692.375,3131,0.01,1208689296.3125
6295,-3698951.475,3512,0.01,1448738035.578125
6296,-2999958.8000000003,3163,0.01,1257022183.0625
6297,-1925221.6,2534,0.01,1047247830.828125
6298,-9316544.299999999,5573,0.01,2530677273.53125
6299,-1256862.925,2048,0.01,1767471448.4375
6300,-10348274.6,5874,0.01,4521814872.96875
6301,-11278215.1,6132,0.01,5850427403.96875
6302,-29809109.049999997,9968,0.01,13616748401.5
6303,-24522474.975,9042,0.01,16550890741.03125
6304,-7901004.175,5133,0.01,10629563897.9375
6305,-4619743.125,3925,0.01,10047881896.3125
6306,-8590697.225,5352,0.01,4581160322.078125
6307,-2578641.4250000003,2933,0.01,2294757895.625
6308,-10913671.049999999,6033,0.01,3653558404.5
6309,-7683702.975,5062,0.01,4578249227.5625
6310,-16264134.725,7364,0.01,6514225011.1875
6311,-9794823.75,5715,0.01,6763311276.71875
6312,-11133865.799999999,6093,0.01,5833145961.375
6313,-12842123.799999999,6543,0.01,7032054218.875
6314,-1830089.875,2471,0.01,3171988841.1875
6315,-6912478.875,4801,0.01,6328736877.09375
6316,-2784895.3000000003,3048,0.01,3814201138.625
6317,-9721073.049999999,5693,0.01,3750709227.734375
6318,-3212076.1750000003,3273,0.01,2910679281.96875
6319,-10012382.299999999,5778,0.01,4877692994.203125
6320,-4553454.1,3897,0.01,3609079417.25
6321,-1283935.125,2070,0.01,1569771566.125
6322,-16270219.375,7365,0.01,5877539361.078125
6323,-7639462.975,5047,0.01,7442380455.0625
6324,-10219801.1,5837,0.01,8079330601.71875
6325,-15204700.375,7120,0.01,6865014602.59375
6326,-9669171.799999999,5678,0.01,7091612575.5625
6327,-7721157.975,5074,0.01,5803396114.15625
6328,-3566270.725,3449,0.01,3625551984.84375
6329,-6329973.875,4595,0.01,3615240254.71875
6330,-6941667.0,4811,0.01,3279964716.71875
6331,-2419498.75,2841,0.01,2042585125.40625
6332,-5598561.75,4321,0.01,2881156590.90625
6333,-1564691.125,2285,0.01,1358368500.0
6334,-3693631.125,3510,0.01,1993962631.859375
6335,-1490585.125,2230,0.01,1201253101.859375
6336,-4947948.85,4062,0.01,1809328369.734375
6337,-5177493.375,4155,0.01,1994833519.0625
6338,-452156.475,1229,0.01,691914372.84375
6339,-1401557.8,2163,0.01,1249408882.15625
6340,-2065364.0,2625,0.01,1555400958.765625
6341,-6596922.625,4690,0.01,2207490637.015625
6342,-11752004.25,6260,0.01,3623623696.78125
6343,-4163907.0,3726,0.01,3434522450.65625
6344,-6490136.1,4652,0.01,2809109093.140625
6345,-2051693.25,2616,0.01,1764097361.96875
6346,-10633385.975,5954,0.01,3831791674.0
6347,-5527786.3,4293,0.01,4302315200.59375
6348,-20617666.375,8291,0.01,8311503124.4375
6349,-1406491.6,2167,0.01,4166930128.8125
6350,-4663785.1,3944,0.01,5232162816.78125
6351,-6441550.75,4635,0.01,3986253784.453125
6352,-7411071.375,4971,0.01,2985970059.359375
6353,-8716080.125,5391,0.01,4011242544.375
6354,-2691162.0,2996,0.01,2599443639.4375
6355,-7002060.85,4832,0.01,4072325365.96875
6356,-607037.975,1424,0.01,1283435423.09375
6357,-6877663.35,4789,0.01,3752940308.4375
6358,-5088912.375,4120,0.01,3242016833.625
6359,-5658227.35,4344,0.01,2287855411.59375
6360,-8981093.975,5472,0.01,3476090174.5
6361,-6516462.25,4661,0.01,3726250799.625
6362,-2960086.725,3142,0.01,2331557608.15625
6363,-2277556.5,2756,0.01,2004467291.671875
6364,-5568433.475,4309,0.01,2747930852.1875
6365,-13201110.725,6634,0.01,4519691527.140625
6366,-8067846.85,5187,0.01,5521951792.34375
6367,-3994281.0,3650,0.01,3728899374.5625
6368,-4612013.475,3922,0.01,2848848145.25
6369,-2100024.85,2647,0.01,1786797221.4375
6370,-7262065.5,4921,0.01,2509830119.515625
6371,-3142019.225,3237,0.01,2221101815.03125
6372,-3772541.35,3547,0.01,2186962582.84375
6373,-4631375.25,3930,0.01,2110415917.75
6374,-3984684.375,3645,0.01,1694753569.96875
6375,-4405308.925,3833,0.01,2001063633.046875
6376,-8813179.0,5421,0.01,3053091302.5625
6377,-5978909.75,4465,0.01,3404011299.0
6378,-8427825.75,5301,0.01,3589901244.34375
6379,-3248229.725,3292,0.01,2410951092.09375
6380,-5364921.875,4230,0.01,2394406695.1875
6381,-3181879.0500000003,3258,0.01,1745629019.40625
6382,-3068368.975,3199,0.01,1768179772.03125
6383,-3261488.1750000003,3298,0.01,1641628093.140625
6384,-6378082.1,4612,0.01,2055339647.359375
6385,-10751441.549999999,5988,0.01,3710012734.5
6386,-5292179.5,4201,0.01,3419405705.3125
6387,-11976321.975,6319,0.01,4144455575.09375
6388,-15405500.35,7167,0.01,6728730925.3125
6389,-11763596.049999999,6263,0.01,7545084839.78125
6390,-611168.225,1429,0.01,2870672125.125
6391,-4987468.05,4078,0.01,6031425451.53125
6392,-11795028.5,6271,0.01,5903165594.65625
6393,-6017000.1,4479,0.01,4441469840.0
6394,-10680448.6,5967,0.01,5859801325.125
6395,-7328169.3,4943,0.01,4456097520.875
6396,-17743506.249999996,7691,0.01,7869432250.65625
6397,-2443229.875,2855,0.01,4878769219.625
6398,-2851472.6,3084,0.01,5633295845.5
6399,-6359811.25,4605,0.01,6661491605.109375
6400,-8410233.75,5296,0.01,3496997274.21875
6401,-7802311.875,5100,0.01,3955444165.96875
6402,-4187519.1,3737,0.01,3119477501.375
6403,-11000714.875,6056,0.01,5088128582.5625
6404,-20803040.049999997,8328,0.01,8558168162.65625
6405,-3971089.35,3639,0.01,6810416346.375
6406,-1637839.425,2338,0.01,4489622431.875
6407,-5357730.6,4227,0.01,6826683745.3125
6408,-6080726.55,4503,0.01,2869764309.03125
6409,-4411565.375,3836,0.01,2420437954.640625
6410,-495817.1,1287,0.01,889337437.09375
6411,-4904905.85,4044,0.01,2788838058.40625
6412,-3593193.725,3462,0.01,2027786045.5625
6413,-1347884.375,2121,0.01,1256171445.078125
6414,-2765304.6,3037,0.01,1378084731.40625
6415,-8057228.175,5183,0.01,2280322408.5625
6416,-7039933.25,4845,0.01,3329927159.21875
6417,-10800586.125,6001,0.01,4894990259.625
6418,-14475316.975,6947,0.01,6953092154.375
6419,-2535727.6750000003,2908,0.01,4270335825.3125
6420,-9424157.0,5605,0.01,7949506250.75
6421,-9337246.375,5580,0.01,5641479880.25
6422,-14031577.5,6840,0.01,5995422009.8125
6423,-6590796.05,4688,0.01,5833435085.09375
6424,-9476283.875,5621,0.01,7585968784.40625
6425,-8538820.875,5336,0.01,4973824360.46875
6426,-8241617.925,5243,0.01,4913658809.90625
6427,-11499436.6,6192,0.01,5389331011.90625
6428,-6232099.1,4559,0.01,4548786511.125
6429,-3641837.0,3485,0.01,3034449695.25
6430,-966592.875,1796,0.01,1529452378.03125
6431,-7028884.625,4841,0.01,3163864422.40625
6432,-10376710.6,5882,0.01,3896255875.28125
6433,-5579236.6,4314,0.01,3509268562.9375
6434,-2982025.6,3154,0.01,1897544797.15625
6435,-13806208.625,6785,0.01,4624964787.53125
6436,-5229674.875,4176,0.01,4522972934.625
6437,-11936013.549999999,6308,0.01,4108221678.078125
6438,-4996673.475,4082,0.01,4080604205.1875
6439,-11025124.299999999,6063,0.01,6077415694.875
6440,-3443623.35,3389,0.01,3662904086.25
6441,-7586113.75,5030,0.01,5059712561.71875
6442,-3174343.85,3254,0.01,2728118262.5625
6443,-2594540.225,2942,0.01,2040058532.28125
6444,-7174173.5,4891,0.01,2674743836.5
6445,-9115688.049999999,5513,0.01,3734212822.34375
6446,-10186729.049999999,5828,0.01,4861663199.90625
6447,-3006500.1,3167,0.01,3075636315.21875
6448,-5042120.625,4101,0.01,3113031459.921875
6449,-2994321.375,3160,0.01,1931468439.28125
6450,-6486751.75,4651,0.01,2366874824.640625
6451,-3311109.5500000003,3323,0.01,2172910269.328125
6452,-8689142.799999999,5383,0.01,3083332036.484375
6453,-1485016.25,2226,0.01,1771571767.25
6454,-8192988.475,5227,0.01,3309032996.71875
6455,-6770140.75,4751,0.01,3629503769.09375
6456,-3488705.75,3411,0.01,2228576651.375
6457,-8614528.625,5360,0.01,3437110598.65625
6458,-9222292.75,5545,0.01,4273212456.34375
6459,-10875231.25,6021,0.01,5134448021.78125
6460,-6104797.0,4511,0.01,4886179322.5
6461,-17686122.475,7679,0.01,7902965443.90625
6462,-2946659.75,3135,0.01,5215845682.9375
6463,-18794680.75,7916,0.01,8327179348.4375
6464,-2902786.85,3112,0.01,5039614419.25
6465,-10308358.549999999,5863,0.01,7097091690.65625
6466,-2408924.75,2835,0.01,2981749640.0625
6467,-678167.75,1505,0.01,1489235007.65625
6468,-9433316.85,5609,0.01,3804315102.953125
6469,-28593340.225,9764,0.01,11247533085.65625
6470,-21299156.1,8427,0.01,14515866322.28125
6471,-6389974.625,4616,0.01,7725428401.1875
6472,-1834129.85,2474,0.01,2454743816.5
6473,-27059788.299999997,9498,0.01,11280282155.625
6474,-15132514.924999999,7103,0.01,10285501998.84375
6475,-2997155.975,3162,0.01,5225526531.3125
6476,-1022999.7999999999,1848,0.01,2848601923.9375
6477,-9790683.1,5714,0.01,6707287709.5625
6478,-1242084.375,2036,0.01,1903707148.78125
6479,-9463424.6,5617,0.01,3976498784.53125
6480,-1226410.175,2023,0.01,1751044310.875
6481,-5593938.475,4319,0.01,2723984788.015625
6482,-6562764.175,4678,0.01,2447295494.953125
6483,-1682063.85,2369,0.01,1456761509.84375
6484,-3639107.975,3484,0.01,2264613392.25
6485,-13770428.5,6776,0.01,4412074310.265625
6486,-9474527.625,5620,0.01,5976836955.53125
6487,-9123242.375,5515,0.01,6169302505.3125
6488,-7835101.5,5111,0.01,4956770075.65625
6489,-4908480.5,4045,0.01,4228025535.25
6490,-2252962.25,2741,0.01,2651588263.34375
6491,-863756.5499999999,1698,0.01,1516249329.46875
6492,-4483573.6,3867,0.01,2817522883.796875
6493,-2148601.975,2677,0.01,1571077514.03125
6494,-3854128.75,3585,0.01,1566990882.9375
6495,-4116166.375,3705,0.01,1534852194.921875
6496,-12258016.799999999,6393,0.01,3580636641.171875
6497,-21418787.374999996,8450,0.01,9361673625.8125
6498,-8837234.924999999,5428,0.01,8339635184.0625
6499,-9691011.35,5684,0.01,5980480988.15625
6500,-3093779.975,3212,0.01,3252324727.90625
6501,-4498606.925,3873,0.01,4209803833.28125
6502,-17206451.849999998,7574,0.01,6706380038.375
6503,-2310663.75,2776,0.01,4141884140.5625
6504,-1685016.5,2371,0.01,3280799911.96875
6505,-3147476.375,3240,0.01,4222350297.90625
6506,-16595743.799999999,7438,0.01,5877264746.5625
6507,-2199162.725,2709,0.01,4041742338.625
6508,-12940724.725,6569,0.01,7150892634.15625
6509,-3874569.375,3595,0.01,4147680463.8125
6510,-2029262.1,2602,0.01,1809944196.96875
6511,-5041017.0,4100,0.01,1877993579.125
6512,-3128093.875,3230,0.01,1669062386.671875
6513,-6484727.625,4650,0.01,2096312981.015625
6514,-2131988.1,2667,0.01,1619997041.203125
6515,-2564123.85,2924,0.01,1639365610.859375
6516,-4210517.6,3747,0.01,1735018259.046875
6517,-1295185.1,2079,0.01,870394137.6875
6518,-5807391.625,4401,0.01,1839930865.609375
6519,-3282612.725,3309,0.01,1681458392.109375
6520,-4395523.6,3829,0.01,1784452339.734375
6521,-281854.25,971,0.01,444460887.4375
6522,-8202576.5,5230,0.01,2621185248.953125
6523,-5854080.6,4419,0.01,3289349149.71875
6524,-8934383.674999999,5458,0.01,3471074919.046875
6525,-8396187.125,5291,0.01,3843896604.4375
6526,-12302319.1,6404,0.01,5025353745.5625
6527,-9769587.85,5707,0.01,6129232970.59375
6528,-4228784.5,3755,0.01,4365790994.875
6529,-2325638.25,2785,0.01,2862096717.03125
6530,-2082962.875,2636,0.01,2419921840.0625
6531,-2838920.475,3077,0.01,1614783272.7421875
6532,-2903539.1,3112,0.01,1316975181.90625
6533,-4813034.375,4006,0.01,1726886338.390625
6534,-2253359.85,2742,0.01,1369597124.65625
6535,-2282618.375,2760,0.01,1212415747.6875
6536,-4651053.35,3939,0.01,1585461719.4375
6537,-3504669.6,3419,0.01,1603440922.515625
6538,-4803134.85,4002,0.01,1680972752.15625
6539,-5132322.1,4137,0.01,2020732973.5
6540,-978161.225,1807,0.01,1017437366.75
6541,-3744211.1,3534,0.01,1876106641.171875
6542,-2256520.9250000003,2743,0.01,1459795494.203125
6543,-2823112.4250000003,3068,0.01,1497752646.296875
6544,-9705934.049999999,5688,0.01,2635305896.875
6545,-3740317.975,3532,0.01,2940006439.625
6546,-4377531.875,3821,0.01,2650368331.890625
6547,-2602123.125,2946,0.01,1898150269.25
6548,-5441210.375,4260,0.01,1914088195.84375
6549,-18346214.375,7821,0.01,5625347726.515625
6550,-4083425.25,3690,0.01,5414963347.1875
6551,-14094602.625,6855,0.01,10443360099.0625
6552,-5363098.85,4229,0.01,4709486050.53125
6553,-6946545.175,4813,0.01,4491274512.28125
6554,-7242820.625,4915,0.01,3812370026.96875
6555,-5011565.925,4088,0.01,2900951312.40625
6556,-8023497.725,5172,0.01,3253245350.578125
6557,-2000990.925,2583,0.01,1970359036.75
6558,-4345356.725,3807,0.01,2697542632.875
6559,-5159027.3,4148,0.01,2506075011.96875
6560,-505889.25,1300,0.01,693635544.671875
6561,-9777425.0,5710,0.01,3063793343.46875
6562,-22635278.35,8687,0.01,8975433192.46875
6563,-8319600.6,5267,0.01,8587770915.34375
6564,-3346314.375,3341,0.01,3867013603.84375
6565,-1736595.725,2407,0.01,2465161839.5625
6566,-13208021.125,6636,0.01,5367225774.640625
6567,-5886284.75,4430,0.01,4873472573.375
6568,-11897957.924999999,6298,0.01,5694067541.15625
6569,-29179540.05,9863,0.01,13059920992.46875
6570,-4184609.125,3736,0.01,7924499570.4375
6571,-10167780.924999999,5823,0.01,14419676153.625
6572,-1871938.1,2499,0.01,2865703821.0
6573,-9586744.225,5654,0.01,4224524516.5
6574,-10912887.1,6032,0.01,5588712838.21875
6575,-1327559.375,2105,0.01,1991293517.09375
6576,-8124310.125,5205,0.01,3968394244.21875
6577,-4753644.975,3982,0.01,3120398999.34375
6578,-12717127.975,6512,0.01,4663879256.578125
6579,-6157335.625,4531,0.01,4554845563.25
6580,-2575790.25,2931,0.01,2782419117.59375
6581,-6561344.6,4677,0.01,3581065072.546875
6582,-1395242.1,2157,0.01,1683224628.25
6583,-11272678.625,6130,0.01,4402247231.265625
6584,-7101739.75,4866,0.01,5275748221.40625
6585,-11391036.174999999,6163,0.01,5588071652.15625
6586,-3272449.35,3304,0.01,2822057935.0625
6587,-4581732.85,3909,0.01,2531847164.90625
6588,-3149452.875,3241,0.01,1742647858.21875
6589,-6157566.6,4532,0.01,2147886871.0
6590,-3781724.35,3552,0.01,2003884813.328125
6591,-12085767.799999999,6348,0.01,3939126296.484375
6592,-7194050.675,4898,0.01,4490018156.78125
6593,-3041110.125,3185,0.01,2180560672.328125
6594,-3158542.125,3246,0.01,2244670906.046875
6595,-3865586.0,3591,0.01,2342050825.0625
6596,-6805481.6,4764,0.01,2182956675.78125
6597,-2368164.25,2811,0.01,1797573119.34375
6598,-7768675.75,5090,0.01,3156262051.25
6599,-8327500.5,5270,0.01,4049686985.15625
6600,-15482085.125,7185,0.01,5863510677.6875
6601,-2783571.6,3047,0.01,4292194983.3125
6602,-1257968.725,2049,0.01,2512561022.6875
6603,-5334151.3,4218,0.01,3874540902.921875
6604,-1821289.125,2465,0.01,1676046992.15625
6605,-17165492.999999996,7565,0.01,5121970155.53125
6606,-6417625.625,4626,0.01,5958420460.4375
6607,-5091243.375,4121,0.01,2822355158.75
6608,-11568915.75,6211,0.01,4153035703.515625
6609,-1840498.925,2478,0.01,2466166317.5625
6610,-11548401.75,6205,0.01,5409770621.03125
6611,-1700646.975,2382,0.01,2929059066.125
6612,-9131177.424999999,5518,0.01,5329954844.0
6613,-2619099.375,2956,0.01,2955460384.0
6614,-3157052.125,3245,0.01,2077126595.59375
6615,-3062408.75,3196,0.01,1286213166.9453125
6616,-4495075.6,3872,0.01,1595232432.171875
6617,-3947356.8000000003,3628,0.01,1618252224.078125
6618,-10856177.0,6016,0.01,3256137955.640625
6619,-309358.35,1017,0.01,989821699.78125
6620,-10804216.975,6002,0.01,5003658254.5625
6621,-6376705.25,4611,0.01,4721836078.71875
6622,-873094.475,1707,0.01,1458755007.28125
6623,-14097593.125,6856,0.01,5978976248.4375
6624,-5853223.925,4418,0.01,5597078658.28125
6625,-1922235.85,2532,0.01,1859019621.4375
6626,-4628424.1,3929,0.01,2594163149.71875
6627,-3843169.625,3580,0.01,2230926890.1875
6628,-4530766.975,3887,0.01,1868619887.171875
6629,-21059661.849999998,8379,0.01,6831356432.796875
6630,-38366658.225,11309,0.01,22369228774.6875
6631,-19759629.249999996,8116,0.01,17651857555.75
6632,-12232313.0,6386,0.01,11668865065.0625
6633,-3721784.6750000003,3523,0.01,7301843569.125
6634,-9880100.125,5740,0.01,5803411133.953125
6635,-23258038.625,8806,0.01,9488419996.46875
6636,-22245176.85,8612,0.01,12407448599.90625
6637,-2991701.35,3159,0.01,6466811386.1875
6638,-2927101.0,3125,0.01,5416540626.03125
6639,-8968989.475,5469,0.01,7053303715.125
6640,-3027124.6,3177,0.01,2630190556.96875
6641,-2917677.6,3119,0.01,2241978357.828125
6642,-17186036.849999998,7569,0.01,5697469567.03125
6643,-6291090.25,4580,0.01,6304415469.28125
6644,-2877088.9250000003,3098,0.01,4942040263.8125
6645,-7141853.0,4880,0.01,4788179690.96875
6646,-2797978.5,3055,0.01,2253410201.03125
6647,-7493913.725,4999,0.01,3234983586.109375
6648,-5892412.675,4433,0.01,3200552686.40625
6649,-6794232.625,4760,0.01,3064535683.875
6650,-5537212.85,4297,0.01,2739138303.90625
6651,-1836535.25,2475,0.01,1635826509.3125
6652,-2177938.0,2695,0.01,1863205416.78125
6653,-1342021.5,2116,0.01,1043126284.953125
6654,-1133368.375,1945,0.01,836860469.90625
6655,-3237253.25,3286,0.01,1078148960.5859375
6656,-4745349.3,3978,0.01,1386422518.46875
6657,-8180488.55,5223,0.01,2482796630.3125
6658,-8257107.725,5247,0.01,3566354478.25
6659,-1547200.725,2272,0.01,1636118715.4375
6660,-2749579.3000000003,3028,0.01,2640528705.0
6661,-1264134.225,2054,0.01,1529323096.609375
6662,-3646452.475,3487,0.01,2159224144.796875
6663,-2387471.6,2822,0.01,1120853142.4921875
6664,-3142993.35,3237,0.01,1232790216.8125
6665,-5800788.55,4398,0.01,1746215485.4375
6666,-10331618.225,5869,0.01,3291410832.46875
6667,-5675413.625,4350,0.01,3825052773.3125
6668,-2805565.975,3059,0.01,2697743584.046875
6669,-3369159.225,3352,0.01,2929474174.265625
6670,-3417003.0,3376,0.01,1774672126.453125
6671,-3406670.125,3371,0.01,1405837120.640625
6672,-5683906.725,4354,0.01,1907416769.671875
6673,-3292588.1,3314,0.01,1762592879.6875
6674,-3618654.475,3474,0.01,1572388813.03125
6675,-2385837.875,2821,0.01,1179948042.53125
6676,-9282642.799999999,5563,0.01,2591976333.53125
6677,-1207318.6,2007,0.01,1741338509.78125
6678,-19284342.799999997,8018,0.01,9113876537.0625
6679,-17782081.349999998,7699,0.01,10303075198.1875
6680,-4176841.475,3732,0.01,6558988828.8125
6681,-6636678.725,4704,0.01,7357428549.0625
6682,-7548609.475,5017,0.01,4633410258.5
6683,-2727914.25,3016,0.01,2332514921.1875
6684,-9152066.725,5524,0.01,4596060806.0625
6685,-4470448.75,3861,0.01,3314764041.90625
6686,-15618502.75,7216,0.01,6001519548.75
6687,-20726082.175,8313,0.01,10362547598.65625
6688,-3254287.75,3295,0.01,6243391617.0625
6689,-6959421.05,4818,0.01,4720864933.71875
6690,-1662526.625,2355,0.01,2171316889.1875
6691,-11128798.125,6091,0.01,4252072838.984375
6692,-14918587.799999999,7053,0.01,6729516898.5
6693,-2594653.225,2942,0.01,3825916184.5
6694,-15100009.625,7096,0.01,6587613276.921875
6695,-3589526.375,3460,0.01,4431515949.84375
6696,-14905039.975,7049,0.01,5548472769.203125
6697,-3974245.125,3641,0.01,4307071264.375
6698,-3268544.6,3302,0.01,2389823574.09375
6699,-1239768.475,2034,0.01,1333878866.40625
6700,-3686749.725,3507,0.01,1791409553.5
6701,-2911139.875,3116,0.01,1335480578.96875
6702,-4438916.175,3848,0.01,1495976784.1875
6703,-3418042.25,3376,0.01,1356717787.03125
6704,-13350845.475,6672,0.01,3836923187.484375
6705,-2119061.1,2659,0.01,2978591187.375
6706,-10136839.225,5814,0.01,5892075199.03125
6707,-24233014.299999997,8988,0.01,9962861214.0
6708,-8862617.125,5436,0.01,8302536731.59375
6709,-3143588.6750000003,3238,0.01,3298871065.71875
6710,-7391869.5,4965,0.01,4490640889.90625
6711,-4873212.25,4031,0.01,3239188431.90625
6712,-10869321.375,6020,0.01,4240440734.40625
6713,-2213712.6,2717,0.01,2478337218.0625
6714,-10768716.225,5992,0.01,6026379681.53125
6715,-806599.0,1641,0.01,2034631558.0625
6716,-16547699.049999999,7428,0.01,7899311243.03125
6717,-4082816.75,3690,0.01,5881936517.0625
6718,-3246529.75,3291,0.01,3637921789.71875
6719,-3087709.85,3209,0.01,3191801298.953125
6720,-2043328.25,2611,0.01,1207841300.5625
6721,-1585021.375,2300,0.01,953387592.6328125
6722,-4219836.35,3752,0.01,1363843734.859375
6723,-2524445.225,2902,0.01,1191833456.875
6724,-3353512.225,3344,0.01,1392370753.25
6725,-3436018.25,3385,0.01,1353735000.625
6726,-7479738.6,4994,0.01,2096885803.78125
6727,-1838779.975,2477,0.01,1697360714.90625
6728,-5835368.125,4411,0.01,2509903064.828125
6729,-8197190.8,5228,0.01,3625574625.59375
6730,-9038854.75,5490,0.01,4100651932.234375
6731,-7211927.725,4904,0.01,3722483818.09375
6732,-7109735.1,4869,0.01,3815546704.96875
6733,-9343560.25,5581,0.01,4627681299.15625
6734,-4232824.225,3757,0.01,3406741127.3125
6735,-17051822.249999996,7540,0.01,7139637398.890625
6736,-3727259.625,3526,0.01,5130689420.5625
6737,-8406678.875,5295,0.01,5512786681.625
6738,-1631200.425,2333,0.01,2285985259.1875
6739,-9427403.35,5607,0.01,3423494518.78125
6740,-6767637.0,4750,0.01,4044410782.0
6741,-13101553.6,6609,0.01,4901856854.84375
6742,-36375235.724999994,11012,0.01,17017097237.3125
6743,-12046973.799999999,6338,0.01,15595731624.6875
6744,-5109428.675,4128,0.01,9369681340.1875
6745,-3797809.975,3559,0.01,3548529350.84375
6746,-3354595.0,3345,0.01,3094382874.859375
6747,-5131489.475,4137,0.01,2489172661.671875
6748,-7339003.225,4947,0.01,2750718016.390625
6749,-8999736.549999999,5478,0.01,3738020907.703125
6750,-7026283.0,4841,0.01,3963118580.375
6751,-12767712.875,6525,0.01,5004520933.03125
6752,-12564686.799999999,6473,0.01,6301558345.1875
6753,-3468569.0,3401,0.01,3900274867.21875
6754,-10844041.174999999,6013,0.01,6455461091.40625
6755,-1532554.0,2261,0.01,2255768996.78125
6756,-9315353.424999999,5573,0.01,4011361212.328125
6757,-1807061.0,2455,0.01,2231761864.75
6758,-1457417.625,2205,0.01,1774585647.125
6759,-4217356.5,3750,0.01,1758978505.046875
6760,-5724792.475,4369,0.01,1970693666.9375
6761,-5523017.975,4292,0.01,2164284041.359375
6762,-1246501.25,2040,0.01,1222563848.9375
6763,-3203172.975,3269,0.01,1874251535.734375
6764,-953384.6,1784,0.01,938248475.0
6765,-4152004.75,3721,0.01,1571527347.359375
6766,-419224.225,1184,0.01,502094819.84375
6767,-3553476.4250000003,3443,0.01,1401513584.578125
6768,-6653881.625,4711,0.01,2179260345.203125
6769,-1166810.8,1973,0.01,1246150529.1875
6770,-24037952.849999998,8952,0.01,8051572538.375
6771,-8104099.675,5198,0.01,9383066774.0
6772,-5065842.5,4110,0.01,6622535403.78125
6773,-5345503.475,4222,0.01,3744050748.4375
6774,-601980.2999999999,1418,0.01,1353246624.09375
6775,-12248142.625,6390,0.01,5041186808.296875
6776,-30140812.974999998,10024,0.01,14773763400.15625
6777,-14860623.225,7039,0.01,11209139979.59375
6778,-33552423.874999996,10576,0.01,18447246241.84375
6779,-9449665.174999999,5613,0.01,9903456295.5625
6780,-14400085.85,6929,0.01,16630321186.9375
6781,-14983914.299999999,7068,0.01,8435846693.0
6782,-9486750.225,5624,0.01,7139504443.40625
6783,-5952454.5,4455,0.01,4585611979.53125
6784,-11858399.174999999,6288,0.01,6182641690.59375
6785,-11141345.375,6095,0.01,5822730576.65625
6786,-11991308.549999999,6323,0.01,6896292177.71875
6787,-11502583.174999999,6193,0.01,7241058666.84375
6788,-1858420.75,2490,0.01,2859102929.625
6789,-5263796.125,4190,0.01,5141904424.5625
6790,-5919841.425,4443,0.01,5121732043.65625
6791,-6328232.6,4594,0.01,2949132760.609375
6792,-7520637.425,5008,0.01,3317601306.375
6793,-15541602.299999999,7198,0.01,5642611742.203125
6794,-3235130.75,3285,0.01,4987044210.5
6795,-31103016.675,10183,0.01,17230675391.90625
6796,-5020503.725,4092,0.01,7820910251.0
6797,-7463598.725,4989,0.01,9497039099.5625
6798,-1948389.75,2550,0.01,2863411181.90625
6799,-2168430.875,2690,0.01,2343179397.84375
6800,-7159289.25,4886,0.01,2631939347.28125
6801,-7409989.0,4971,0.01,2992398531.046875
6802,-12746212.1,6519,0.01,4588644873.59375
6803,-4656882.375,3941,0.01,4315982391.21875
6804,-19511516.375,8066,0.01,8544247693.75
6805,-17781958.0,7700,0.01,11213257054.375
6806,-4541875.1,3892,0.01,6646754103.0
6807,-4913244.55,4048,0.01,5411505052.03125
6808,-4639333.05,3933,0.01,3694862430.546875
6809,-1048862.25,1871,0.01,1456590708.0
6810,-7027237.75,4841,0.01,2962572161.375
6811,-3494420.1,3414,0.01,2428200216.0
6812,-5592964.475,4319,0.01,2607433002.203125
6813,-7150594.05,4883,0.01,3117033522.109375
6814,-4398612.125,3830,0.01,2614195331.6875
6815,-808966.0499999999,1643,0.01,1269259393.375
6816,-6076289.375,4501,0.01,2929860836.21875
6817,-5513773.175,4288,0.01,2652883496.21875
6818,-12669011.725,6499,0.01,4392857818.859375
6819,-6113487.125,4515,0.01,4596083464.28125
6820,-10908675.25,6031,0.01,5855325973.28125
6821,-8049685.125,5181,0.01,4647511806.90625
6822,-4374955.75,3820,0.01,2973270576.40625
6823,-4051897.5,3676,0.01,2771662671.296875
6824,-11169049.475,6102,0.01,4091069042.125
6825,-887518.25,1721,0.01,1769030032.8125
6826,-3279182.725,3307,0.01,3396934246.40625
6827,-3543595.4250000003,3438,0.01,2622537623.265625
6828,-4140921.875,3716,0.01,2081951452.09375
6829,-8620208.75,5361,0.01,2731689234.515625
6830,-21130763.674999997,8393,0.01,7918171576.875
6831,-2006940.975,2587,0.01,5319798506.625
6832,-6945430.1,4812,0.01,9440002692.1875
6833,-11890342.25,6296,0.01,7428765760.5
6834,-6179535.5,4540,0.01,4797316377.625
6835,-6010126.85,4477,0.01,3780758855.3125
6836,-9184672.6,5534,0.01,3634020669.578125
6837,-11648065.725,6232,0.01,5049168614.53125
6838,-22683249.999999996,8696,0.01,9508817338.34375
6839,-21436170.725,8454,0.01,11787832857.21875
6840,-726999.5499999999,1558,0.01,3190511998.0625
6841,-24387295.225,9017,0.01,14749101625.65625
6842,-19623952.225,8089,0.01,11666950291.09375
6843,-1552691.5,2276,0.01,5155105471.4375
6844,-2865985.475,3092,0.01,6107745250.25
6845,-5219432.85,4172,0.01,7266165675.875
6846,-4668440.375,3946,0.01,2522560068.671875
6847,-5442137.625,4260,0.01,2450547580.09375
6848,-3478660.625,3406,0.01,2061446873.921875
6849,-11320312.924999999,6143,0.01,4029395630.765625
6850,-10806687.475,6002,0.01,5512117275.03125
6851,-7256119.725,4919,0.01,5519064847.0625
6852,-1214176.925,2013,0.01,1977861599.1875
6853,-10056890.0,5791,0.01,5459272420.171875
6854,-3389065.225,3362,0.01,3579773860.90625
6855,-2241261.1,2734,0.01,2229599309.0625
6856,-579785.0,1391,0.01,866178741.90625
6857,-8424266.375,5300,0.01,2988180174.640625
6858,-946850.9249999999,1778,0.01,1497184523.53125
6859,-915168.9249999999,1748,0.01,1459175927.375
6860,-11494507.5,6191,0.01,3762450302.171875
6861,-3411313.9250000003,3373,0.01,3585188511.9375
6862,-7450137.35,4984,0.01,3120101617.453125
6863,-2498601.225,2887,0.01,2069494738.125
6864,-2670197.6,2984,0.01,1854120889.609375
6865,-2009667.85,2589,0.01,1325421773.21875
6866,-2132140.225,2667,0.01,1142594453.6796875
6867,-898656.1,1732,0.01,547755018.234375
6868,-1631096.425,2333,0.01,719699363.890625
6869,-5539148.425,4298,0.01,1360752548.7265625
6870,-14528545.625,6960,0.01,4364418755.203125
6871,-1353192.0,2125,0.01,2488442095.75
6872,-6058242.625,4495,0.01,4627305853.9375
6873,-3088877.5,3210,0.01,2998782160.4375
6874,-8035052.25,5176,0.01,2982929825.390625
6875,-6074322.0,4500,0.01,3321934495.40625
6876,-7853762.975,5117,0.01,3780528055.15625
6877,-3397410.25,3366,0.01,2289154083.6875
6878,-3944553.35,3627,0.01,2633278262.9375
6879,-3554235.4250000003,3443,0.01,2044202329.46875
6880,-8787894.799999999,5413,0.01,2483464135.609375
6881,-1648183.0,2345,0.01,1717130516.78125
6882,-8829210.75,5426,0.01,3795792667.5625
6883,-3891817.6,3602,0.01,2875821294.65625
6884,-8762823.75,5405,0.01,3378741898.78125
6885,-18372638.749999996,7826,0.01,6936570427.46875
6886,-2735029.25,3020,0.01,4831023793.125
6887,-9723068.225,5694,0.01,9679411394.0
6888,-4425248.125,3841,0.01,4298318910.6875
6889,-743152.875,1575,0.01,1408537671.03125
6890,-8188172.875,5225,0.01,3628715074.140625
6891,-3821332.625,3570,0.01,2753621573.40625
6892,-3155320.225,3244,0.01,2194259946.34375
6893,-7034226.05,4843,0.01,2494373279.796875
6894,-21105220.924999997,8388,0.01,7287593058.15625
6895,-11255938.25,6126,0.01,11165560525.0625
6896,-10141921.5,5815,0.01,9964051118.34375
6897,-11738447.25,6256,0.01,7241210115.46875
6898,-13634530.049999999,6743,0.01,7729320238.375
6899,-9534004.049999999,5638,0.01,7420064737.59375
6900,-2425495.85,2844,0.01,3282672379.6875
6901,-8772185.924999999,5408,0.01,6147708003.4375
6902,-10282420.375,5855,0.01,5289444180.5
6903,-8019191.5,5171,0.01,5077833777.5
6904,-1517029.0,2250,0.01,2126057084.15625
6905,-1918329.75,2530,0.01,2900311050.90625
6906,-3837773.3000000003,3578,0.01,2881554663.90625
6907,-3135677.225,3234,0.01,1775470312.859375
6908,-1209377.475,2009,0.01,950925013.0625
6909,-673580.25,1500,0.01,704472324.265625
6910,-6740466.125,4741,0.01,1908453875.3125
6911,-5058595.1,4107,0.01,2670878896.53125
6912,-1488774.475,2229,0.01,1394450913.34375
6913,-4896732.25,4041,0.01,2357626519.65625
6914,-5423221.925,4253,0.01,2154924849.6875
6915,-2978241.725,3152,0.01,1436810533.734375
6916,-9024726.5,5486,0.01,2678038601.671875
6917,-3428720.225,3382,0.01,2762107120.5
6918,-1916870.1,2529,0.01,1726521009.375
6919,-5037094.225,4099,0.01,2042082563.25
6920,-3206358.75,3270,0.01,1530380661.625
6921,-3162613.9250000003,3248,0.01,1491016632.890625
6922,-7978253.8,5158,0.01,2221926660.15625
6923,-13444071.125,6695,0.01,4946929142.375
6924,-4827386.1,4012,0.01,4717138480.71875
6925,-11720831.125,6251,0.01,6453096189.71875
6926,-4839772.1,4017,0.01,3904388628.75
6927,-5320737.6,4212,0.01,3691549303.0625
6928,-22569568.224999998,8674,0.01,8722196751.78125
6929,-1079359.425,1898,0.01,3963395577.625
6930,-3574750.3000000003,3453,0.01,7368658168.8125
6931,-4623016.975,3927,0.01,9902664081.25
6932,-1673172.175,2363,0.01,1923597309.90625
6933,-16979487.599999998,7524,0.01,5954050063.46875
6934,-9182490.1,5534,0.01,6704884713.03125
6935,-2465506.6750000003,2868,0.01,2517869038.90625
6936,-3550483.25,3441,0.01,3374970367.25
6937,-7209178.05,4903,0.01,3998622230.71875
6938,-6995321.75,4830,0.01,3195945308.421875
6939,-10914104.1,6032,0.01,4456465620.3125
6940,-20245600.25,8216,0.01,8780034582.5625
6941,-3545527.725,3439,0.01,5936964045.0
6942,-12144270.475,6364,0.01,6549406531.40625
6943,-10048568.1,5789,0.01,5638187083.53125
6944,-6499814.5,4656,0.01,4266025573.203125
6945,-6747392.3,4743,0.01,4232428863.15625
6946,-4510433.3,3878,0.01,2887276617.0
6947,-2570354.9250000003,2928,0.01,2104746080.125
6948,-8787115.549999999,5413,0.01,3439887233.9375
6949,-6137584.225,4524,0.01,3472061482.21875
6950,-4964349.725,4069,0.01,2662033361.109375
6951,-7060462.225,4852,0.01,3110456226.65625
6952,-2145122.5,2675,0.01,1789515073.3125
6953,-10548314.5,5931,0.01,3830210224.140625
6954,-1606912.875,2316,0.01,2273113600.75
6955,-666610.35,1492,0.01,1411593554.21875
6956,-4310893.225,3792,0.01,2625907128.5625
6957,-4757970.925,3983,0.01,2117686947.265625
6958,-9957198.35,5762,0.01,3036806238.265625
6959,-21027202.675,8373,0.01,8223986653.09375
6960,-7088648.225,4862,0.01,7299575738.46875
6961,-4885175.0,4036,0.01,3543862886.0625
6962,-3680906.725,3504,0.01,2749185689.0625
6963,-7107389.3,4868,0.01,2797589561.75
6964,-1118959.225,1932,0.01,1327609218.0625
6965,-6890220.425,4793,0.01,2895738222.78125
6966,-6390029.375,4616,0.01,3241775436.375
6967,-7738764.0,5080,0.01,3477733823.09375
6968,-17070707.849999998,7544,0.01,6530024207.40625
6969,-11860559.799999999,6288,0.01,9055932090.25
6970,-10514661.25,5921,0.01,8137717869.75
6971,-27943153.35,9652,0.01,12329130415.15625
6972,-10595168.475,5944,0.01,9611113310.21875
6973,-15716533.975,7239,0.01,10906389477.71875
6974,-11807518.475,6274,0.01,9093704065.0
6975,-2778061.6,3044,0.01,4117590244.59375
6976,-3661204.225,3494,0.01,4174789318.4375
6977,-3066763.0500000003,3198,0.01,2915714070.171875
6978,-5024993.675,4093,0.01,2059695764.46875
6979,-9921044.75,5751,0.01,3457253287.4375
6980,-27704534.125,9611,0.01,11381204296.625
6981,-6558755.75,4676,0.01,9724036371.5625
6982,-4901701.925,4043,0.01,6196501177.1875
6983,-4846675.0,4020,0.01,3610122346.90625
6984,-1884038.1,2507,0.01,1932520639.78125
6985,-31330023.374999996,10220,0.01,12546023312.75
6986,-4762992.25,3986,0.01,7928978314.625
6987,-8274708.05,5253,0.01,9185956720.125
6988,-5423365.175,4253,0.01,4064399077.46875
6989,-5359418.8,4228,0.01,2949282345.953125
6990,-12633070.125,6490,0.01,4632421450.25
6991,-5396307.975,4242,0.01,4273305791.6875
6992,-8962701.6,5467,0.01,4485914423.546875
6993,-1524171.75,2255,0.01,1809402864.359375
6994,-6312884.55,4588,0.01,3103614351.484375
6995,-2512761.5,2895,0.01,1859849856.25
6996,-6242584.675,4563,0.01,2490767400.9375
6997,-5483982.5,4276,0.01,2539811435.953125
6998,-3093635.35,3212,0.01,1967200761.40625
6999,-7812403.225,5104,0.01,3037086854.40625
7000,-13887704.0,6805,0.01,5186402072.0625
7001,-3510673.475,3422,0.01,3987938131.625
7002,-7703864.675,5068,0.01,4763191851.90625
7003,-1407651.475,2167,0.01,2068737232.65625
7004,-8263260.475,5249,0.01,3196046525.671875
7005,-9940999.85,5757,0.01,4433720794.90625
7006,-9350359.475,5584,0.01,5104382425.3125
7007,-14827174.375,7031,0.01,6532461631.375
7008,-6484968.5,4650,0.01,5558592901.625
7009,-7352612.875,4951,0.01,3992662593.5625
7010,-4815328.85,4007,0.01,3424703124.8125
7011,-7540066.475,5014,0.01,3942296553.859375
7012,-16711990.75,7465,0.01,6224447208.59375
7013,-7330476.1,4944,0.01,6530371030.96875
7014,-18188301.474999998,7787,0.01,9812772370.34375
7015,-17757847.099999998,7694,0.01,11738467510.375
7016,-34472688.12499999,10720,0.01,20221284349.09375
7017,-3259089.225,3297,0.01,7791797152.375
7018,-5906906.8,4438,0.01,8480875529.1875
7019,-6230247.3,4558,0.01,5722301531.71875
7020,-3433109.225,3384,0.01,2675279385.65625
7021,-8752022.35,5402,0.01,4250204956.59375
7022,-2708411.625,3006,0.01,2409031646.84375
7023,-4003479.975,3654,0.01,2492986944.078125
7024,-3786975.475,3554,0.01,2059108024.28125
7025,-2935493.725,3129,0.01,1386720992.8125
7026,-14355785.799999999,6918,0.01,3941132051.921875
7027,-8773975.1,5409,0.01,6288081359.375
7028,-12707613.975,6509,0.01,7506628745.8125
7029,-3010679.1,3169,0.01,3926037174.96875
7030,-7099555.125,4866,0.01,4061049778.859375
7031,-3886565.5,3600,0.01,2918944472.1875
7032,-5643787.425,4338,0.01,2690148183.359375
7033,-1254204.0,2046,0.01,1460782426.0625
7034,-2317834.875,2781,0.01,1602976954.46875
7035,-6298150.425,4583,0.01,2539520484.203125
7036,-25969962.25,9305,0.01,9092204221.34375
7037,-3370578.3000000003,3353,0.01,7792451280.125
7038,-14775850.6,7019,0.01,14287528743.9375
7039,-4699182.475,3959,0.01,4140857776.59375
7040,-8095857.75,5196,0.01,3093133425.03125
7041,-4303594.8,3788,0.01,3005012953.46875
7042,-3010650.35,3169,0.01,2211268583.015625
7043,-4568518.225,3904,0.01,2250260630.6875
7044,-10165585.35,5822,0.01,3172027591.953125
7045,-3257603.125,3296,0.01,2978932762.90625
7046,-1842139.475,2479,0.01,2087900299.59375
7047,-5524345.35,4292,0.01,3252748764.6875
7048,-9062179.975,5497,0.01,3081446900.953125
7049,-2137528.0,2671,0.01,2129749798.65625
7050,-2103030.475,2649,0.01,2396104382.34375
7051,-9644432.75,5671,0.01,4056712273.609375
7052,-3588661.5,3460,0.01,2725227862.25
7053,-5679945.225,4352,0.01,2689852848.875
7054,-3372785.225,3354,0.01,2130139194.671875
7055,-2463483.75,2866,0.01,1682085863.3125
7056,-5929966.475,4447,0.01,2032933994.953125
7057,-4321189.125,3796,0.01,2203118729.890625
7058,-3083846.35,3207,0.01,1966019688.34375
7059,-11236902.75,6121,0.01,3629962294.765625
7060,-3656710.6,3492,0.01,3335714336.03125
7061,-10889402.75,6025,0.01,4395650551.421875
7062,-5372503.175,4233,0.01,4004959062.375
7063,-744868.725,1577,0.01,1180292016.9375
7064,-3595205.8000000003,3463,0.01,1991030660.203125
7065,-8084292.225,5192,0.01,2491884974.078125
7066,-642781.375,1465,0.01,1052193290.78125
7067,-11959549.25,6315,0.01,4280211044.0
7068,-11348148.625,6151,0.01,6677150752.03125
7069,-484269.1,1272,0.01,1485281138.375
7070,-2163995.85,2687,0.01,3556974058.84375
7071,-5641831.8,4338,0.01,3182465003.5625
7072,-2644984.75,2970,0.01,1909598045.53125
7073,-1361901.725,2132,0.01,1027913809.125
7074,-5890458.85,4432,0.01,1972557047.984375
7075,-4579435.3,3908,0.01,1950197349.03125
7076,-3041646.25,3185,0.01,1626307339.734375
7077,-3921475.625,3616,0.01,1737394574.53125
7078,-3470721.975,3402,0.01,1804568208.09375
7079,-1101236.85,1917,0.01,996808331.484375
7080,-27525867.724999998,9579,0.01,10490752790.0625
7081,-2019623.0,2596,0.01,5820851842.8125
7082,-18046850.6,7757,0.01,14966463784.4375
7083,-1292393.85,2077,0.01,3344220116.9375
7084,-21795524.75,8525,0.01,12612781716.1875
7085,-1857208.475,2489,0.01,4573458274.0625
7086,-999331.375,1826,0.01,2124218883.21875
7087,-9855301.225,5732,0.01,4991266230.328125
7088,-3133554.1750000003,3233,0.01,2905018229.53125
7089,-5886535.75,4431,0.01,2402383955.046875
7090,-1382531.925,2148,0.01,1123910631.34375
7091,-1688095.3,2373,0.01,1188342454.09375
7092,-4341089.5,3805,0.01,1534569465.0
7093,-892377.75,1726,0.01,830783734.453125
7094,-5957905.85,4457,0.01,1846366699.75
7095,-4547027.85,3894,0.01,2209833474.84375
7096,-6907863.0,4800,0.01,2541094430.46875
7097,-8179715.475,5222,0.01,3366580455.875
7098,-12996071.424999999,6583,0.01,4979872910.59375
7099,-13772551.75,6776,0.01,7219353251.46875
7100,-7473470.85,4992,0.01,6229263199.875
7101,-12953738.475,6572,0.01,6092857424.09375
7102,-3642235.375,3486,0.01,3744296734.625
7103,-11261540.174999999,6128,0.01,6283371199.9375
7104,-4788254.25,3996,0.01,3921962086.09375
7105,-3925104.1750000003,3618,0.01,2435759128.578125
7106,-4568337.425,3903,0.01,2437555001.703125
7107,-5573654.875,4311,0.01,2467192124.65625
7108,-6253313.125,4566,0.01,2799288246.734375
7109,-2119470.35,2659,0.01,1767401307.28125
7110,-2390859.725,2824,0.01,1811755449.234375
7111,-10314348.6,5864,0.01,3196161574.328125
7112,-11905475.75,6300,0.01,5730754170.84375
7113,-9601867.799999999,5658,0.01,6433124454.1875
7114,-23744096.849999998,8897,0.01,11297765047.09375
7115,-10243013.1,5844,0.01,11352583967.65625
7116,-1042100.125,1865,0.01,5071621627.25
7117,-12747027.975,6519,0.01,10776333827.0
7118,-1008953.375,1835,0.01,2777608120.9375
7119,-2859049.6750000003,3088,0.01,3106626967.8125
7120,-1743828.85,2412,0.01,1390556773.078125
7121,-4628849.6,3929,0.01,1694545065.28125
7122,-3812908.875,3566,0.01,1669042426.0625
7123,-7485659.75,4996,0.01,2364472221.75
7124,-6970187.25,4821,0.01,3235533990.8125
7125,-6960711.925,4818,0.01,3189058403.46875
7126,-4274344.0,3776,0.01,2479901788.359375
7127,-5174322.725,4154,0.01,2326298036.1875
7128,-4111181.8000000003,3703,0.01,1981203716.96875
7129,-3343817.625,3340,0.01,1687450299.40625
7130,-5120044.475,4132,0.01,1900548047.75
7131,-3425982.25,3380,0.01,1688709041.875
7132,-5738175.475,4374,0.01,2168440985.046875
7133,-3988761.35,3647,0.01,2247309090.78125
7134,-3429958.975,3382,0.01,2079257290.15625
7135,-1211554.375,2011,0.01,1326488433.4375
7136,-1880566.875,2505,0.01,1243909714.09375
7137,-1190893.6,1994,0.01,780675941.015625
7138,-4103856.875,3700,0.01,1140324258.59375
7139,-3068320.725,3199,0.01,1079872015.4375
7140,-6910470.75,4800,0.01,2000754808.671875
7141,-6177169.425,4538,0.01,2715945610.6875
7142,-3864278.25,3590,0.01,2258582546.03125
7143,-6107725.05,4513,0.01,2775175157.671875
7144,-3960448.1,3634,0.01,2274038029.140625
7145,-7779707.675,5093,0.01,3056963079.515625
7146,-3764534.9250000003,3543,0.01,2419169754.4375
7147,-2852037.975,3084,0.01,1943014928.953125
7148,-1052248.6,1874,0.01,1210929041.875
7149,-2353510.85,2802,0.01,1596372128.234375
7150,-13560541.475,6724,0.01,3605340930.96875
7151,-5724383.225,4369,0.01,4929586582.8125
7152,-7244226.75,4915,0.01,5430067157.59375
7153,-6272656.175,4573,0.01,3538855049.6875
7154,-5123833.3,4133,0.01,2678730100.6875
7155,-3593826.1,3462,0.01,2279163956.84375
7156,-8436938.725,5304,0.01,3320332175.53125
7157,-3039335.475,3184,0.01,2402224172.3125
7158,-7695422.125,5066,0.01,3676729038.765625
7159,-3308565.6,3322,0.01,2598893135.15625
7160,-11384576.125,6161,0.01,4007692577.25
7161,-1546475.0,2271,0.01,2429138283.625
7162,-3555478.5500000003,3443,0.01,3249735173.3125
7163,-6742012.5,4741,0.01,3802419490.28125
7164,-2462889.75,2866,0.01,1660413078.8125
7165,-11373044.424999999,6158,0.01,3758908425.640625
7166,-2084442.875,2636,0.01,2705967380.4375
7167,-5217969.75,4171,0.01,2962166199.890625
7168,-2474512.3000000003,2873,0.01,1684609882.703125
7169,-3978745.3000000003,3643,0.01,1809278640.265625
7170,-1940674.75,2545,0.01,1311999189.78125
7171,-1519758.35,2252,0.01,977249143.5625
7172,-15072480.725,7089,0.01,4187309830.1796875
7173,-38374870.5,11311,0.01,17665937622.21875
7174,-9385184.225,5594,0.01,9045603389.9375
7175,-7819925.625,5106,0.01,4970379773.1875
7176,-12375301.799999999,6423,0.01,6271578873.5
7177,-10416321.549999999,5893,0.01,6108328653.625
7178,-9577824.625,5651,0.01,6637998624.125
7179,-9462757.725,5617,0.01,6146770069.0625
7180,-11648089.35,6232,0.01,6003051128.34375
7181,-1435666.225,2189,0.01,2395233190.75
7182,-5130166.625,4136,0.01,4612004875.6875
7183,-6727693.975,4737,0.01,4079402302.59375
7184,-2211728.875,2716,0.01,1623710309.390625
7185,-5441345.625,4260,0.01,2007735297.703125
7186,-4207955.0,3746,0.01,1889276422.625
7187,-10163896.875,5821,0.01,3401428291.234375
7188,-10738933.225,5984,0.01,5070800384.625
7189,-10488879.975,5914,0.01,5586499199.75
7190,-3842591.375,3580,0.01,3974735006.21875
7191,-9814579.125,5721,0.01,5213382154.21875
7192,-16387015.1,7392,0.01,6753054371.5
7193,-2636582.125,2966,0.01,4513139450.625
7194,-11586939.25,6216,0.01,9755792212.9375
7195,-15382567.725,7162,0.01,7526109955.78125
7196,-5089759.5,4120,0.01,6165558290.3125
7197,-8924544.375,5455,0.01,7645731753.0
7198,-11529414.25,6200,0.01,5633110534.25
7199,-3020318.1,3174,0.01,3510284704.8125
7200,-3054791.725,3192,0.01,3577698391.1875
7201,-4661424.55,3943,0.01,3278645366.671875
7202,-4008079.75,3656,0.01,1679404449.578125
7203,-17044299.674999997,7538,0.01,5327175794.515625
7204,-1436997.875,2190,0.01,3429825480.6875
7205,-8750038.1,5402,0.01,5867363252.28125
7206,-14365660.75,6921,0.01,6975941223.875
7207,-3235480.75,3285,0.01,4157240731.5
7208,-15494608.85,7187,0.01,6044931464.328125
7209,-7323234.975,4942,0.01,6022218300.78125
7210,-15510716.6,7192,0.01,7785298230.5625
7211,-26211488.924999997,9348,0.01,13270112122.8125
7212,-8845228.875,5431,0.01,9411199902.125
7213,-14129903.35,6864,0.01,8689393494.09375
7214,-15008715.6,7074,0.01,8216345988.34375
7215,-3766204.975,3544,0.01,5155133460.4375
7216,-9420514.725,5604,0.01,4675993461.109375
7217,-7753755.625,5085,0.01,4348392814.40625
7218,-3099023.625,3215,0.01,2660134957.46875
7219,-5167560.5,4151,0.01,3042157398.65625
7220,-13836624.6,6792,0.01,4421348397.21875
7221,-10368387.5,5880,0.01,6371254622.28125
7222,-1539910.475,2267,0.01,2555503691.6875
7223,-10417085.6,5894,0.01,5989991076.1875
7224,-8336924.1,5272,0.01,5339067239.125
7225,-16702730.975,7462,0.01,6404001767.96875
7226,-1360509.375,2130,0.01,3423721811.75
7227,-14649366.299999999,6988,0.01,13504555967.5
7228,-6189170.3,4543,0.01,6927608701.3125
7229,-4217777.875,3751,0.01,4118567458.5625
7230,-5847413.5,4416,0.01,3543244672.9375
7231,-7443799.35,4982,0.01,3236603096.84375
7232,-15092296.1,7094,0.01,5481786311.296875
7233,-643568.75,1466,0.01,1827539165.5
7234,-19654689.375,8095,0.01,9610369743.84375
7235,-2173514.0500000003,2693,0.01,5063173258.25
7236,-5096287.3,4123,0.01,4590347307.9375
7237,-5383064.6,4237,0.01,3845556302.9375
7238,-12192666.0,6376,0.01,4100533073.375
7239,-6608555.475,4694,0.01,4426403421.21875
7240,-2541538.6,2912,0.01,2555460825.875
7241,-6441682.125,4635,0.01,3680027181.234375
7242,-8481086.049999999,5318,0.01,3688427324.90625
7243,-4991994.5,4080,0.01,3091784273.96875
7244,-14205821.6,6882,0.01,5822063375.3125
7245,-5919439.05,4443,0.01,5038227967.34375
7246,-8609596.674999999,5358,0.01,6261720281.6875
7247,-29643069.499999996,9941,0.01,12061621268.65625
7248,-7073380.1,4857,0.01,10547267390.375
7249,-6621887.6,4699,0.01,8162558916.59375
7250,-5294942.6,4202,0.01,3385707801.34375
7251,-1312902.3,2093,0.01,1553355942.21875
7252,-6221631.25,4555,0.01,2466030492.6875
7253,-1526674.725,2257,0.01,1314905785.625
7254,-9694080.25,5685,0.01,3468287977.09375
7255,-2882326.25,3101,0.01,2870636185.6875
7256,-13138002.85,6619,0.01,5569899682.15625
7257,-4395216.975,3829,0.01,3934095154.8125
7258,-7489647.425,4998,0.01,3046657176.640625
7259,-3727844.375,3526,0.01,2532450057.6875
7260,-5473428.725,4272,0.01,2852283108.84375
7261,-2864309.625,3091,0.01,2146980173.5
7262,-16940513.999999996,7515,0.01,5691305647.328125
7263,-7314591.85,4939,0.01,6008028634.4375
7264,-5001040.475,4084,0.01,3206819540.4375
7265,-1552684.5,2276,0.01,1864069875.96875
7266,-2958186.625,3141,0.01,2541072163.84375
7267,-4513996.625,3880,0.01,2037950668.1875
7268,-726904.4249999999,1558,0.01,767849277.5
7269,-2487420.125,2881,0.01,1249815413.375
7270,-4797571.5,4000,0.01,1584887436.96875
7271,-3993823.6,3649,0.01,1651148578.328125
7272,-501576.1,1294,0.01,617516748.765625
7273,-3488207.875,3411,0.01,1501929809.453125
7274,-1208481.175,2008,0.01,914538674.90625
7275,-3740014.1,3532,0.01,1516338674.578125
7276,-4234162.05,3758,0.01,1498225518.53125
7277,-1352884.75,2125,0.01,979381294.046875
7278,-5375794.475,4234,0.01,1616877883.0234375
7279,-4474573.675,3863,0.01,1988574099.234375
7280,-3151418.1,3242,0.01,1515617399.84375
7281,-4918870.25,4050,0.01,1826741185.65625
7282,-19415046.624999996,8045,0.01,6285119258.28125
7283,-6287206.675,4578,0.01,6808857977.75
7284,-29229369.124999996,9871,0.01,15802618516.625
7285,-8100475.85,5197,0.01,10871010327.8125
7286,-5360087.425,4228,0.01,10218579257.375
7287,-3616955.3000000003,3473,0.01,3679875509.0625
7288,-8368049.975,5282,0.01,4201246777.546875
7289,-11898290.1,6299,0.01,5419342952.71875
7290,-4091097.725,3694,0.01,3971040145.78125
7291,-11963668.875,6316,0.01,4656804177.578125
7292,-6339085.05,4598,0.01,4376824259.53125
7293,-10156806.725,5819,0.01,4807656509.84375
7294,-8504278.5,5325,0.01,4493324285.96875
7295,-4733601.925,3973,0.01,3681470212.40625
7296,-8842776.625,5430,0.01,4320528037.59375
7297,-1508282.3,2243,0.01,1854021115.78125
7298,-19106786.249999996,7981,0.01,6824355708.953125
7299,-3692462.725,3509,0.01,5577178409.1875
7300,-26070413.05,9323,0.01,15691545249.1875
7301,-16923183.1,7512,0.01,11259444815.375
7302,-16655855.225,7452,0.01,11285023898.8125
7303,-6928277.975,4807,0.01,7621998969.125
7304,-7652621.475,5052,0.01,5944248030.0625
7305,-4735295.6,3974,0.01,3490482654.6875
7306,-3673579.75,3500,0.01,2502081094.0
7307,-9501649.424999999,5628,0.01,3500823297.0625
7308,-1290203.0,2075,0.01,1925641249.53125
7309,-5720437.175,4368,0.01,3537929469.0
7310,-6998484.875,4831,0.01,3489550728.1875
7311,-4658781.225,3942,0.01,2344353540.90625
7312,-10688639.625,5970,0.01,3700464665.375
7313,-2011036.125,2590,0.01,2315304149.78125
7314,-12263529.35,6394,0.01,5324690804.515625
7315,-2603664.85,2947,0.01,3492991492.65625
7316,-8930506.475,5457,0.01,4952255339.59375
7317,-388656.0,1140,0.01,1406000978.9375
7318,-2235503.5,2731,0.01,2469872810.1875
7319,-3612864.725,3472,0.01,2421747257.59375
7320,-1375771.675,2143,0.01,1436854109.109375
7321,-4721173.925,3968,0.01,1603374981.703125
7322,-3995601.625,3651,0.01,1728895211.203125
7323,-5163714.125,4150,0.01,1912255831.84375
7324,-2455048.6,2862,0.01,1523407163.6875
7325,-14643561.35,6987,0.01,4582663141.09375
7326,-5638208.875,4336,0.01,5427764572.625
7327,-1716385.55,2393,0.01,2739598513.0
7328,-2458397.975,2864,0.01,3497245497.0625
7329,-9016052.174999999,5483,0.01,3049561430.34375
7330,-2255511.9250000003,2743,0.01,2124156451.0625
7331,-9130830.924999999,5518,0.01,3973867811.0
7332,-5895706.725,4434,0.01,3687492605.78125
7333,-6603925.85,4692,0.01,2817820204.515625
7334,-3624967.475,3477,0.01,2420828764.21875
7335,-521471.625,1320,0.01,965006513.25
7336,-4642311.0,3935,0.01,2366872939.96875
7337,-4709265.55,3963,0.01,2074657490.28125
7338,-3271732.6750000003,3303,0.01,1633270090.65625
7339,-2440755.5500000003,2853,0.01,1296871912.59375
7340,-2250327.875,2740,0.01,1085553703.765625
7341,-3358320.35,3347,0.01,1248231101.78125
7342,-2018809.75,2595,0.01,1041042813.53125
7343,-2922571.975,3122,0.01,1149163753.6015625
7344,-2948795.75,3136,0.01,1100525751.984375
7345,-11218844.75,6116,0.01,2838330832.40625
7346,-19794070.674999997,8123,0.01,8735796800.21875
7347,-5175314.35,4154,0.01,6824587446.75
7348,-6221123.75,4555,0.01,5017747551.9375
7349,-3170294.1,3252,0.01,2737868044.09375
7350,-13394161.674999999,6683,0.01,4844391512.890625
7351,-22458329.174999997,8653,0.01,10158305362.5625
7352,-11267457.475,6129,0.01,8475501807.28125
7353,-2254185.85,2742,0.01,2904010349.875
7354,-3726826.375,3525,0.01,4110503088.34375
7355,-4980901.5,4075,0.01,4349029542.671875
7356,-5370329.225,4232,0.01,2390768112.078125
7357,-10113954.6,5807,0.01,3741242795.34375
7358,-14213390.475,6884,0.01,6034643379.375
7359,-25095723.475,9147,0.01,13208280756.96875
7360,-17831580.125,7711,0.01,11702180465.96875
7361,-2894474.225,3107,0.01,5215009089.1875
7362,-2400180.125,2830,0.01,3658306912.75
7363,-4316586.6,3794,0.01,4222060593.078125
7364,-4186083.1,3737,0.01,2123226105.28125
7365,-3790485.75,3556,0.01,1777654240.34375
7366,-3117734.625,3225,0.01,1583078820.0625
7367,-8341113.975,5274,0.01,2514030572.453125
7368,-4967544.125,4070,0.01,2802086969.28125
7369,-8544843.725,5337,0.01,3423824468.34375
7370,-16009648.875,7305,0.01,6206555636.46875
7371,-2009876.0,2590,0.01,3830303660.9375
7372,-17340283.35,7604,0.01,8687008812.90625
7373,-7042983.0,4846,0.01,6358500313.125
7374,-626016.375,1446,0.01,1247013099.46875
7375,-5220983.3,4173,0.01,4159717742.0
7376,-2578557.3000000003,2933,0.01,2399050090.9375
7377,-2852411.225,3084,0.01,1721831965.15625
7378,-3694230.125,3510,0.01,1447199516.75
7379,-2054079.8,2618,0.01,1061036305.25
7380,-2665903.1,2982,0.01,1112114668.1171875
7381,-3055511.1,3192,0.01,1143744956.484375
7382,-5177797.75,4155,0.01,1511616562.8125
7383,-5833054.125,4410,0.01,2020822087.65625
7384,-7546471.125,5016,0.01,2909725744.53125
7385,-9374539.375,5591,0.01,4264375275.65625
7386,-7151859.85,4884,0.01,3625347974.59375
7387,-3959847.225,3634,0.01,3043174581.28125
7388,-13199788.475,6634,0.01,5496966670.625
7389,-11304271.1,6139,0.01,5610260856.84375
7390,-6376165.5,4611,0.01,4703365313.1875
7391,-6572207.875,4681,0.01,4925535939.4375
7392,-10702001.799999999,5973,0.01,5042981923.1875
7393,-24367761.424999997,9013,0.01,10909833636.59375
7394,-2060819.6,2622,0.01,5659794545.0
7395,-1291271.375,2076,0.01,3474762665.125
7396,-11543865.475,6204,0.01,8121570989.75
7397,-2901472.75,3111,0.01,3298087284.4375
7398,-3073700.725,3202,0.01,3335830945.84375
7399,-2137009.125,2670,0.01,3241443772.0
7400,-1990484.975,2577,0.01,1767006382.796875
7401,-5130207.875,4136,0.01,1656408651.984375
7402,-3577317.975,3454,0.01,1611743608.203125
7403,-2421517.1,2842,0.01,1349609093.984375
7404,-33691094.675000004,10598,0.01,12402418122.703125
7405,-6676841.725,4719,0.01,8315868150.0
7406,-11158714.75,6100,0.01,5786474466.84375
7407,-15631784.35,7219,0.01,7102629772.9375
7408,-10448518.225,5902,0.01,8394742281.8125
7409,-20556514.549999997,8278,0.01,11709577019.0
7410,-9356651.125,5585,0.01,9701820759.03125
7411,-5577512.725,4312,0.01,9491654467.34375
7412,-1571733.125,2290,0.01,2430457365.46875
7413,-9480804.725,5622,0.01,4965303004.375
7414,-6467884.475,4644,0.01,4636307999.125
7415,-2317614.875,2781,0.01,2293313834.78125
7416,-2093306.675,2643,0.01,2248959152.4375
7417,-2851895.625,3085,0.01,1532914859.046875
7418,-3406648.625,3371,0.01,1407293754.9453125
7419,-2664499.25,2981,0.01,1211158957.796875
7420,-5204736.25,4166,0.01,1742776826.796875
7421,-3483999.6,3409,0.01,1637358671.265625
7422,-4483292.475,3867,0.01,1824272454.53125
7423,-1662929.25,2356,0.01,1257373287.34375
7424,-3215924.75,3275,0.01,1485723596.65625
7425,-2900409.375,3110,0.01,1448641429.1875
7426,-4588267.125,3911,0.01,1593003098.09375
7427,-3206972.625,3270,0.01,1446855697.40625
7428,-3161386.975,3247,0.01,1581904161.390625
7429,-2059108.25,2621,0.01,1159817957.59375
7430,-2968572.125,3146,0.01,1223421757.78125
7431,-1072674.1,1892,0.01,731490105.3046875
7432,-9348921.174999999,5583,0.01,2549272569.5234375
7433,-611528.475,1429,0.01,1207161431.65625
7434,-9038150.0,5490,0.01,4780696667.78125
7435,-1690258.0,2375,0.01,2609443934.125
7436,-15655708.5,7225,0.01,6337254127.15625
7437,-1894478.85,2514,0.01,3761933390.25
7438,-8138324.6,5209,0.01,4483774799.859375
7439,-3750945.85,3537,0.01,2907559596.0625
7440,-9533374.299999999,5638,0.01,3243010203.375
7441,-14228977.549999999,6888,0.01,5790228845.1875
7442,-17218226.975,7577,0.01,8819263370.9375
7443,-1319807.6,2099,0.01,4049173740.5625
7444,-8223151.875,5236,0.01,6122695587.59375
7445,-3382710.975,3359,0.01,3977478509.8125
7446,-13413762.725,6687,0.01,5912481303.9375
7447,-3352986.85,3344,0.01,3975466031.5
7448,-10764465.25,5991,0.01,6292418977.6875
7449,-5680554.225,4352,0.01,4229565709.59375
7450,-5619895.475,4329,0.01,3055656703.453125
7451,-3058680.85,3194,0.01,2303396496.59375
7452,-2596723.4250000003,2943,0.01,1998208537.25
7453,-6055229.6,4494,0.01,2553777491.15625
7454,-1207971.3,2008,0.01,1056400792.859375
7455,-12578163.875,6476,0.01,4210257471.984375
7456,-1164846.475,1972,0.01,2505215098.3125
7457,-4555752.925,3898,0.01,4136328226.46875
7458,-3638771.475,3484,0.01,2954145489.0
7459,-6579596.975,4684,0.01,2418756311.4375
7460,-16406829.25,7396,0.01,5627248415.15625
7461,-9590708.5,5655,0.01,7539463034.5625
7462,-2448705.9250000003,2858,0.01,5202021893.6875
7463,-3109019.875,3220,0.01,3748828343.09375
7464,-1067082.1,1887,0.01,2025278511.125
7465,-8826344.125,5425,0.01,3562551550.40625
7466,-4977449.975,4074,0.01,3443938709.09375
7467,-2183309.8000000003,2698,0.01,2041817527.21875
7468,-5321562.35,4212,0.01,2854578574.4375
7469,-3770772.25,3546,0.01,1835279296.03125
7470,-506548.75,1301,0.01,703631183.453125
7471,-4108451.975,3702,0.01,1669634988.3125
7472,-1339292.475,2114,0.01,1036884342.546875
7473,-4438903.55,3848,0.01,1585616015.59375
7474,-4283087.225,3779,0.01,1718371086.609375
7475,-1920717.75,2531,0.01,1186162836.234375
7476,-2087495.225,2639,0.01,993024589.078125
7477,-8202312.125,5230,0.01,2168170008.484375
7478,-4643479.625,3935,0.01,2493612165.703125
7479,-11291703.75,6136,0.01,3871120511.9375
7480,-5138467.625,4140,0.01,3715352414.21875
7481,-17708815.225,7684,0.01,6407608449.328125
7482,-14581640.549999999,6973,0.01,9415881752.90625
7483,-2864001.75,3091,0.01,5315794911.9375
7484,-3119172.5,3226,0.01,3735688273.21875
7485,-8215613.225,5234,0.01,4145176236.453125
7486,-4760997.5,3985,0.01,2865632816.4375
7487,-17652253.975,7672,0.01,5610384716.71875
7488,-9609634.625,5661,0.01,6868979108.96875
7489,-5836687.225,4412,0.01,4245292081.03125
7490,-2205970.6750000003,2713,0.01,2049095912.34375
7491,-2842222.225,3079,0.01,2467768819.421875
7492,-2709201.25,3006,0.01,1687621756.8125
7493,-6398258.225,4619,0.01,2025795034.2734375
7494,-2906350.3000000003,3113,0.01,1664348771.296875
7495,-3653145.25,3490,0.01,1943358696.6875
7496,-5709514.675,4363,0.01,2329717120.6875
7497,-2469937.625,2870,0.01,1525082716.4375
7498,-12823916.1,6539,0.01,4044129329.84375
7499,-9010776.0,5481,0.01,5678325875.90625
7500,-10361291.725,5877,0.01,5606958055.3125
7501,-8238871.375,5241,0.01,5524417522.5
7502,-8131956.1,5207,0.01,5261239411.15625
7503,-6503328.725,4657,0.01,4157435317.15625
7504,-5420506.85,4252,0.01,3314064354.75
7505,-9121400.875,5515,0.01,4280255996.515625
7506,-9199327.35,5539,0.01,4386193131.0625
7507,-4866128.85,4029,0.01,3228340402.625
7508,-5861463.875,4421,0.01,3562096217.703125
7509,-4992192.875,4080,0.01,3102673025.75
7510,-2337089.6,2792,0.01,1629496991.453125
7511,-2596924.5500000003,2943,0.01,1652046107.875
7512,-6746819.925,4743,0.01,2491056701.421875
7513,-2916042.85,3119,0.01,1990113701.6875
7514,-4104749.75,3700,0.01,1872577793.78125
7515,-1931242.8,2538,0.01,1314436360.953125
7516,-3350912.9250000003,3343,0.01,1458901991.078125
7517,-5448784.425,4263,0.01,1879986760.234375
7518,-4782727.475,3994,0.01,1883078897.40625
7519,-3609126.75,3470,0.01,1768482423.875
7520,-8313716.0,5265,0.01,2678646853.734375
7521,-2615241.475,2954,0.01,2259309985.03125
7522,-5773022.425,4388,0.01,2716674424.9375
7523,-3918024.125,3615,0.01,2133416357.78125
7524,-7867949.225,5122,0.01,2629979860.828125
7525,-2529985.375,2905,0.01,1985431855.125
7526,-9058206.875,5496,0.01,3948466352.03125
7527,-3546437.975,3439,0.01,3094132213.15625
7528,-3553268.35,3442,0.01,2559231637.6875
7529,-9669397.549999999,5678,0.01,3613483077.921875
7530,-11541735.174999999,6203,0.01,5417497340.5625
7531,-5890095.625,4431,0.01,5327223940.6875
7532,-1131537.175,1943,0.01,1932183722.4375
7533,-5401196.35,4244,0.01,4257823457.9375
7534,-2317727.375,2781,0.01,2026392619.4375
7535,-10692953.0,5971,0.01,3187062664.28125
7536,-1113210.475,1927,0.01,1946797598.03125
7537,-4214889.225,3749,0.01,2993889256.1875
7538,-9516005.924999999,5633,0.01,3481849600.453125
7539,-35165458.974999994,10827,0.01,14363577317.125
7540,-8429011.475,5302,0.01,8937728908.4375
7541,-2680452.0,2990,0.01,4682987346.15625
7542,-5164352.0,4150,0.01,4757920892.6875
7543,-2547496.0,2915,0.01,2674945761.765625
7544,-1634708.375,2335,0.01,1386955482.78125
7545,-7047601.8,4848,0.01,2465708108.46875
7546,-3093180.975,3212,0.01,1987796687.4375
7547,-9381818.049999999,5593,0.01,3311736384.765625
7548,-1203367.35,2004,0.01,1847057577.78125
7549,-22624556.0,8685,0.01,9960980989.5625
7550,-11001521.225,6057,0.01,7617161540.84375
7551,-9787692.549999999,5713,0.01,6352005942.90625
7552,-4098274.1,3697,0.01,4141376164.6875
7553,-9575765.375,5651,0.01,5584826114.65625
7554,-6671303.475,4717,0.01,4358020592.6875
7555,-9843719.6,5729,0.01,4123833776.90625
7556,-1494143.3,2233,0.01,1866964974.78125
7557,-1145261.375,1955,0.01,2246520969.09375
7558,-10095988.975,5802,0.01,5293866475.75
7559,-6776888.225,4754,0.01,4098919991.0
7560,-8927121.375,5456,0.01,3857714490.09375
7561,-38471245.875,11325,0.01,15906535958.5
7562,-19726950.375,8110,0.01,14233220540.5
7563,-3470412.975,3402,0.01,6826113790.4375
7564,-1931456.3,2538,0.01,3296446602.8125
7565,-4901488.05,4043,0.01,3821495456.9375
7566,-3680032.8000000003,3503,0.01,2026462424.75
7567,-6474708.5,4646,0.01,2297995354.15625
7568,-1879669.35,2504,0.01,1740945633.046875
7569,-2285973.75,2761,0.01,1752095894.984375
7570,-14239901.875,6890,0.01,4735310333.390625
7571,-1920421.25,2531,0.01,3418701214.6875
7572,-3237143.25,3286,0.01,4088275951.9375
7573,-4215534.125,3750,0.01,4996682220.9375
7574,-2818059.125,3066,0.01,1603529829.125
7575,-7082111.5,4860,0.01,2214726684.84375
7576,-4281584.1,3779,0.01,2429097666.15625
7577,-10948041.6,6042,0.01,3864972091.953125
7578,-5698593.75,4360,0.01,3856102503.75
7579,-10006568.25,5776,0.01,3865090823.96875
7580,-7967308.225,5154,0.01,4031113514.75
7581,-3579529.625,3455,0.01,2845165116.1875
7582,-7676002.35,5059,0.01,3147172067.984375
7583,-4563599.375,3901,0.01,2801961787.03125
7584,-2501473.1,2889,0.01,2137095381.484375
7585,-8857618.75,5435,0.01,3154154215.640625
7586,-7278783.975,4927,0.01,3801893396.4375
7587,-7664666.25,5056,0.01,4015151562.5
7588,-2530353.375,2906,0.01,2222361785.09375
7589,-6213101.6,4552,0.01,3168593330.015625
7590,-4395254.1,3829,0.01,2479817268.8125
7591,-4522288.1,3884,0.01,2056096572.109375
7592,-1910544.25,2525,0.01,1362211821.90625
7593,-6198807.35,4547,0.01,2288564689.28125
7594,-2763669.125,3036,0.01,1803154353.578125
7595,-3285428.5,3310,0.01,1687913898.15625
7596,-2846475.375,3081,0.01,1305029581.03125
7597,-978608.225,1807,0.01,814297974.046875
7598,-4136054.725,3714,0.01,1565107955.53125
7599,-3134038.4250000003,3233,0.01,1460848162.8125
7600,-5682581.55,4353,0.01,1929816356.921875
7601,-843561.4249999999,1678,0.01,999596178.234375
7602,-5883291.35,4429,0.01,2615092913.171875
7603,-4456387.125,3855,0.01,2594026269.3125
7604,-7006500.85,4834,0.01,2716597864.375
7605,-3778221.625,3550,0.01,2185590472.953125
7606,-1209769.6,2009,0.01,1240150700.34375
7607,-4858179.625,4025,0.01,1828989305.0625
7608,-8808096.35,5419,0.01,2767232087.46875
7609,-2322919.1750000003,2783,0.01,2029106553.53125
7610,-14859040.049999999,7038,0.01,6287067067.453125
7611,-4328228.225,3799,0.01,4742384393.3125
7612,-8801986.799999999,5418,0.01,4269179792.515625
7613,-3597813.1,3464,0.01,2665565418.0
7614,-13087001.375,6606,0.01,4404094512.609375
7615,-4078613.4250000003,3688,0.01,3860865404.75
7616,-14030324.35,6839,0.01,5215876720.6875
7617,-2898762.35,3109,0.01,3723366203.75
7618,-16288937.6,7369,0.01,8998188494.40625
7619,-24673447.25,9070,0.01,12566237611.84375
7620,-2295717.725,2767,0.01,5939704805.4375
7621,-3378845.6,3357,0.01,4812554341.28125
7622,-855000.475,1689,0.01,2024428158.78125
7623,-296334.25,995,0.01,1179082613.59375
7624,-4669731.75,3946,0.01,2960394614.171875
7625,-3534000.9250000003,3433,0.01,1855087764.78125
7626,-7308620.6,4937,0.01,2436016173.953125
7627,-5733913.675,4373,0.01,2657365927.625
7628,-1159198.6,1967,0.01,1260975234.1875
7629,-8142452.875,5211,0.01,2894528962.90625
7630,-8139337.0,5210,0.01,4088037531.8125
7631,-9526190.375,5636,0.01,4291498575.46875
7632,-3111452.875,3221,0.01,2858590421.875
7633,-4054090.1,3677,0.01,2761195056.1875
7634,-3354786.5,3345,0.01,2074278334.25
7635,-3494230.475,3414,0.01,1516027975.296875
7636,-4692074.5,3956,0.01,1742148948.15625
7637,-3020115.6,3174,0.01,1478276019.375
7638,-10560348.975,5934,0.01,3346786073.734375
7639,-10867159.0,6020,0.01,5159754983.125
7640,-16200599.85,7349,0.01,7170435070.03125
7641,-14887517.125,7045,0.01,9029651793.0625
7642,-2182239.4250000003,2698,0.01,4391312328.9375
7643,-5665331.75,4346,0.01,6009412343.25
7644,-2958268.5,3141,0.01,3681254852.9375
7645,-1398815.5,2161,0.01,1205677843.4375
7646,-9276871.85,5562,0.01,2617607666.140625
7647,-4359572.3,3813,0.01,2978464162.78125
7648,-3785850.5500000003,3553,0.01,2003956455.765625
7649,-3921286.25,3616,0.01,1685209992.796875
7650,-1709461.175,2388,0.01,1132631289.421875
7651,-2506561.6,2892,0.01,1221496122.703125
7652,-6837061.125,4775,0.01,2196324995.859375
7653,-831067.0,1666,0.01,1005134797.1875
7654,-21050578.3,8378,0.01,6860574653.453125
7655,-18895135.474999998,7937,0.01,10194109912.5
7656,-7800205.625,5100,0.01,7060924067.8125
7657,-16791216.724999998,7482,0.01,8403273415.1875
7658,-15589274.975,7209,0.01,10198808600.0
7659,-6074805.75,4500,0.01,8014147282.3125
7660,-10146523.75,5816,0.01,7806919133.09375
7661,-4428659.3,3843,0.01,3953805677.125
7662,-7116898.35,4872,0.01,4302811454.46875
7663,-5433816.225,4257,0.01,3407635599.875
7664,-13060095.725,6599,0.01,4548738187.390625
7665,-3331459.1750000003,3333,0.01,3693544478.375
7666,-12859942.424999999,6548,0.01,6393401462.1875
7667,-4122239.1750000003,3708,0.01,4068181828.78125
7668,-4629305.85,3929,0.01,2840889599.234375
7669,-13552870.1,6722,0.01,4676220479.71875
7670,-6362403.125,4606,0.01,5111009590.875
7671,-7748312.05,5083,0.01,4986309164.21875
7672,-2870776.475,3094,0.01,2510797844.1875
7673,-1847686.425,2483,0.01,1994679098.234375
7674,-1183087.725,1987,0.01,1031812838.640625
7675,-5557675.25,4305,0.01,1902960872.9296875
7676,-25500953.374999996,9220,0.01,8592176850.96875
7677,-26271618.924999997,9358,0.01,22512522004.5
7678,-11183527.375,6106,0.01,13069010639.9375
7679,-1919858.75,2531,0.01,5360713541.375
7680,-1752594.55,2418,0.01,4096186972.40625
7681,-3627478.0500000003,3478,0.01,3294347187.0
7682,-4754827.6,3982,0.01,2318933268.609375
7683,-3221987.1750000003,3278,0.01,1619700841.140625
7684,-11151580.299999999,6098,0.01,3510046547.75
7685,-2792360.35,3052,0.01,2897068348.15625
7686,-2852984.625,3085,0.01,2410762471.984375
7687,-6135565.35,4524,0.01,2586016592.828125
7688,-7457573.6,4987,0.01,2816982840.8125
7689,-4429284.6,3844,0.01,2659034305.84375
7690,-944751.375,1776,0.01,1337774201.875
7691,-4554305.1,3897,0.01,2625350076.109375
7692,-1222159.25,2020,0.01,1142564844.359375
7693,-5807936.75,4401,0.01,2043954281.484375
7694,-1875019.125,2501,0.01,1327807957.671875
7695,-5015954.75,4090,0.01,1938759751.421875
7696,-3589783.125,3460,0.01,1744611191.25
7697,-12498064.5,6455,0.01,3883621886.578125
7698,-7583086.925,5028,0.01,4891042158.0
7699,-9135439.225,5519,0.01,5906454607.25
7700,-589299.0499999999,1403,0.01,1184249676.15625
7701,-14948756.125,7060,0.01,6209803849.09375
7702,-4062515.0,3681,0.01,5027799015.8125
7703,-13055863.799999999,6598,0.01,4453812783.65625
7704,-151520.725,712,0.01,803379201.875
7705,-26924302.224999998,9474,0.01,11999427700.15625
7706,-1904496.875,2521,0.01,5510693143.6875
7707,-11825116.6,6279,0.01,7806621286.3125
7708,-1056561.05,1878,0.01,2748470681.0
7709,-13307139.5,6661,0.01,6975128140.46875
7710,-4861832.475,4027,0.01,5011518397.3125
7711,-9206930.625,5541,0.01,4279896327.578125
7712,-5617606.8,4328,0.01,3096111997.15625
7713,-5935420.6,4449,0.01,2557555299.703125
7714,-778643.975,1612,0.01,1140105046.75
7715,-4585007.5,3910,0.01,2558294613.5625
7716,-4042167.6,3672,0.01,2176128871.8125
7717,-4263393.75,3771,0.01,1780385096.71875
7718,-13754227.225,6772,0.01,3953379534.21875
7719,-1415004.8,2173,0.01,2543350947.1875
7720,-6645800.3,4708,0.01,5151915955.5
7721,-3849406.5500000003,3583,0.01,3382818700.625
7722,-6480060.05,4648,0.01,2897965026.515625
7723,-12781207.674999999,6528,0.01,4630928029.4375
7724,-4204387.625,3745,0.01,4056768658.46875
7725,-8657643.674999999,5373,0.01,4890455405.875
7726,-2838884.725,3077,0.01,2634592577.34375
7727,-4669593.0,3946,0.01,2568717604.375
7728,-1036611.125,1860,0.01,1059577324.875
7729,-5423612.55,4253,0.01,2391112413.859375
7730,-10465611.725,5907,0.01,3953392389.515625
7731,-2454873.0,2861,0.01,2507849441.96875
7732,-7077896.8,4858,0.01,4418967165.625
7733,-6804517.925,4763,0.01,3729589118.84375
7734,-11285579.475,6134,0.01,4514121741.21875
7735,-36721073.599999994,11064,0.01,15977167705.8125
7736,-1980931.25,2571,0.01,6772617781.3125
7737,-6925748.625,4806,0.01,9419627406.71875
7738,-1468819.35,2214,0.01,3998891181.9375
7739,-4131468.225,3712,0.01,2900763747.390625
7740,-959538.875,1790,0.01,1019832148.125
7741,-3149651.125,3241,0.01,1779334053.8125
7742,-4000040.1,3652,0.01,1601589724.390625
7743,-2701972.225,3002,0.01,1294943598.546875
7744,-444852.225,1219,0.01,497582590.265625
7745,-2721424.0500000003,3013,0.01,1142744452.75
7746,-2888627.1,3104,0.01,1232989533.9375
7747,-6857898.225,4782,0.01,1756646054.421875
7748,-6182407.625,4540,0.01,2560730065.015625
7749,-7766391.3,5088,0.01,3225322250.203125
7750,-1880008.375,2505,0.01,1791663137.875
7751,-3420596.0500000003,3378,0.01,2346728278.4375
7752,-10236001.475,5842,0.01,3210050642.359375
7753,-2550023.1,2917,0.01,2295737793.15625
7754,-14195577.25,6880,0.01,5052622272.4375
7755,-3177977.875,3256,0.01,4044985142.125
7756,-5640301.35,4337,0.01,3088552673.65625
7757,-6153287.25,4530,0.01,2868588977.90625
7758,-5838573.425,4413,0.01,2575354032.46875
7759,-5576957.425,4313,0.01,2410907955.921875
7760,-2180082.6,2697,0.01,1631930114.359375
7761,-9710761.5,5690,0.01,3515612541.984375
7762,-1250180.425,2043,0.01,2006686977.28125
7763,-2777641.975,3044,0.01,2582725683.625
7764,-3780003.375,3551,0.01,2544761549.65625
7765,-2410525.25,2836,0.01,1488294595.890625
7766,-4006138.625,3655,0.01,1526094476.421875
7767,-2643486.6,2969,0.01,1172053245.953125
7768,-12520889.0,6461,0.01,3464626598.53125
7769,-24274960.874999996,8996,0.01,10690740403.25
7770,-5400085.35,4244,0.01,7817821716.4375
7771,-17774311.299999997,7698,0.01,11673548034.34375
7772,-6822970.5,4770,0.01,7296232081.0625
7773,-14284095.5,6901,0.01,9842972633.53125
7774,-1246168.725,2039,0.01,2548217919.90625
7775,-20962998.5,8360,0.01,12762339956.8125
7776,-2674037.375,2986,0.01,5085108750.8125
7777,-9810883.35,5719,0.01,9690347805.9375
7778,-4819833.6,4009,0.01,4321658708.375
7779,-5494210.0,4280,0.01,3407974344.65625
7780,-1645523.925,2343,0.01,1995728024.1875
7781,-4789712.475,3997,0.01,2624270786.234375
7782,-1601810.975,2312,0.01,1491538359.84375
7783,-5493546.375,4280,0.01,2159187950.921875
7784,-2044250.75,2611,0.01,1368367182.0
7785,-5205542.75,4166,0.01,2183689647.546875
7786,-5137721.35,4139,0.01,2196616929.796875
7787,-12765183.35,6524,0.01,4131161549.84375
7788,-4127814.375,3710,0.01,4158849945.46875
7789,-4528430.375,3886,0.01,3705902405.78125
7790,-2827266.875,3071,0.01,2784858300.1875
7791,-2721727.8000000003,3013,0.01,1576599724.390625
7792,-5366579.125,4230,0.01,2088408377.734375
7793,-3257538.75,3296,0.01,1867247902.40625
7794,-1787977.425,2443,0.01,1226638299.734375
7795,-7045063.475,4847,0.01,2379046766.03125
7796,-15438984.5,7175,0.01,5061262563.09375
7797,-19391804.125,8041,0.01,9717898888.78125
7798,-1266789.375,2056,0.01,4161625374.9375
7799,-7851868.1,5117,0.01,8332784386.625
7800,-12791741.75,6531,0.01,7756489871.8125
7801,-743991.875,1576,0.01,1874566050.625
7802,-7652087.5,5051,0.01,6057101450.46875
7803,-3312903.85,3324,0.01,4124699674.09375
7804,-4062628.5,3681,0.01,2456877939.46875
7805,-1123518.125,1936,0.01,1424679248.375
7806,-20449427.474999998,8257,0.01,7180262881.046875
7807,-596361.0,1411,0.01,3088628126.125
7808,-1928631.35,2537,0.01,4597259101.0
7809,-16138690.875,7335,0.01,8921335179.21875
7810,-13128669.125,6616,0.01,8121779317.78125
7811,-2374193.225,2814,0.01,4254560564.8125
7812,-4258049.3,3768,0.01,5017881603.40625
7813,-3177404.5,3255,0.01,3846450737.1875
7814,-6252175.375,4566,0.01,2295473579.609375
7815,-308252.125,1015,0.01,743120799.921875
7816,-7216421.25,4905,0.01,3460275548.578125
7817,-14153840.6,6869,0.01,5878508506.90625
7818,-3606261.9250000003,3468,0.01,4314186772.59375
7819,-2633037.1,2964,0.01,3225567826.25
7820,-6779535.25,4755,0.01,4242792605.390625
7821,-11766403.6,6264,0.01,4085923543.28125
7822,-14392126.475,6927,0.01,6767263380.71875
7823,-24408674.5,9021,0.01,12753460791.8125
7824,-14018922.725,6837,0.01,11770946377.4375
7825,-3323508.725,3329,0.01,7259291419.8125
7826,-2049919.625,2615,0.01,3535674780.125
7827,-5241970.25,4181,0.01,4909246581.0
7828,-2612852.1,2952,0.01,1674384086.578125
7829,-12323938.625,6410,0.01,3847693867.65625
7830,-7599233.225,5034,0.01,5136262122.1875
7831,-2152402.875,2680,0.01,1885978598.78125
7832,-17000435.85,7529,0.01,5798445694.65625
7833,-27256054.849999998,9532,0.01,14181264620.3125
7834,-11855096.85,6287,0.01,9156869942.46875
7835,-6893166.85,4794,0.01,5700325930.5
7836,-11653517.549999999,6233,0.01,6037780486.21875
7837,-6632976.175,4703,0.01,4745117044.5625
7838,-4631443.375,3930,0.01,3510530784.25
7839,-2602248.625,2946,0.01,2291707204.40625
7840,-8059750.225,5184,0.01,3312345044.625
7841,-7197191.225,4899,0.01,3540753983.96875
7842,-1237235.725,2032,0.01,1347630320.046875
7843,-11424368.35,6172,0.01,4883811261.203125
7844,-7047002.925,4848,0.01,5335809731.75
7845,-5207134.975,4167,0.01,3360756288.53125
7846,-15852490.25,7270,0.01,5521325524.59375
7847,-9753054.799999999,5703,0.01,7075532707.25
7848,-2633605.725,2964,0.01,4060725549.5
7849,-4821385.625,4010,0.01,4051631627.8125
7850,-1807793.5,2456,0.01,2098658417.6875
7851,-1265333.0,2055,0.01,1293035346.46875
7852,-4600556.975,3917,0.01,1881423106.8046875
7853,-4984954.225,4077,0.01,1962830481.984375
7854,-2984535.75,3155,0.01,1579471995.578125
7855,-3371284.9250000003,3353,0.01,1629892195.21875
7856,-4045209.3000000003,3673,0.01,1604517437.5
7857,-2202617.625,2711,0.01,1115515913.59375
7858,-2842413.975,3079,0.01,1158645725.6875
7859,-1358914.875,2130,0.01,712585200.625
7860,-4891459.35,4039,0.01,1334016446.515625
7861,-3142278.975,3237,0.01,1454851965.140625
7862,-7285609.975,4929,0.01,2234840745.765625
7863,-1184359.925,1988,0.01,1326032319.59375
7864,-3618316.35,3474,0.01,2139610287.109375
7865,-20812906.999999996,8330,0.01,6871102875.125
7866,-1541846.425,2268,0.01,4479763623.5625
7867,-7489629.6,4997,0.01,7894699544.03125
7868,-2458862.975,2864,0.01,4184791867.5625
7869,-3767656.875,3545,0.01,2445142975.6875
7870,-11751040.5,6260,0.01,3780815269.0625
7871,-6091738.225,4507,0.01,4154058272.9375
7872,-8706310.174999999,5388,0.01,3865802365.796875
7873,-5587724.6,4317,0.01,3319271576.09375
7874,-2348590.225,2799,0.01,1877076577.109375
7875,-8646397.1,5369,0.01,2911809599.296875
7876,-2496088.25,2885,0.01,2422078127.5
7877,-6179220.975,4539,0.01,2796948436.609375
7878,-1783558.975,2439,0.01,1742202000.46875
7879,-2776054.5500000003,3043,0.01,1533535270.671875
7880,-2888529.35,3104,0.01,1338824703.921875
7881,-1343272.225,2117,0.01,944539454.171875
7882,-4299614.725,3787,0.01,1339091235.5546875
7883,-1110531.625,1925,0.01,839998269.1875
7884,-33591112.099999994,10582,0.01,13222967603.015625
7885,-1410076.475,2169,0.01,5465173143.75
7886,-18830562.549999997,7923,0.01,18182283682.1875
7887,-8945881.35,5462,0.01,7203977383.25
7888,-11885392.75,6295,0.01,5991276036.3125
7889,-4698769.6,3959,0.01,4382596342.0625
7890,-1348826.975,2122,0.01,1836290282.125
7891,-815488.875,1650,0.01,1377580903.765625
7892,-4707187.6,3962,0.01,2589509824.890625
7893,-1972150.375,2565,0.01,1479381128.65625
7894,-1417426.85,2174,0.01,1146644790.625
7895,-8296288.975,5259,0.01,2492946774.671875
7896,-13184519.625,6630,0.01,5032568627.5
7897,-4546776.475,3894,0.01,4706001113.625
7898,-6647562.3,4708,0.01,5442635042.625
7899,-12704037.924999999,6508,0.01,5541830695.546875
7900,-4290729.175,3783,0.01,4394935036.25
7901,-13705432.375,6760,0.01,7375493533.84375
7902,-6703142.8,4728,0.01,5276161464.5625
7903,-1915012.925,2528,0.01,1920036922.1875
7904,-1325007.05,2103,0.01,1795939450.9375
7905,-7382281.35,4962,0.01,3154528021.515625
7906,-5395437.35,4242,0.01,2714053226.9375
7907,-9085998.1,5504,0.01,3262951544.125
7908,-3476260.875,3405,0.01,2507014165.90625
7909,-6673369.85,4717,0.01,3174556989.46875
7910,-4147849.225,3719,0.01,2359135145.046875
7911,-14718003.875,7005,0.01,5020877998.140625
7912,-2202844.5,2711,0.01,3343519219.96875
7913,-6627788.125,4701,0.01,5400734546.25
7914,-954538.75,1785,0.01,2113528643.6875
7915,-3550370.75,3441,0.01,2451736167.140625
7916,-1941436.5,2545,0.01,1511112281.859375
7917,-3764401.8000000003,3543,0.01,1662684795.71875
7918,-6872914.725,4787,0.01,2072617071.78125
7919,-3713807.5,3520,0.01,1936869568.5625
7920,-3896247.875,3605,0.01,1865932918.109375
7921,-6223980.625,4556,0.01,2173582118.765625
7922,-9961511.049999999,5763,0.01,3861540101.8125
7923,-42729363.74999999,11935,0.01,18489116389.96875
7924,-619783.6,1439,0.01,3919808836.375
7925,-9281920.549999999,5563,0.01,10418286656.71875
7926,-11468162.725,6184,0.01,8325909067.625
7927,-1684240.5,2370,0.01,2603573153.5
7928,-8876671.875,5440,0.01,4699166501.84375
7929,-2138183.75,2670,0.01,2437061264.75
7930,-2618098.625,2955,0.01,2391699062.71875
7931,-10412818.975,5892,0.01,4546148837.1875
7932,-25076401.049999997,9143,0.01,10158287037.03125
7933,-6240670.475,4562,0.01,7797597325.15625
7934,-11098292.549999999,6083,0.01,7711195747.09375
7935,-8111951.75,5201,0.01,5112069101.5625
7936,-14567864.125,6970,0.01,6422838166.4375
7937,-4623832.475,3927,0.01,5058703873.25
7938,-3904192.8000000003,3608,0.01,4288786129.9375
7939,-5573481.875,4311,0.01,3612440989.90625
7940,-2655288.375,2976,0.01,1870671357.421875
7941,-6609296.0,4695,0.01,2412693046.28125
7942,-10108735.25,5806,0.01,3843283104.78125
7943,-6273039.725,4574,0.01,4059952685.53125
7944,-7515421.625,5006,0.01,4556296536.1875
7945,-2402317.75,2831,0.01,2245055770.484375
7946,-19135327.474999998,7987,0.01,7349173142.625
7947,-7737099.975,5079,0.01,7069751600.125
7948,-5155212.5,4146,0.01,6938940336.6875
7949,-2823632.975,3069,0.01,2897707179.921875
7950,-162096.84999999998,737,0.01,842726179.4375
7951,-1061018.6,1882,0.01,1737048011.09375
7952,-3532367.0500000003,3433,0.01,2075797049.328125
7953,-3537041.75,3435,0.01,1622570091.421875
7954,-11515702.1,6197,0.01,3090708284.390625
7955,-2738908.8000000003,3023,0.01,2908554115.53125
7956,-7231178.25,4911,0.01,3893023465.625
7957,-2045652.35,2612,0.01,2249798244.109375
7958,-4402435.0,3831,0.01,2072227102.859375
7959,-5205944.75,4166,0.01,1938497673.15625
7960,-2476401.85,2874,0.01,1488613101.546875
7961,-12976765.049999999,6578,0.01,4019992858.328125
7962,-2089249.125,2640,0.01,3124484861.75
7963,-14485615.475,6949,0.01,8738830511.5
7964,-1226383.55,2023,0.01,2992913421.1875
7965,-18444717.975,7842,0.01,9984540326.34375
7966,-3015236.0,3171,0.01,5098888727.8125
7967,-2591933.0,2940,0.01,2313504636.0
7968,-10827807.299999999,6008,0.01,3512455968.328125
7969,-17828101.0,7710,0.01,7295443570.78125
7970,-9994611.799999999,5773,0.01,7261607917.8125
7971,-7341950.8,4948,0.01,5101585478.09375
7972,-8972068.0,5470,0.01,4689535666.3125
7973,-10989659.549999999,6053,0.01,5291715730.84375
7974,-3105561.6750000003,3218,0.01,3391845445.25
7975,-12003169.125,6326,0.01,6584822203.875
7976,-16972361.474999998,7522,0.01,8575583057.375
7977,-3037883.4250000003,3183,0.01,5111085505.75
7978,-1947011.675,2548,0.01,2976714716.59375
7979,-16529273.799999999,7423,0.01,7571039142.9375
7980,-2628815.5,2961,0.01,4492841222.625
7981,-8197072.8,5228,0.01,8408165414.125
7982,-6946482.175,4813,0.01,5199606526.65625
7983,-1482852.1,2224,0.01,1878664785.65625
7984,-19164760.299999997,7993,0.01,8151336831.9375
7985,-4511808.725,3879,0.01,5771375507.5625
7986,-5713583.875,4365,0.01,3688415533.9375
7987,-14272644.799999999,6898,0.01,5730546006.46875
7988,-4959996.6,4067,0.01,5096752534.375
7989,-8816891.35,5422,0.01,5527957534.375
7990,-15117496.35,7099,0.01,6368500668.46875
7991,-7769919.875,5090,0.01,6102750754.78125
7992,-8022209.6,5172,0.01,5916122995.8125
7993,-14242103.25,6891,0.01,5556788377.03125
7994,-7315333.475,4939,0.01,5632843436.53125
7995,-3821192.125,3570,0.01,4090149168.125
7996,-7632212.0,5045,0.01,4218877355.203125
7997,-5290405.125,4200,0.01,3272084555.125
7998,-7122266.55,4873,0.01,3701483113.140625
7999,-2140540.475,2672,0.01,2203765598.3125
8000,-5884576.25,4430,0.01,3078263997.65625
8001,-5749548.475,4379,0.01,2931653118.234375
8002,-2589539.1,2939,0.01,1910976117.21875
8003,-5723047.85,4369,0.01,2731466245.28125
8004,-3110587.5,3221,0.01,2009428762.0625
8005,-1160242.8,1968,0.01,1036256725.296875
8006,-7380804.625,4961,0.01,2539317182.5625
8007,-4165986.5500000003,3728,0.01,2357440996.96875
8008,-10565576.125,5935,0.01,4070052090.1875
8009,-13182949.625,6630,0.01,5856770675.0625
8010,-7368344.725,4957,0.01,5298347809.9375
8011,-14559940.35,6967,0.01,5724845653.0
8012,-10283618.375,5855,0.01,7510543055.8125
8013,-6675827.675,4718,0.01,6415873297.65625
8014,-6261418.5,4570,0.01,4697564870.90625
8015,-2550894.475,2917,0.01,2059593691.5
8016,-11790761.625,6270,0.01,4384395257.671875
8017,-10308005.674999999,5863,0.01,5962100064.9375
8018,-7105802.675,4868,0.01,4797961504.34375
8019,-9490072.875,5626,0.01,4290204144.359375
8020,-13538661.85,6719,0.01,5587643104.90625
8021,-1502626.85,2239,0.01,2775214754.6875
8022,-2761336.625,3035,0.01,3761929769.375
8023,-1747310.1,2414,0.01,2075664955.953125
8024,-4931558.0,4055,0.01,2509445803.8125
8025,-12053396.225,6339,0.01,3754535694.796875
8026,-1578693.125,2295,0.01,2211523954.46875
8027,-11320548.85,6144,0.01,6795183519.6875
8028,-1408000.8,2168,0.01,2765439072.5625
8029,-7980835.6,5159,0.01,4055057500.71875
8030,-1964931.25,2560,0.01,2123425705.03125
8031,-7693604.0,5065,0.01,2833678905.875
8032,-2669745.35,2984,0.01,2049091438.59375
8033,-1943042.875,2546,0.01,1663586596.875
8034,-10988501.799999999,6053,0.01,3825894814.359375
8035,-19018937.925,7963,0.01,7961508925.9375
8036,-4898413.1,4042,0.01,6673767542.0625
8037,-4787677.0,3996,0.01,5575668057.625
8038,-3691659.725,3509,0.01,3459760854.453125
8039,-4322445.225,3797,0.01,2203508495.8125
8040,-6439104.975,4634,0.01,2405700839.265625
8041,-18928890.599999998,7944,0.01,6356513148.640625
8042,-6070822.35,4499,0.01,7370744851.625
8043,-6193812.975,4544,0.01,6604223065.75
8044,-1588205.1,2302,0.01,2205098642.390625
8045,-3511188.1,3422,0.01,2639987381.171875
8046,-6727418.125,4736,0.01,2538628963.953125
8047,-2841210.85,3079,0.01,1761013701.53125
8048,-15851152.125,7270,0.01,5466678713.90625
8049,-4385799.25,3825,0.01,4537432566.5625
8050,-4104240.0,3700,0.01,2436452722.15625
8051,-5472163.85,4272,0.01,2507178485.625
8052,-4962036.8,4068,0.01,2391188520.828125
8053,-13133816.975,6617,0.01,4323071738.21875
8054,-11743198.1,6257,0.01,6681249147.34375
8055,-13345687.375,6671,0.01,7614467874.78125
8056,-5535361.75,4296,0.01,5769455717.875
8057,-8206696.75,5231,0.01,4241879319.65625
8058,-1347958.375,2121,0.01,1864112594.375
8059,-10318599.375,5866,0.01,5005129178.34375
8060,-13043123.85,6594,0.01,6458613201.96875
8061,-11398867.125,6165,0.01,7171614178.84375
8062,-7464442.35,4989,0.01,6388399730.375
8063,-1630115.35,2332,0.01,2790099587.9375
8064,-8215531.475,5234,0.01,5643812335.578125
8065,-20016771.349999998,8169,0.01,8530254365.25
8066,-7447378.05,4983,0.01,8518733884.0625
8067,-5250462.475,4184,0.01,7947390948.6875
8068,-17865400.925,7718,0.01,8206913221.984375
8069,-19816909.049999997,8128,0.01,11444681465.5625
8070,-13744630.725,6769,0.01,11267831777.25
8071,-4221913.225,3752,0.01,7199323774.8125
8072,-13227742.875,6641,0.01,8091438213.9375
8073,-1384148.1,2149,0.01,2651678958.625
8074,-1836288.375,2475,0.01,3136157636.1875
8075,-3039462.725,3184,0.01,3223956335.75
8076,-17352166.749999996,7606,0.01,6302359665.90625
8077,-9098062.424999999,5508,0.01,6967378238.65625
8078,-10562935.75,5935,0.01,6175882395.90625
8079,-9054723.5,5495,0.01,5642699855.90625
8080,-14859813.6,7039,0.01,7460861744.25
8081,-2459223.975,2864,0.01,4205637232.1875
8082,-7111519.625,4870,0.01,6385549849.0625
8083,-3901903.225,3607,0.01,3528040823.03125
8084,-6396272.425,4618,0.01,3008493611.640625
8085,-1752802.925,2418,0.01,1487902205.078125
8086,-17340362.35,7604,0.01,5403721807.890625
8087,-8629406.225,5364,0.01,6889360403.21875
8088,-5583835.75,4315,0.01,4388576654.1875
8089,-4607913.875,3920,0.01,3007599444.96875
8090,-1276355.725,2064,0.01,1665768148.96875
8091,-7180110.425,4893,0.01,2507522169.859375
8092,-8725453.35,5394,0.01,3830680520.25
8093,-2871868.5,3095,0.01,2347505306.3125
8094,-11088421.25,6080,0.01,5185605200.65625
8095,-8683834.75,5381,0.01,5764465506.28125
8096,-10668846.475,5964,0.01,5532744951.96875
8097,-17831733.249999996,7710,0.01,8191065908.3125
8098,-3358711.475,3347,0.01,5802629858.8125
8099,-1102098.05,1918,0.01,2356116469.59375
8100,-6760472.3,4748,0.01,5044220281.0
8101,-1831828.975,2472,0.01,1508129177.78125
8102,-9909801.799999999,5748,0.01,3499388148.09375
8103,-7758490.875,5086,0.01,4712931124.28125
8104,-14473207.75,6946,0.01,6635568200.03125
8105,-13597483.049999999,6733,0.01,8021737717.75
8106,-11648525.975,6232,0.01,8264403262.46875
8107,-8482589.674999999,5318,0.01,6412333292.59375
8108,-24716175.849999998,9077,0.01,11775137104.84375
8109,-3366975.5,3351,0.01,7215498053.5625
8110,-2945591.625,3135,0.01,7700246965.625
8111,-7833494.125,5111,0.01,8139922278.65625
8112,-1081508.0,1900,0.01,1625012340.5625
8113,-6916522.725,4802,0.01,3497591870.5
8114,-5808106.625,4401,0.01,3321543145.46875
8115,-4407948.1,3834,0.01,2519503318.1875
8116,-2726311.375,3016,0.01,1983468947.453125
8117,-6406636.35,4622,0.01,2741072656.625
8118,-3327446.25,3331,0.01,2034873662.453125
8119,-14815633.549999999,7028,0.01,5056622653.625
8120,-11630231.85,6227,0.01,6722910459.28125
8121,-4070149.725,3684,0.01,5708718082.5
8122,-8190866.625,5226,0.01,5767899564.96875
8123,-8986993.35,5474,0.01,4678097590.34375
8124,-7998013.725,5164,0.01,4623330583.46875
8125,-4611449.725,3922,0.01,3917138298.875
8126,-7440005.0,4981,0.01,3821628613.375
8127,-2276921.875,2756,0.01,1966738300.78125
8128,-3547307.875,3440,0.01,2218428613.046875
8129,-5242780.25,4181,0.01,1860845386.3125
8130,-16045883.475,7314,0.01,4807008787.375
8131,-10591486.1,5942,0.01,7918933376.9375
8132,-5705956.1,4362,0.01,6495341859.90625
8133,-2092270.85,2642,0.01,2487621981.53125
8134,-11408890.549999999,6168,0.01,5512268617.59375
8135,-1124474.1,1937,0.01,2262811356.9375
8136,-3969210.0500000003,3638,0.01,3769355423.9375
8137,-6432867.875,4631,0.01,4028389294.28125
8138,-1839059.35,2477,0.01,1482326648.890625
8139,-3601540.875,3466,0.01,1718632300.125
8140,-7285137.85,4929,0.01,2378110825.703125
8141,-14166890.674999999,6873,0.01,4648799698.25
8142,-6170236.375,4536,0.01,5167480995.125
8143,-1679761.675,2368,0.01,1888497277.40625
8144,-8540584.725,5337,0.01,3565776346.953125
8145,-2983386.25,3155,0.01,2395379982.3125
8146,-7363330.625,4955,0.01,3374132031.96875
8147,-6681692.125,4720,0.01,3346859776.21875
8148,-4618275.75,3925,0.01,2802788192.21875
8149,-473070.225,1257,0.01,1027882549.84375
8150,-2422145.9250000003,2843,0.01,1868456223.515625
8151,-3563861.8000000003,3448,0.01,1920586611.5625
8152,-7095068.475,4864,0.01,2170328841.40625
8153,-3258996.975,3297,0.01,1878538517.9375
8154,-5985513.725,4467,0.01,2776336171.96875
8155,-8364868.75,5281,0.01,3525621527.6875
8156,-6149487.725,4529,0.01,3288906227.03125
8157,-10962804.75,6046,0.01,4480764526.0
8158,-6564866.975,4679,0.01,4275733513.96875
8159,-3445134.75,3390,0.01,2302646916.09375
8160,-1700363.6,2382,0.01,1636983422.15625
8161,-1851089.5,2485,0.01,1648470104.03125
8162,-4860188.25,4026,0.01,1909856793.3046875
8163,-3583521.35,3457,0.01,1677229761.6875
8164,-9150276.475,5524,0.01,2676157529.25
8165,-3400129.1,3367,0.01,2638207266.90625
8166,-873977.2999999999,1708,0.01,1314372889.28125
8167,-6396253.175,4618,0.01,2798751860.890625
8168,-14862692.85,7039,0.01,5068120777.5
8169,-6596791.5,4690,0.01,5496941225.09375
8170,-12648742.475,6494,0.01,7876472110.78125
8171,-13646465.0,6745,0.01,7829543533.46875
8172,-2053979.55,2618,0.01,4110429631.125
8173,-9231149.549999999,5548,0.01,6462504597.3125
8174,-4743142.725,3977,0.01,4289938410.6875
8175,-12650799.475,6494,0.01,5424476204.9375
8176,-7181795.975,4894,0.01,5187113378.9375
8177,-1263983.85,2054,0.01,2272398565.5
8178,-14109593.725,6859,0.01,6257216818.28125
8179,-1321325.375,2100,0.01,3112541185.5
8180,-3366705.0,3351,0.01,3206957552.1875
8181,-11559325.924999999,6208,0.01,3800545447.625
8182,-7577596.0,5026,0.01,4640998298.34375
8183,-7998783.1,5164,0.01,4403176993.9375
8184,-6163409.175,4533,0.01,3767443294.25
8185,-1825392.55,2468,0.01,2086743886.875
8186,-5682566.55,4353,0.01,3646776931.34375
8187,-7855258.675,5118,0.01,3488139590.546875
8188,-5103581.125,4126,0.01,3028068112.4375
8189,-3894232.1,3604,0.01,2377637455.9375
8190,-4344180.25,3806,0.01,2142471782.078125
8191,-4921810.0,4051,0.01,2051643567.296875
8192,-2374498.35,2814,0.01,1600182844.03125
8193,-13224602.25,6640,0.01,4230908009.828125
8194,-5422353.725,4252,0.01,4738243457.5
8195,-9214364.049999999,5543,0.01,4649043959.90625
8196,-5506190.5,4285,0.01,3680174309.625
8197,-5426747.85,4254,0.01,3196498569.125
8198,-7095228.85,4864,0.01,3349688313.953125
8199,-4145214.0500000003,3718,0.01,2539836339.90625
8200,-2465983.1750000003,2868,0.01,1802148054.296875
8201,-18678653.249999996,7891,0.01,6714432327.1875
8202,-2047943.725,2614,0.01,4663077215.75
8203,-18751023.225,7907,0.01,12575582196.6875
8204,-3711631.1,3519,0.01,5307789209.25
8205,-10677803.6,5967,0.01,4839770489.34375
8206,-5643240.55,4338,0.01,3982563923.03125
8207,-2216028.1,2719,0.01,1832040918.515625
8208,-27981086.049999997,9658,0.01,10803415518.0
8209,-23934556.3,8933,0.01,13884968268.21875
8210,-15847384.85,7269,0.01,11488090401.53125
8211,-27050616.725,9497,0.01,14408870504.0625
8212,-5988373.225,4469,0.01,8240792863.21875
8213,-1691303.75,2375,0.01,3364484884.5
8214,-6271272.925,4573,0.01,5045655071.328125
8215,-15057735.875,7085,0.01,5662515801.75
8216,-21468089.874999996,8460,0.01,11662485440.5625
8217,-629970.5,1450,0.01,3466706096.0
8218,-11848717.875,6285,0.01,11475532930.5625
8219,-7494874.85,4999,0.01,7255277063.5625
8220,-2306753.475,2774,0.01,2857387380.3125
8221,-5068283.125,4111,0.01,3571537389.515625
8222,-18973528.799999997,7953,0.01,6761218992.421875
8223,-11029299.975,6064,0.01,9334924698.90625
8224,-11839367.799999999,6283,0.01,9568645971.3125
8225,-6808665.625,4765,0.01,6097865485.28125
8226,-9184174.475,5534,0.01,5877534177.875
8227,-7772957.5,5091,0.01,4448796084.75
8228,-9621676.85,5664,0.01,4564320850.8125
8229,-14614402.0,6981,0.01,6178428352.03125
8230,-8109049.875,5200,0.01,6010119380.6875
8231,-3418476.25,3376,0.01,2893471054.75
8232,-5596432.0,4320,0.01,3480392071.78125
8233,-4230578.5,3756,0.01,2693464656.75
8234,-5654157.475,4342,0.01,2727807315.53125
8235,-3433010.1,3384,0.01,2047363563.578125
8236,-8733145.75,5396,0.01,3227707337.78125
8237,-9525399.5,5636,0.01,4282534690.96875
8238,-13729814.375,6766,0.01,5602801343.3125
8239,-6843160.225,4777,0.01,5417253311.9375
8240,-8315957.75,5266,0.01,4175489428.53125
8241,-18441145.874999996,7841,0.01,6708718692.453125
8242,-9152387.725,5524,0.01,7683713883.65625
8243,-6119907.425,4518,0.01,7951007669.71875
8244,-9647831.6,5672,0.01,4377310955.375
8245,-5023396.675,4093,0.01,3487415659.984375
8246,-2932009.475,3127,0.01,2731348629.09375
8247,-16408266.75,7396,0.01,6211677090.375
8248,-5844745.25,4415,0.01,5540367015.28125
8249,-15138402.125,7105,0.01,8282691974.40625
8250,-4319931.75,3796,0.01,4792096700.84375
8251,-40993166.74999999,11690,0.01,17696293115.8125
8252,-1527525.8,2258,0.01,5745975813.875
8253,-17833369.0,7711,0.01,13469830479.0625
8254,-12698766.85,6507,0.01,8090586799.625
8255,-6536205.475,4669,0.01,4861838829.0625
8256,-3187006.625,3261,0.01,2716703419.1875
8257,-6169395.5,4536,0.01,3120149624.640625
8258,-4116893.75,3705,0.01,2324890357.375
8259,-2847316.125,3081,0.01,1874006951.0
8260,-2909678.25,3115,0.01,1697179164.375
8261,-3169178.875,3251,0.01,1577417404.53125
8262,-7497766.0,5000,0.01,2272380371.265625
8263,-10993531.475,6054,0.01,4158854934.4375
8264,-10430594.6,5897,0.01,5326232927.5625
8265,-5374179.225,4234,0.01,4979336693.90625
8266,-6210139.25,4551,0.01,4179853349.8125
8267,-1295225.225,2079,0.01,1864875145.453125
8268,-6995426.875,4830,0.01,2900240872.25
8269,-544658.725,1349,0.01,845761829.40625
8270,-3752734.9250000003,3538,0.01,2244207595.4375
8271,-12112362.75,6355,0.01,4032866881.84375
8272,-5118976.85,4132,0.01,3839632886.0
8273,-6060806.5,4496,0.01,3647163494.21875
8274,-4499892.1,3874,0.01,2686045642.625
8275,-1950395.125,2551,0.01,1549029165.75
8276,-3666489.225,3497,0.01,1691526565.6875
8277,-5355450.375,4226,0.01,1697432182.078125
8278,-3757508.25,3540,0.01,1666197998.390625
8279,-1054500.75,1876,0.01,1029394226.203125
8280,-7955010.625,5150,0.01,2632711181.109375
8281,-22214552.75,8606,0.01,7934801944.5
8282,-6337081.35,4597,0.01,7398156435.875
8283,-5345478.225,4222,0.01,4206473673.875
8284,-1661526.85,2354,0.01,2078293552.0
8285,-1626071.85,2329,0.01,2035813576.71875
8286,-8381301.875,5286,0.01,3232079082.3359375
8287,-15580971.35,7207,0.01,5990688632.75
8288,-14413060.475,6932,0.01,9642606740.25
8289,-1023387.0499999999,1848,0.01,3285353834.8125
8290,-3337113.125,3336,0.01,5202964036.3125
8291,-9675152.625,5680,0.01,6678626578.75
8292,-2163061.35,2687,0.01,2149637042.0625
8293,-16784657.25,7481,0.01,5745110600.21875
8294,-3854938.375,3586,0.01,4695948355.1875
8295,-11773561.75,6266,0.01,4568302393.046875
8296,-24658039.85,9067,0.01,10110910364.84375
8297,-4252319.625,3766,0.01,7096532922.4375
8298,-11591979.35,6217,0.01,10184794956.09375
8299,-8404184.475,5294,0.01,4992761736.9375
8300,-9675197.75,5680,0.01,4656849411.75
8301,-6125954.975000001,4519,0.01,4177284042.625
8302,-5699643.625,4360,0.01,3081714595.109375
8303,-6271570.8,4573,0.01,2963066127.5
8304,-13621168.1,6739,0.01,5222676681.625
8305,-539099.6,1342,0.01,1486565388.0625
8306,-9808213.1,5719,0.01,7209991822.71875
8307,-5217270.0,4171,0.01,5427550781.8125
8308,-9092704.25,5506,0.01,4621714811.75
8309,-1689388.475,2374,0.01,2030862773.9375
8310,-3079015.25,3205,0.01,2600161108.0625
8311,-2696171.475,2999,0.01,1578220291.421875
8312,-4640315.35,3934,0.01,1634156680.328125
8313,-7692114.625,5065,0.01,2349526323.015625
8314,-2097992.125,2646,0.01,1714334103.1875
8315,-11031993.5,6065,0.01,3882905999.5625
8316,-2072078.6,2629,0.01,2777951544.84375
8317,-1861023.85,2492,0.01,2231280973.5
8318,-1629700.1,2332,0.01,1500794281.421875
8319,-5827819.975,4409,0.01,2162740738.7890625
8320,-14870627.0,7041,0.01,4480315011.171875
8321,-1344881.55,2118,0.01,2455764098.4375
8322,-3313209.1,3324,0.01,3652028808.5
8323,-9955212.375,5761,0.01,4669030493.15625
8324,-2418498.125,2840,0.01,2343558671.25
8325,-6852997.75,4780,0.01,3641221845.640625
8326,-3006114.375,3166,0.01,2665298359.328125
8327,-3853468.625,3585,0.01,2212965169.65625
8328,-1886036.3,2508,0.01,1564075885.625
8329,-7287411.1,4929,0.01,2391164314.375
8330,-806813.25,1641,0.01,1171923854.6875
8331,-1232170.925,2028,0.01,1517819543.0
8332,-1723306.55,2398,0.01,1512649288.9375
8333,-18349244.1,7822,0.01,6273942798.546875
8334,-15472745.225,7182,0.01,9017486725.1875
8335,-8693518.6,5384,0.01,7728290338.75
8336,-3396636.5,3366,0.01,5612727893.9375
8337,-6281676.975,4577,0.01,4688078669.21875
8338,-1145911.0,1955,0.01,1927668043.71875
8339,-6525005.85,4664,0.01,3144696341.0
8340,-17831403.374999996,7710,0.01,6638989282.5
8341,-3660478.975,3494,0.01,5731396143.9375
8342,-4184505.0,3736,0.01,5202674351.03125
8343,-1850518.25,2485,0.01,3359410105.375
8344,-3426938.25,3381,0.01,2121478849.34375
8345,-3724047.475,3524,0.01,1720005090.53125
8346,-4567382.925,3903,0.01,1690652735.859375
8347,-3185777.5,3260,0.01,1366959748.59375
8348,-6101243.875,4511,0.01,1998860024.328125
8349,-12544216.1,6467,0.01,4303087223.84375
8350,-10190227.475,5829,0.01,5865524680.0625
8351,-3533962.8000000003,3433,0.01,3958161095.125
8352,-3078178.475,3204,0.01,2530450704.875
8353,-4933434.875,4056,0.01,2467543300.890625
8354,-3735868.5,3530,0.01,1822587524.984375
8355,-6140204.375,4525,0.01,2279637590.390625
8356,-1168752.875,1975,0.01,1265456138.8125
8357,-7276803.625,4926,0.01,3009423948.0625
8358,-4619860.625,3925,0.01,3037067240.25
8359,-1318427.6,2097,0.01,1422737357.75
8360,-11132081.975,6092,0.01,4255903665.125
8361,-5754345.25,4380,0.01,4485544981.78125
8362,-6276836.875,4575,0.01,3808864581.25
8363,-2530482.625,2905,0.01,2124257475.53125
8364,-3668009.3000000003,3498,0.01,2418568234.171875
8365,-11032678.75,6065,0.01,3891593705.421875
8366,-17103656.874999996,7551,0.01,7486779308.09375
8367,-6341432.675,4598,0.01,6627260602.5625
8368,-8135838.425,5208,0.01,5862360079.515625
8369,-9270708.125,5560,0.01,4315367163.4375
8370,-3896792.625,3605,0.01,3058647968.46875
8371,-10822419.1,6007,0.01,5394179357.09375
8372,-2070597.05,2628,0.01,2470935492.15625
8373,-3129895.5,3231,0.01,3030135459.0
8374,-2907489.85,3114,0.01,1983076911.859375
8375,-4308981.25,3791,0.01,1845327818.078125
8376,-1730931.675,2403,0.01,1087743308.1875
8377,-18361875.099999998,7824,0.01,5392866293.6796875
8378,-26221946.0,9350,0.01,13093358041.34375
8379,-5235727.85,4179,0.01,7380315891.1875
8380,-4590284.925,3913,0.01,3910697763.203125
8381,-2512463.125,2895,0.01,2446224126.5
8382,-5254813.5,4186,0.01,2384115592.484375
8383,-2514226.875,2896,0.01,1496368358.953125
8384,-22950385.724999998,8747,0.01,8013428888.125
8385,-12249147.875,6391,0.01,11370212279.25
8386,-6712567.0,4731,0.01,8245399376.78125
8387,-28945208.174999997,9823,0.01,12068176777.796875
8388,-4954706.5,4065,0.01,9517104599.875
8389,-17699076.6,7682,0.01,15007803908.90625
8390,-12779955.174999999,6528,0.01,8284457243.65625
8391,-10938271.975,6039,0.01,8483006787.5
8392,-5051008.6,4104,0.01,4625403519.5
8393,-3620959.375,3475,0.01,3523587838.90625
8394,-5125015.725,4134,0.01,3622873654.953125
8395,-1935481.5,2541,0.01,1857828287.875
8396,-529491.625,1330,0.01,741281721.765625
8397,-6493860.1,4654,0.01,2838241869.59375
8398,-2647694.725,2972,0.01,1941986228.5625
8399,-3892021.0500000003,3603,0.01,2100167723.796875
8400,-4870702.25,4030,0.01,2060029137.765625
8401,-16927464.474999998,7512,0.01,5133623391.3125
8402,-3846475.125,3581,0.01,5156912405.4375
8403,-19973934.624999996,8160,0.01,9952804729.78125
8404,-5349977.85,4224,0.01,7003285309.1875
8405,-9647798.475,5672,0.01,6941822832.0
8406,-14462850.6,6944,0.01,6187047374.15625
8407,-6444716.75,4635,0.01,6076424887.75
8408,-7910136.375,5135,0.01,7046250913.5
8409,-6099203.625,4510,0.01,3605936227.90625
8410,-5946470.175,4453,0.01,2965106559.15625
8411,-1409419.975,2169,0.01,1516713234.796875
8412,-13658034.424999999,6748,0.01,5106185524.875
8413,-6287395.85,4579,0.01,5592534989.1875
8414,-6897087.5,4795,0.01,4871598160.0625
8415,-7543969.375,5015,0.01,4016519677.8125
8416,-1797804.6,2449,0.01,1898533663.34375
8417,-8117906.3,5203,0.01,4279638887.34375
8418,-2371916.8000000003,2813,0.01,2612009716.84375
8419,-4867797.85,4029,0.01,2810408144.3125
8420,-4142581.1,3717,0.01,2742353517.53125
8421,-2909861.125,3115,0.01,1564566639.765625
8422,-7135359.3,4878,0.01,2330489720.828125
8423,-6601437.475,4692,0.01,2930668384.640625
8424,-2797468.625,3055,0.01,2144027036.84375
8425,-3636752.0500000003,3483,0.01,1973637706.4375
8426,-1872477.1,2499,0.01,1027533225.8125
8427,-2741677.85,3024,0.01,1230664278.84375
8428,-2161552.125,2685,0.01,1020653235.84375
8429,-4371109.3,3818,0.01,1370024433.859375
8430,-2410837.625,2836,0.01,1144250552.03125
8431,-2017035.1,2594,0.01,1181315052.734375
8432,-5590713.3,4318,0.01,1813725499.015625
8433,-4275370.125,3776,0.01,1784210918.5625
8434,-10341684.475,5872,0.01,3367738862.78125
8435,-7093697.475,4864,0.01,4112565353.8125
8436,-5457273.0,4266,0.01,2983961762.53125
8437,-2064299.725,2624,0.01,2026339310.078125
8438,-10509083.225,5919,0.01,3837841409.828125
8439,-12632113.5,6490,0.01,5953301053.6875
8440,-28440824.349999998,9737,0.01,13557001076.9375
8441,-14669446.6,6994,0.01,10750475771.59375
8442,-8136044.725,5209,0.01,7269319214.96875
8443,-3551676.225,3442,0.01,4675492402.3125
8444,-12361574.375,6420,0.01,5725673463.265625
8445,-5749320.725,4379,0.01,4529628140.9375
8446,-8802508.299999999,5418,0.01,4381666776.71875
8447,-2956282.375,3140,0.01,2404083332.3125
8448,-6617542.6,4697,0.01,3564860128.84375
8449,-7496589.6,4999,0.01,3738564525.65625
8450,-6238163.875,4561,0.01,3214954388.03125
8451,-5945373.05,4453,0.01,3504511008.40625
8452,-9916284.5,5750,0.01,4231887393.28125
8453,-12449378.35,6442,0.01,5957356842.0625
8454,-2619596.125,2956,0.01,3381261809.25
8455,-26830986.55,9458,0.01,13681689041.09375
8456,-7039120.0,4845,0.01,11036026950.6875
8457,-1543202.975,2269,0.01,6226294839.0
8458,-7477417.8,4993,0.01,9012305373.25
8459,-16989924.499999996,7526,0.01,6803452956.34375
8460,-6907081.225,4799,0.01,6525588287.8125
8461,-16221320.1,7354,0.01,8982000151.53125
8462,-1755087.625,2420,0.01,3772649108.9375
8463,-19694138.549999997,8103,0.01,13582306779.25
8464,-2630098.225,2962,0.01,4617551726.3125
8465,-4781693.8,3993,0.01,5362767519.21875
8466,-6095024.05,4508,0.01,4703012841.609375
8467,-8982138.475,5472,0.01,3711931026.015625
8468,-6970471.375,4821,0.01,3969773110.96875
8469,-2869732.975,3094,0.01,2355446396.625
8470,-8475224.625,5316,0.01,4180375530.671875
8471,-1517330.875,2250,0.01,1954608187.9375
8472,-1206114.125,2006,0.01,1668892589.34375
8473,-12018080.25,6330,0.01,5059884410.78125
8474,-2840490.5500000003,3078,0.01,3392775206.90625
8475,-6185429.1,4542,0.01,3509332519.3125
8476,-4162051.5,3726,0.01,2746046080.640625
8477,-7614107.975,5039,0.01,2587856720.21875
8478,-5448979.3,4263,0.01,2719271792.34375
8479,-7640506.35,5047,0.01,2968337570.484375
8480,-17677212.974999998,7677,0.01,6302768124.71875
8481,-5464417.6,4269,0.01,6890904096.625
8482,-6957581.725,4817,0.01,7254323363.5
8483,-7746982.675,5083,0.01,4635635312.375
8484,-8114412.35,5202,0.01,4142847006.6875
8485,-10928869.875,6036,0.01,5261123429.625
8486,-6738690.625,4740,0.01,4876244325.25
8487,-2831346.5500000003,3073,0.01,3267689547.625
8488,-6665824.25,4715,0.01,4297309038.453125
8489,-8551354.5,5340,0.01,3822706479.34375
8490,-4963670.425,4068,0.01,2769782168.625
8491,-3093255.35,3212,0.01,2130990947.21875
8492,-2486246.5,2880,0.01,1872571541.875
8493,-4913349.8,4048,0.01,2078789345.84375
8494,-5257208.6,4187,0.01,2084281984.421875
8495,-2641050.5500000003,2968,0.01,1623110342.484375
8496,-15024777.725,7077,0.01,5025860792.921875
8497,-3102798.975,3217,0.01,4304019069.8125
8498,-5789005.1,4394,0.01,4035219299.8125
8499,-2678090.35,2989,0.01,2563731621.03125
8500,-3965518.6,3637,0.01,2015746477.234375
8501,-5005849.25,4086,0.01,1935230298.15625
8502,-4862499.225,4027,0.01,1915231373.96875
8503,-4092593.875,3695,0.01,1869243147.703125
8504,-3963441.75,3636,0.01,1983837662.21875
8505,-4707235.1,3962,0.01,1970371868.65625
8506,-6592496.85,4689,0.01,2280082319.359375
8507,-2697906.75,3000,0.01,1736306010.25
8508,-5220921.675,4173,0.01,2346024514.0
8509,-1694526.925,2378,0.01,1449649741.03125
8510,-9722098.725,5694,0.01,3211052167.375
8511,-1631993.725,2334,0.01,2301036421.0
8512,-19472666.175,8058,0.01,8512466765.75
8513,-30431871.55,10073,0.01,17104761533.875
8514,-30168334.225,10029,0.01,17370895863.375
8515,-21848929.875,8535,0.01,14171904850.6875
8516,-3192249.6750000003,3263,0.01,6977219008.9375
8517,-4788821.875,3996,0.01,7198080527.40625
8518,-2551725.725,2917,0.01,4248943196.9375
8519,-5047607.925,4103,0.01,2417802301.21875
8520,-2530052.25,2905,0.01,2038944410.375
8521,-13157336.424999999,6623,0.01,4246168245.46875
8522,-6734765.6,4739,0.01,5637706568.5
8523,-3314912.0,3325,0.01,3618587048.59375
8524,-6907051.1,4799,0.01,4266600286.8125
8525,-5627624.1,4332,0.01,3046167016.1875
8526,-12842510.725,6544,0.01,4609612769.375
8527,-8414951.85,5297,0.01,5868013345.53125
8528,-11383259.75,6161,0.01,6024433586.46875
8529,-1837199.875,2476,0.01,2385662236.1875
8530,-8006215.35,5167,0.01,4936581185.75
8531,-4711521.1,3964,0.01,3347667568.8125
8532,-7918468.35,5139,0.01,3204176012.75
8533,-3894061.6,3604,0.01,2483314340.78125
8534,-4532496.05,3888,0.01,2661090883.25
8535,-11208236.174999999,6113,0.01,3893440339.375
8536,-23151028.75,8786,0.01,9495116638.5625
8537,-28440693.474999998,9737,0.01,16307373681.9375
8538,-3686000.375,3506,0.01,7473788187.375
8539,-27394224.6,9557,0.01,11823855054.375
8540,-6276739.0,4575,0.01,8128027904.71875
8541,-11852309.0,6286,0.01,7657229229.3125
8542,-11040377.85,6067,0.01,6371175151.90625
8543,-6999459.375,4831,0.01,5365475763.78125
8544,-6348543.125,4601,0.01,4688522829.0625
8545,-1696284.85,2379,0.01,1945880220.65625
8546,-8780672.25,5411,0.01,3700578708.578125
8547,-3295817.75,3315,0.01,2865977042.5625
8548,-13203251.875,6635,0.01,4692049114.359375
8549,-2425035.475,2844,0.01,3386223113.0
8550,-7498589.5,5000,0.01,6029357685.5625
8551,-5922933.1,4444,0.01,4161969665.5625
8552,-5035551.675,4098,0.01,2890799820.0625
8553,-4359474.3,3813,0.01,2520281632.171875
8554,-6189683.175,4543,0.01,3033546014.28125
8555,-4926291.925,4053,0.01,2605471225.875
8556,-10660534.6,5962,0.01,4126144945.890625
8557,-8186200.125,5225,0.01,4561797432.8125
8558,-1069023.35,1889,0.01,1633490261.1875
8559,-18873457.099999998,7932,0.01,7672024144.75
8560,-9420895.5,5605,0.01,7492207419.84375
8561,-1764172.125,2426,0.01,2011309906.875
8562,-6248910.375,4565,0.01,4539204845.25
8563,-8362017.25,5281,0.01,4397891155.96875
8564,-4744276.3,3978,0.01,2876543398.84375
8565,-10622509.125,5951,0.01,4070858837.96875
8566,-9214726.549999999,5543,0.01,4847873812.0
8567,-5391502.25,4240,0.01,3409488052.25
8568,-15331777.1,7149,0.01,5635464480.34375
8569,-18030168.299999997,7753,0.01,9825657226.28125
8570,-10943537.625,6041,0.01,8427932465.84375
8571,-3196337.625,3265,0.01,3294276784.6875
8572,-6855628.5,4781,0.01,4267876362.28125
8573,-1437433.625,2190,0.01,2109833630.25
8574,-16553459.6,7429,0.01,5331253605.953125
8575,-2636664.0,2966,0.01,4441487117.875
8576,-10172497.225,5824,0.01,6504407464.125
8577,-6650210.85,4709,0.01,4303475935.09375
8578,-4572033.625,3905,0.01,2642176252.90625
8579,-4850902.1,4022,0.01,2268315833.59375
8580,-2501034.9250000003,2888,0.01,1702864544.28125
8581,-11788423.225,6269,0.01,3823528721.984375
8582,-812396.25,1646,0.01,1927370546.6875
8583,-14717105.625,7005,0.01,7544130982.40625
8584,-3448047.25,3391,0.01,4892614771.1875
8585,-2880746.125,3100,0.01,2154243831.640625
8586,-4401157.25,3831,0.01,1979848579.515625
8587,-2171723.475,2692,0.01,1143354484.734375
8588,-5481147.625,4276,0.01,1824349046.328125
8589,-5141729.375,4141,0.01,2045258339.296875
8590,-3827526.9250000003,3573,0.01,1920289653.609375
8591,-1920320.375,2531,0.01,1331923405.84375
8592,-8194792.35,5227,0.01,2411578577.59375
8593,-6541108.0,4670,0.01,3368267057.0
8594,-9426039.125,5606,0.01,4169476738.875
8595,-3579803.0,3455,0.01,3226200904.21875
8596,-5148200.425,4143,0.01,3750860239.59375
8597,-5011887.3,4088,0.01,2907562999.921875
8598,-21426528.974999998,8452,0.01,7088750495.625
8599,-2107718.35,2652,0.01,5057063205.9375
8600,-14948793.0,7060,0.01,11802415080.125
8601,-6801334.6,4762,0.01,6099132480.875
8602,-4063368.875,3681,0.01,2857757258.21875
8603,-3297422.625,3316,0.01,2308318570.171875
8604,-2056581.6,2619,0.01,1753010761.6875
8605,-4947866.6,4062,0.01,2103968348.53125
8606,-10593576.549999999,5943,0.01,3351869115.640625
8607,-5765107.875,4385,0.01,3529169184.34375
8608,-9772546.174999999,5708,0.01,4686187636.28125
8609,-4849169.125,4021,0.01,3062494797.53125
8610,-13004520.125,6585,0.01,4610844181.140625
8611,-6510841.125,4660,0.01,4426167392.5625
8612,-8348992.0,5276,0.01,3953639881.84375
8613,-7700937.475,5067,0.01,4013917930.3125
8614,-12373426.299999999,6423,0.01,5003035578.78125
8615,-6631737.8,4703,0.01,4702074748.0
8616,-7503639.725,5002,0.01,3625368547.3125
8617,-1394491.475,2157,0.01,1573098637.9375
8618,-4371035.425,3818,0.01,2455205227.953125
8619,-6739705.5,4741,0.01,2527175692.578125
8620,-3206705.0,3270,0.01,1969259543.6875
8621,-5582344.75,4315,0.01,2558238742.421875
8622,-2526190.5500000003,2903,0.01,1823454510.390625
8623,-10307317.799999999,5863,0.01,3499111892.34375
8624,-10498588.0,5916,0.01,5578990815.4375
8625,-3645737.725,3487,0.01,3485573298.875
8626,-2683710.975,2992,0.01,2642866266.75
8627,-2799646.625,3056,0.01,2599505803.59375
8628,-10036202.25,5785,0.01,2843967530.171875
8629,-1874514.875,2501,0.01,2121374303.125
8630,-17628960.85,7667,0.01,6494532079.171875
8631,-2402771.5,2831,0.01,4460433383.25
8632,-10788713.225,5997,0.01,4697615349.796875
8633,-18415548.374999996,7835,0.01,8164891418.375
8634,-2928033.375,3125,0.01,5063668343.3125
8635,-7484911.0,4996,0.01,6933540770.8125
8636,-4650251.675,3938,0.01,3958133522.625
8637,-12116636.375,6356,0.01,4343499466.25
8638,-4083654.875,3690,0.01,3642820563.40625
8639,-960125.875,1790,0.01,1597529297.28125
8640,-13175576.674999999,6628,0.01,5316138335.21875
8641,-16116451.25,7330,0.01,8993929181.1875
8642,-12370809.35,6422,0.01,7815046346.09375
8643,-3041891.25,3185,0.01,3720213410.28125
8644,-6068791.6,4499,0.01,5101368307.96875
8645,-2937242.375,3130,0.01,2797136600.53125
8646,-7904542.85,5134,0.01,2816554875.5
8647,-2567162.5,2926,0.01,2168102594.34375
8648,-13848892.0,6795,0.01,4699352391.1875
8649,-5092684.625,4121,0.01,4577537850.0
8650,-6520184.3,4663,0.01,3317978634.609375
8651,-7674867.85,5059,0.01,3222069811.65625
8652,-8660728.6,5374,0.01,3462212562.796875
8653,-15168290.85,7112,0.01,5724497897.9375
8654,-7378048.75,4960,0.01,6141545968.59375
8655,-8833100.975,5427,0.01,5585767599.21875
8656,-4693028.25,3956,0.01,3171136686.71875
8657,-7364507.875,4955,0.01,3753629184.9375
8658,-3967268.35,3637,0.01,2766211367.4375
8659,-16168558.6,7342,0.01,5636431160.4375
8660,-7917244.8,5138,0.01,6511343041.40625
8661,-4339739.35,3804,0.01,4444107498.65625
8662,-1961463.675,2558,0.01,2103446620.015625
8663,-1886997.85,2509,0.01,1674861862.015625
8664,-2011309.125,2591,0.01,1436290960.625
8665,-1370273.675,2138,0.01,899790297.203125
8666,-1047904.625,1870,0.01,623457313.0
8667,-9367990.225,5589,0.01,2209820879.921875
8668,-520892.475,1319,0.01,1207483357.90625
8669,-8028462.975,5174,0.01,4320608356.78125
8670,-5567700.475,4309,0.01,4085544401.59375
8671,-10994837.125,6055,0.01,4547353607.65625
8672,-1351039.925,2123,0.01,2111676467.90625
8673,-2973695.6,3149,0.01,3684807851.34375
8674,-1142038.725,1952,0.01,2085582334.71875
8675,-38938379.55,11393,0.01,17177459868.046875
8676,-1552767.875,2276,0.01,5713448340.8125
8677,-8064521.875,5186,0.01,14963934995.4375
8678,-5826606.675,4408,0.01,7513422992.15625
8679,-5940307.5,4451,0.01,3529331304.53125
8680,-2369475.975,2812,0.01,1996258962.71875
8681,-5173386.35,4154,0.01,2426088262.203125
8682,-4723240.85,3969,0.01,2328599098.265625
8683,-7546729.75,5016,0.01,2875256607.859375
8684,-18842393.125,7926,0.01,6616135805.5625
8685,-28865952.875,9810,0.01,17873711635.75
8686,-286542.225,979,0.01,2823577706.875
8687,-10965232.975,6047,0.01,11141024944.0625
8688,-5160957.6,4149,0.01,6488879639.75
8689,-9656245.125,5675,0.01,4485419048.078125
8690,-30348070.35,10059,0.01,12119334764.625
8691,-6372498.5,4610,0.01,7713725751.75
8692,-8851498.674999999,5433,0.01,5211038738.59375
8693,-7107233.3,4868,0.01,4034713882.59375
8694,-20169516.249999996,8200,0.01,7219857143.09375
8695,-946278.35,1777,0.01,3311411944.0
8696,-4593922.975,3914,0.01,6928513324.6875
8697,-5948979.975,4454,0.01,6854585273.25
8698,-2477786.25,2875,0.01,1684664588.71875
8699,-1533262.6,2262,0.01,1080589686.875
8700,-3944380.1,3627,0.01,1541529616.890625
8701,-3928774.125,3620,0.01,1523185145.09375
8702,-11703340.725,6247,0.01,3284995206.96875
8703,-3693504.5,3510,0.01,3393822265.90625
8704,-11875916.424999999,6293,0.01,5087669858.78125
8705,-2611751.35,2952,0.01,2784344436.96875
8706,-9677263.875,5681,0.01,3737495384.6875
8707,-4786735.125,3995,0.01,3238040161.25
8708,-3689457.5500000003,3508,0.01,2064850663.734375
8709,-3999068.6,3652,0.01,1866183932.234375
8710,-8481189.799999999,5318,0.01,2937019264.78125
8711,-2398852.725,2829,0.01,2184444903.34375
8712,-7659781.35,5054,0.01,3696648086.5625
8713,-9298116.174999999,5568,0.01,4283565343.9375
8714,-14823072.375,7030,0.01,5978601036.40625
8715,-1068007.175,1888,0.01,2726652811.4375
8716,-9399132.924999999,5598,0.01,8746310595.125
8717,-6205998.6,4549,0.01,5587562724.65625
8718,-4761996.25,3985,0.01,3059138368.40625
8719,-9247779.549999999,5553,0.01,3984750675.6875
8720,-13800172.549999999,6783,0.01,6005751641.1875
8721,-2731470.1,3019,0.01,3883962831.3125
8722,-5664939.6,4347,0.01,5032087212.84375
8723,-2923855.1750000003,3123,0.01,3157148609.984375
8724,-3025442.975,3177,0.01,1794671632.75
8725,-3840689.85,3579,0.01,2026428447.3125
8726,-12558345.375,6471,0.01,3490252124.34375
8727,-7457387.6,4987,0.01,5062610343.65625
8728,-4565341.975,3902,0.01,3634110500.625
8729,-5385341.55,4238,0.01,3163600815.015625
8730,-3292724.975,3314,0.01,2198859348.171875
8731,-2018542.375,2595,0.01,1436903059.09375
8732,-2508894.4250000003,2893,0.01,1508483414.671875
8733,-4574979.75,3906,0.01,1689817875.171875
8734,-2340292.85,2794,0.01,1330188527.015625
8735,-9517310.924999999,5633,0.01,2692516779.578125
8736,-19211896.174999997,8003,0.01,7347387108.71875
8737,-2575871.625,2931,0.01,5092166808.3125
8738,-5461217.425,4268,0.01,7228605713.125
8739,-4840702.425,4018,0.01,5100022786.015625
8740,-1169974.125,1976,0.01,1389201591.375
8741,-2532775.1,2907,0.01,1474653286.5
8742,-3105921.6,3219,0.01,1573753602.1875
8743,-2946455.75,3135,0.01,1522176318.78125
8744,-10124392.625,5810,0.01,2710657064.7109375
8745,-4710648.55,3963,0.01,3494555872.03125
8746,-2861640.625,3090,0.01,2266345281.28125
8747,-7556173.875,5020,0.01,3251916230.765625
8748,-4241829.625,3761,0.01,2457439218.90625
8749,-8938720.725,5459,0.01,3423928626.21875
8750,-6897147.0,4796,0.01,3969396642.25
8751,-2496226.0,2886,0.01,2362590869.0
8752,-3669946.1,3499,0.01,2570522120.546875
8753,-3447775.0,3391,0.01,1888899360.484375
8754,-5725419.225,4369,0.01,1917121916.421875
8755,-7305338.375,4935,0.01,2739914275.125
8756,-4200769.05,3743,0.01,2559589831.09375
8757,-2220508.725,2722,0.01,1851897417.703125
8758,-569877.125,1380,0.01,896086704.578125
8759,-3537019.875,3435,0.01,2018219902.53125
8760,-479583.25,1266,0.01,580231338.796875
8761,-7799947.875,5100,0.01,2493637960.3125
8762,-4237291.475,3759,0.01,2770243752.1875
8763,-8503087.125,5325,0.01,3694634847.875
8764,-3834348.625,3576,0.01,2641486810.59375
8765,-1350961.3,2123,0.01,1683027298.0625
8766,-27868189.475,9639,0.01,10199666658.375
8767,-3122651.225,3227,0.01,6876540882.25
8768,-5884593.25,4430,0.01,9930009117.375
8769,-2898294.6,3109,0.01,4823124319.203125
8770,-2032499.1,2604,0.01,1697721650.09375
8771,-4574806.125,3906,0.01,2198304399.21875
8772,-7920972.1,5139,0.01,2528839092.6875
8773,-4778362.975,3992,0.01,2689731404.46875
8774,-3777024.1,3549,0.01,2386893872.671875
8775,-7236827.6,4912,0.01,3448475896.5625
8776,-4493586.625,3871,0.01,2651240736.484375
8777,-6622918.875,4700,0.01,3220293476.15625
8778,-12077869.875,6346,0.01,4674265461.53125
8779,-3295180.375,3315,0.01,3390959113.625
8780,-12475231.225,6449,0.01,7494208059.53125
8781,-10191306.975,5829,0.01,5671672417.21875
8782,-7987965.0,5161,0.01,4896506976.9375
8783,-6415180.0,4625,0.01,3957470461.71875
8784,-7854624.225,5117,0.01,3902217804.34375
8785,-6091396.975,4507,0.01,3570406944.75
8786,-2602792.6,2947,0.01,2179951762.5
8787,-3865332.0,3591,0.01,2404334992.9375
8788,-1424835.375,2181,0.01,1126447317.6875
8789,-1649756.5,2346,0.01,1184941066.0
8790,-1604324.85,2314,0.01,932846259.03125
8791,-3877158.5,3596,0.01,1233641454.7265625
8792,-181779.49999999997,780,0.01,264719528.8125
8793,-2501872.975,2889,0.01,1097582355.109375
8794,-4056542.8000000003,3678,0.01,1367323412.875
8795,-2819125.5,3066,0.01,1419002456.078125
8796,-3488505.625,3411,0.01,1401045600.046875
8797,-4192823.725,3739,0.01,1532212876.875
8798,-9555090.85,5644,0.01,2706955120.78125
8799,-695576.475,1524,0.01,1287367879.9375
8800,-18627762.375,7881,0.01,6515662182.0625
8801,-5372862.3,4233,0.01,6205634033.1875
8802,-5676883.375,4351,0.01,2681218295.859375
8803,-4774178.75,3990,0.01,2227950007.96875
8804,-2428613.875,2846,0.01,1593361165.0
8805,-5011674.55,4088,0.01,2046328151.8125
8806,-5098133.05,4123,0.01,2145926981.265625
8807,-1136306.35,1947,0.01,1094618059.328125
8808,-7306757.25,4936,0.01,2895409769.15625
8809,-8110838.25,5201,0.01,3841861252.40625
8810,-12054823.625,6340,0.01,4940833394.25
8811,-11825203.975,6279,0.01,6464535131.25
8812,-2492083.8000000003,2883,0.01,3848451742.3125
8813,-6940542.375,4811,0.01,5890790739.5
8814,-8102663.925,5198,0.01,4669509236.28125
8815,-10320934.125,5866,0.01,4611805687.4375
8816,-461178.25,1241,0.01,1157045155.4375
8817,-5262034.35,4189,0.01,4414124891.1875
8818,-9901058.75,5746,0.01,4492763854.09375
8819,-13634644.475,6742,0.01,5587898899.84375
8820,-15113889.725,7099,0.01,7601885836.625
8821,-4581185.35,3909,0.01,5318106601.6875
8822,-694614.9249999999,1523,0.01,1371357402.34375
8823,-7011322.125,4835,0.01,3663721248.96875
8824,-4599513.625,3916,0.01,2797887122.8125
8825,-3552296.35,3442,0.01,2116458233.171875
8826,-13814205.975,6787,0.01,4422735540.96875
8827,-14184823.475,6877,0.01,7509927135.75
8828,-1559513.0,2281,0.01,3457177770.75
8829,-6559143.85,4677,0.01,7048650930.125
8830,-1149920.1,1959,0.01,3750922047.0
8831,-1537288.25,2265,0.01,2556093440.875
8832,-1920822.75,2531,0.01,1706055207.453125
8833,-3566029.0500000003,3448,0.01,1884422117.640625
8834,-9325546.875,5576,0.01,2470087599.0703125
8835,-3024077.75,3176,0.01,2430430339.1875
8836,-1232108.675,2028,0.01,1700277970.9375
8837,-4396238.475,3829,0.01,3076648227.75
8838,-6824353.625,4771,0.01,2564452521.265625
8839,-1799284.375,2450,0.01,1455817217.5
8840,-1683239.5,2370,0.01,1486376056.96875
8841,-4091528.1,3694,0.01,2036164894.078125
8842,-5075249.975,4114,0.01,1942628057.0
8843,-12457444.5,6445,0.01,3977517169.859375
8844,-16142126.0,7336,0.01,7351909544.15625
8845,-684977.225,1512,0.01,2424621739.25
8846,-33393416.874999996,10551,0.01,20778131855.625
8847,-7377812.125,4960,0.01,8397936644.15625
8848,-10261082.35,5849,0.01,7372777802.40625
8849,-3046138.35,3187,0.01,3291133930.25
8850,-4693837.125,3956,0.01,3996870858.90625
8851,-4015068.475,3659,0.01,3090867167.59375
8852,-4020050.85,3662,0.01,2017182820.078125
8853,-6093974.55,4508,0.01,2348509311.125
8854,-2058626.25,2621,0.01,1567533052.25
8855,-16153619.85,7339,0.01,5480109188.765625
8856,-8582487.5,5350,0.01,6547531166.59375
8857,-3661073.125,3495,0.01,3343794370.125
8858,-790692.375,1625,0.01,1599018496.5625
8859,-2508206.6750000003,2893,0.01,2526545455.71875
8860,-740719.9249999999,1573,0.01,1386649627.75
8861,-258109.84999999998,929,0.01,457263792.421875
8862,-5721438.175,4368,0.01,1754939695.6328125
8863,-11068524.625,6075,0.01,3982933276.015625
8864,-2897325.475,3109,0.01,2641418801.59375
8865,-4129301.625,3711,0.01,3120355960.9375
8866,-3513169.8000000003,3423,0.01,2824927422.40625
8867,-3639807.725,3484,0.01,1647946136.671875
8868,-5361803.225,4229,0.01,1895302418.40625
8869,-1741435.125,2410,0.01,1325354826.875
8870,-8128509.75,5206,0.01,2743148125.578125
8871,-8167380.55,5218,0.01,3939613907.78125
8872,-1626146.35,2329,0.01,1919138290.90625
8873,-8890933.0,5445,0.01,4485459379.40625
8874,-6225030.625,4556,0.01,4140932630.3125
8875,-1797762.85,2449,0.01,1721979075.953125
8876,-5374488.3,4233,0.01,2730988047.25
8877,-4453740.725,3854,0.01,2271183567.546875
8878,-6202009.175,4548,0.01,2360505770.40625
8879,-3727486.125,3526,0.01,2198063652.84375
8880,-9307894.375,5571,0.01,3411492975.796875
8881,-8565720.1,5344,0.01,4266816437.71875
8882,-9065571.049999999,5498,0.01,4462772360.15625
8883,-4491679.125,3870,0.01,3303046664.5
8884,-9178425.475,5532,0.01,4684416537.96875
8885,-2420348.85,2842,0.01,2548019492.625
8886,-2197648.0500000003,2708,0.01,2283344889.0625
8887,-4678244.75,3950,0.01,2382790735.359375
8888,-3178843.875,3256,0.01,1666730109.890625
8889,-7438499.625,4980,0.01,2381939136.0625
8890,-6504050.475,4657,0.01,3234085210.0625
8891,-6419377.475,4627,0.01,3040766373.96875
8892,-4203467.975,3744,0.01,2637983444.78125
8893,-9864340.5,5735,0.01,4056205625.515625
8894,-10421337.125,5895,0.01,5076386781.75
8895,-1250418.675,2043,0.01,2150257627.53125
8896,-17602610.5,7661,0.01,6890055580.296875
8897,-13937676.975,6817,0.01,8379491419.78125
8898,-4474897.175,3863,0.01,4749363031.625
8899,-7330705.1,4944,0.01,6010266284.6875
8900,-1463993.25,2210,0.01,2145843958.65625
8901,-3430206.85,3382,0.01,2242947076.140625
8902,-1949736.5,2550,0.01,1376238542.203125
8903,-8899489.35,5447,0.01,2812469400.96875
8904,-5475631.925,4273,0.01,3458375114.0
8905,-11817583.6,6277,0.01,5273401556.1875
8906,-2329999.1750000003,2788,0.01,2840570526.59375
8907,-10081099.299999999,5798,0.01,5171274497.03125
8908,-2745221.625,3026,0.01,3108049943.5
8909,-17112706.674999997,7553,0.01,6793741980.171875
8910,-1754524.1,2419,0.01,3781130762.375
8911,-4181780.975,3734,0.01,4468659254.21875
8912,-9835618.25,5726,0.01,5237981634.5625
8913,-3460351.475,3397,0.01,2703607479.46875
8914,-8957653.5,5465,0.01,5317870023.78125
8915,-9174840.25,5531,0.01,4781395055.921875
8916,-8885957.424999999,5443,0.01,4429238359.78125
8917,-15859793.85,7272,0.01,6889227775.5625
8918,-13758164.674999999,6773,0.01,8367286188.21875
8919,-1959773.475,2557,0.01,3403831271.625
8920,-16736749.5,7470,0.01,8575197427.46875
8921,-13413557.85,6687,0.01,8916566317.375
8922,-4303570.55,3788,0.01,6176364177.75
8923,-6136763.475,4524,0.01,5210950070.625
8924,-10326055.1,5867,0.01,4984641307.375
8925,-8535834.625,5335,0.01,4579694454.28125
8926,-5134505.55,4138,0.01,3463791659.375
8927,-6904028.3,4798,0.01,3458537965.859375
8928,-2974750.0,3150,0.01,2231610912.21875
8929,-6875300.175,4788,0.01,3722206144.375
8930,-10442892.875,5901,0.01,4411886507.71875
8931,-1369438.175,2138,0.01,1954656688.71875
8932,-10398112.174999999,5888,0.01,5096875329.125
8933,-1541729.675,2268,0.01,2701794769.375
8934,-4519299.35,3882,0.01,3486365436.90625
8935,-7031705.85,4842,0.01,3686589181.4375
8936,-7860685.625,5120,0.01,3123315338.90625
8937,-10717594.299999999,5978,0.01,4765426522.0
8938,-13805529.0,6785,0.01,6273090120.375
8939,-7137350.975,4879,0.01,5585257622.59375
8940,-11590128.475,6217,0.01,6306947960.25
8941,-4164041.6,3727,0.01,4130692080.75
8942,-1641175.75,2340,0.01,2103242679.78125
8943,-7048067.8,4848,0.01,3358992354.4375
8944,-2666065.475,2982,0.01,2119928176.09375
8945,-31547870.749999996,10255,0.01,12382945813.703125
8946,-29329162.174999997,9888,0.01,20841918680.5625
8947,-10130896.225,5812,0.01,8938831299.40625
8948,-3468529.375,3401,0.01,4390635837.5625
8949,-6799285.225,4762,0.01,5320217663.78125
8950,-1221848.975,2019,0.01,2236269822.0625
8951,-2070761.175,2628,0.01,1918150871.234375
8952,-5411728.425,4248,0.01,2432735172.296875
8953,-6462391.225,4642,0.01,2528977131.65625
8954,-7059883.725,4852,0.01,3019573281.828125
8955,-8564161.35,5344,0.01,3850455656.90625
8956,-8268138.0,5251,0.01,4591751412.8125
8957,-2301461.625,2771,0.01,2328683389.25
8958,-3338569.1,3337,0.01,2806263501.90625
8959,-4267212.55,3773,0.01,2342734782.265625
8960,-3026178.85,3177,0.01,1588733267.953125
8961,-4806845.225,4004,0.01,1779958163.9375
8962,-15330717.375,7150,0.01,4558785280.25
8963,-6419248.975,4627,0.01,5524975626.375
8964,-7143288.25,4881,0.01,5855390555.09375
8965,-5734746.8,4373,0.01,3658597039.359375
8966,-3611498.5,3470,0.01,2602165653.421875
8967,-4032598.725,3667,0.01,2422928691.234375
8968,-5737976.975,4374,0.01,2415571737.140625
8969,-14654899.875,6990,0.01,5005577136.421875
8970,-2385563.125,2821,0.01,3619931263.9375
8971,-2099603.85,2647,0.01,3225665835.96875
8972,-8613102.475,5359,0.01,5197080325.578125
8973,-3386030.5,3361,0.01,2471126163.3125
8974,-6089242.125,4506,0.01,3053306966.0
8975,-809494.225,1644,0.01,1336290183.65625
8976,-8187125.5,5225,0.01,3336820534.046875
8977,-11833255.25,6281,0.01,5222266109.65625
8978,-8611482.424999999,5358,0.01,5575327850.34375
8979,-11026085.549999999,6063,0.01,6592022849.21875
8980,-7656459.925,5053,0.01,5231887505.0
8981,-13497791.725,6709,0.01,5974245661.0625
8982,-1218591.975,2017,0.01,2425259530.75
8983,-9408821.875,5601,0.01,6960559491.90625
8984,-1416321.475,2174,0.01,3216887163.9375
8985,-6157759.375,4531,0.01,3601994431.0
8986,-4610633.625,3921,0.01,2726033818.265625
8987,-14196390.75,6880,0.01,4658125632.3125
8988,-6162559.675,4533,0.01,5044078696.78125
8989,-2348876.975,2799,0.01,3197887577.96875
8990,-4018614.25,3661,0.01,3873302854.21875
8991,-3261271.8000000003,3298,0.01,2195433618.34375
8992,-3464840.25,3400,0.01,1644207446.5
8993,-12662194.549999999,6498,0.01,3528280466.15625
8994,-12370028.6,6422,0.01,6278412878.9375
8995,-6403667.375,4621,0.01,5537952963.75
8996,-2672524.125,2986,0.01,2992879379.90625
8997,-4198034.35,3742,0.01,3275855511.15625
8998,-1264145.1,2054,0.01,1197410148.46875
8999,-4834065.625,4015,0.01,2105089586.40625
9000,-1749844.625,2416,0.01,1281351556.875
9001,-4029365.75,3666,0.01,1712054942.875
9002,-2988163.725,3157,0.01,1397762467.109375
9003,-5467983.625,4270,0.01,1813403125.765625
9004,-1616849.3,2323,0.01,1137861412.375
9005,-5375782.725,4234,0.01,2099452920.0
9006,-3842933.25,3580,0.01,2084298491.203125
9007,-5607056.6,4324,0.01,2141368281.703125
9008,-2494764.375,2885,0.01,1601209586.0
9009,-3963124.125,3636,0.01,1971618506.84375
9010,-1637717.175,2338,0.01,1226742429.75
9011,-4691956.625,3956,0.01,1674375930.1171875
9012,-3945920.1750000003,3628,0.01,1640656002.15625
9013,-6293333.75,4581,0.01,2154010214.953125
9014,-10054236.125,5790,0.01,3630860307.9375
9015,-16973774.425,7523,0.01,6749185826.96875
9016,-556410.4249999999,1363,0.01,1937884059.3125
9017,-3899560.25,3606,0.01,5504380271.8125
9018,-7007741.35,4834,0.01,6026515952.34375
9019,-3187333.25,3261,0.01,2153551099.75
9020,-3071882.25,3201,0.01,1802934207.09375
9021,-1467186.925,2213,0.01,917694209.546875
9022,-7906844.125,5135,0.01,2103431645.7734375
9023,-11826058.875,6280,0.01,4487097400.40625
9024,-4222160.225,3752,0.01,4027503959.625
9025,-2301565.75,2771,0.01,2498290008.25
9026,-2436622.75,2851,0.01,2531506204.28125
9027,-3541559.35,3437,0.01,1485845404.15625
9028,-3740143.85,3532,0.01,1371364700.21875
9029,-3229093.725,3282,0.01,1234934830.921875
9030,-10984507.225,6052,0.01,2855169241.703125
9031,-6320777.125,4591,0.01,3939511657.0
9032,-6155028.5,4530,0.01,2770836077.1875
9033,-2415283.8000000003,2838,0.01,1864431678.703125
9034,-3691583.975,3509,0.01,1945683154.0
9035,-3293707.875,3315,0.01,1780543773.40625
9036,-7953916.5,5150,0.01,2513674773.0625
9037,-2758465.9250000003,3033,0.01,2142955942.5625
9038,-18624466.0,7880,0.01,6113933978.796875
9039,-25626922.049999997,9243,0.01,13325315816.625
9040,-6448518.475,4637,0.01,11300131612.3125
9041,-10779908.375,5995,0.01,12374791361.25
9042,-2772091.25,3041,0.01,3419908103.8125
9043,-8805720.6,5419,0.01,5444418390.9375
9044,-4685146.3,3953,0.01,3561093845.21875
9045,-4208225.5,3746,0.01,2361856875.34375
9046,-1773372.1,2432,0.01,1573050859.59375
9047,-4189406.9250000003,3738,0.01,1989063147.296875
9048,-5352758.625,4225,0.01,1861598435.171875
9049,-5815061.725,4404,0.01,2177778075.0
9050,-4327173.35,3799,0.01,2044781995.78125
9051,-5026576.225,4094,0.01,2143816316.375
9052,-829768.725,1664,0.01,1028273567.125
9053,-12363156.125,6420,0.01,3766730909.34375
9054,-14468647.375,6945,0.01,7985487638.8125
9055,-3421612.3000000003,3378,0.01,5035716481.5625
9056,-4196991.0,3741,0.01,4576772075.15625
9057,-8880739.6,5442,0.01,5079110321.4375
9058,-1638800.8,2338,0.01,1881921638.6875
9059,-1100005.625,1916,0.01,1751542205.59375
9060,-4141212.375,3716,0.01,3220107896.8125
9061,-3765126.5500000003,3543,0.01,2293786797.515625
9062,-8671881.35,5377,0.01,2672960510.296875
9063,-9502428.1,5629,0.01,4283359399.09375
9064,-1642941.875,2341,0.01,2169701194.5625
9065,-18731688.099999998,7902,0.01,9154130419.125
9066,-5315308.625,4210,0.01,5722481216.59375
9067,-1815327.125,2461,0.01,3754796446.0
9068,-7578286.225,5027,0.01,5711044363.140625
9069,-6222191.0,4555,0.01,3217442704.09375
9070,-6628803.5,4701,0.01,2872707002.765625
9071,-1607272.75,2316,0.01,1701182910.4375
9072,-2176866.5,2695,0.01,1870877725.828125
9073,-3582879.35,3457,0.01,1763612173.59375
9074,-10119079.85,5809,0.01,2725849680.75
9075,-2930112.125,3126,0.01,2679245054.3125
9076,-1843193.375,2480,0.01,1955241137.28125
9077,-5690572.0,4356,0.01,2818411866.78125
9078,-4880606.35,4034,0.01,1967114534.234375
9079,-1860381.0,2491,0.01,1314517162.359375
9080,-21995038.549999997,8563,0.01,7426277426.453125
9081,-4756005.425,3983,0.01,6454109626.5625
9082,-14839232.725,7034,0.01,11195934684.375
9083,-8575629.049999999,5348,0.01,5645762631.125
9084,-7426370.975,4977,0.01,5829004680.03125
9085,-5263831.625,4190,0.01,3074428736.09375
9086,-2684019.225,2992,0.01,2009212354.96875
9087,-2885383.1,3102,0.01,1648246983.625
9088,-2981476.0500000003,3153,0.01,1255639384.796875
9089,-5481764.25,4275,0.01,1788292937.015625
9090,-7366236.25,4956,0.01,2568944405.015625
9091,-3537920.0,3435,0.01,2222810332.125
9092,-3185154.35,3259,0.01,2368130868.3125
9093,-1404214.225,2164,0.01,1632474135.6875
9094,-3762572.725,3542,0.01,1854395469.5
9095,-11299369.674999999,6138,0.01,3490594058.8984375
9096,-4029691.25,3666,0.01,3429283780.25
9097,-5862029.625,4421,0.01,4400017994.25
9098,-3049432.85,3189,0.01,2473599165.0
9099,-2345360.225,2797,0.01,1782799672.421875
9100,-6993776.475,4829,0.01,2717389494.09375
9101,-8010380.675,5168,0.01,3421438350.765625
9102,-5214345.0,4170,0.01,3178356046.625
9103,-8802875.799999999,5418,0.01,4286455335.5
9104,-6774173.55,4753,0.01,3785499199.625
9105,-10300833.25,5861,0.01,4076047985.4375
9106,-1971730.25,2565,0.01,2163432842.28125
9107,-14711580.049999999,7003,0.01,7638311650.1875
9108,-3106020.475,3219,0.01,4189553824.875
9109,-14504597.475,6954,0.01,5102475742.796875
9110,-7684358.975,5062,0.01,5423425155.28125
9111,-4220909.35,3752,0.01,2554143295.4375
9112,-1872307.975,2499,0.01,1845579745.1875
9113,-4663834.225,3944,0.01,3066446334.8125
9114,-5501547.925,4283,0.01,2379110107.578125
9115,-10618066.0,5950,0.01,3478899727.8125
9116,-7812215.85,5104,0.01,4526028961.625
9117,-2571215.225,2929,0.01,2498067751.8125
9118,-9988473.75,5771,0.01,4471245657.171875
9119,-598928.6,1414,0.01,1456591181.90625
9120,-1717058.8,2393,0.01,2141235093.65625
9121,-2956118.625,3140,0.01,1898837019.828125
9122,-2579824.9250000003,2933,0.01,1143152189.34375
9123,-4390250.75,3826,0.01,1371977988.296875
9124,-1998118.35,2582,0.01,1035121324.328125
9125,-3771263.85,3547,0.01,1418410517.390625
9126,-6761544.725,4749,0.01,2084208164.15625
9127,-13603667.125,6735,0.01,4507839749.046875
9128,-14299224.625,6905,0.01,7063986875.375
9129,-8743494.375,5400,0.01,6784930387.5
9130,-5423629.55,4253,0.01,5221990738.125
9131,-9700735.225,5687,0.01,5330954908.40625
9132,-7647452.5,5050,0.01,4876315637.0
9133,-10219675.975,5837,0.01,5615043149.0625
9134,-7429374.225,4977,0.01,5098552435.875
9135,-9523460.875,5635,0.01,5221516722.1875
9136,-8105052.1,5199,0.01,4770001434.3125
9137,-8637647.475,5367,0.01,4849320680.6875
9138,-8222858.725,5237,0.01,4572879287.3125
9139,-3110460.5,3221,0.01,2620727387.4375
9140,-2149731.0500000003,2678,0.01,2116745118.65625
9141,-5314611.875,4210,0.01,2646947168.90625
9142,-6210226.125,4551,0.01,2258331472.171875
9143,-910299.4249999999,1743,0.01,1149714479.75
9144,-4072311.25,3685,0.01,2419541139.78125
9145,-8807529.475,5419,0.01,3334237630.234375
9146,-32239628.474999998,10367,0.01,12968124218.0
9147,-3989556.1,3647,0.01,7442700489.375
9148,-3132809.35,3232,0.01,8630313447.5
9149,-6916179.225,4802,0.01,8156276458.140625
9150,-4070277.975,3684,0.01,2769850209.21875
9151,-8289991.85,5257,0.01,3863789571.390625
9152,-204265.34999999998,827,0.01,808415063.75
9153,-6409803.925,4623,0.01,3309377277.640625
9154,-11472784.0,6185,0.01,4509195264.0
9155,-2368859.75,2811,0.01,2655309112.90625
9156,-10500496.975,5917,0.01,4987756646.09375
9157,-9637387.225,5669,0.01,5323653269.8125
9158,-5778706.375,4390,0.01,3602070798.0
9159,-8116375.725,5202,0.01,3220747079.34375
9160,-18511794.999999996,7856,0.01,6522682769.4375
9161,-6290049.625,4580,0.01,6649018902.875
9162,-16274693.875,7366,0.01,11176177162.28125
9163,-8143126.125,5211,0.01,7167908669.125
9164,-9315232.299999999,5573,0.01,8474118090.9375
9165,-7263200.25,4921,0.01,4867403233.96875
9166,-16233824.1,7357,0.01,6390999253.84375
9167,-4538007.125,3890,0.01,5435673489.1875
9168,-3958950.475,3634,0.01,5792363182.3125
9169,-5829299.975,4409,0.01,4660775449.40625
9170,-7893389.75,5130,0.01,3760587947.5
9171,-1768902.725,2429,0.01,1891881916.65625
9172,-7154306.975,4884,0.01,4043857762.75
9173,-9029148.85,5487,0.01,4743702069.40625
9174,-8275096.55,5253,0.01,4855667659.65625
9175,-2123915.85,2662,0.01,2586792173.65625
9176,-9973904.225,5767,0.01,5325011778.21875
9177,-3409055.475,3372,0.01,3359004557.5625
9178,-10161557.625,5821,0.01,4218583071.90625
9179,-4782419.1,3994,0.01,3484451857.84375
9180,-10875904.35,6022,0.01,4760974482.5625
9181,-8404157.1,5294,0.01,4501421114.75
9182,-14810222.35,7027,0.01,6447507630.0
9183,-12949743.625,6571,0.01,8269154291.65625
9184,-13404151.25,6685,0.01,8121492496.8125
9185,-23039336.724999998,8764,0.01,11342789899.75
9186,-3441070.5500000003,3388,0.01,6624094065.8125
9187,-11842361.975,6284,0.01,6019856351.65625
9188,-6334209.5,4596,0.01,4799147838.625
9189,-4735490.725,3974,0.01,2610163459.375
9190,-4472698.225,3862,0.01,2424788667.234375
9191,-3704114.5,3515,0.01,1980200853.3125
9192,-17273979.475,7589,0.01,5568048624.921875
9193,-2755263.725,3032,0.01,4473148713.9375
9194,-3044460.35,3187,0.01,3627168809.125
9195,-11583405.375,6215,0.01,5401551746.65625
9196,-11280394.549999999,6133,0.01,5686055403.0625
9197,-6906314.975,4799,0.01,4724695131.34375
9198,-8083450.6,5192,0.01,4329762083.78125
9199,-6891082.1,4794,0.01,4105174249.78125
9200,-1927604.0,2536,0.01,1853280164.96875
9201,-4366240.375,3816,0.01,3269257107.359375
9202,-4472758.975,3862,0.01,2537575949.28125
9203,-2217923.125,2720,0.01,1451538674.34375
9204,-2120132.85,2659,0.01,1317931312.1875
9205,-12255851.6,6392,0.01,3886529337.3125
9206,-3170477.225,3252,0.01,3692239545.5
9207,-679165.375,1506,0.01,1581445420.625
9208,-4585928.625,3911,0.01,4569555838.25
9209,-7658910.725,5054,0.01,3591517081.859375
9210,-4377062.25,3821,0.01,2648509497.109375
9211,-12467817.549999999,6448,0.01,4899431801.90625
9212,-17074734.999999996,7545,0.01,7478340000.0
9213,-2836636.875,3076,0.01,4717101076.375
9214,-6449536.55,4638,0.01,4210026384.953125
9215,-1931118.925,2538,0.01,2181574864.234375
9216,-3277951.975,3307,0.01,2042263043.75
9217,-3713419.35,3519,0.01,1812069656.078125
9218,-1904711.5,2521,0.01,1037111555.4375
9219,-15047401.424999999,7083,0.01,4308249159.96875
9220,-2502241.35,2889,0.01,3908198337.5
9221,-2538534.875,2910,0.01,2662851023.25
9222,-2129043.0,2665,0.01,1969992859.359375
9223,-4422414.5,3840,0.01,1911018501.9296875
9224,-2078680.8,2633,0.01,1114525312.625
9225,-3746406.375,3535,0.01,1564202231.515625
9226,-2436619.5,2851,0.01,1064591109.84375
9227,-1674446.675,2363,0.01,966419088.328125
9228,-2805905.225,3059,0.01,1154295393.640625
9229,-3529778.0,3431,0.01,1267456451.515625
9230,-4649817.675,3938,0.01,1491061079.25
9231,-6877004.225,4789,0.01,2099717512.359375
9232,-2222058.725,2722,0.01,1736076258.3125
9233,-1228469.85,2024,0.01,1311282165.0625
9234,-2861446.725,3089,0.01,1928983982.1875
9235,-5018597.625,4091,0.01,2038531948.5390625
9236,-7143500.875,4880,0.01,2466799563.640625
9237,-8097807.0,5196,0.01,3434429487.0625
9238,-1975536.725,2567,0.01,2184625458.375
9239,-1909141.85,2524,0.01,2164294464.90625
9240,-3890000.35,3602,0.01,2268725938.921875
9241,-7118874.35,4872,0.01,2336753449.203125
9242,-6437379.05,4633,0.01,2713163079.140625
9243,-3244278.725,3289,0.01,2025653499.53125
9244,-12821575.924999999,6538,0.01,4779999233.109375
9245,-26937789.475,9477,0.01,12025995997.53125
9246,-6817929.425,4768,0.01,9158135973.4375
9247,-4367488.375,3816,0.01,4961353748.0
9248,-4997614.225,4082,0.01,3896501612.6875
9249,-2648587.725,2972,0.01,2398776254.875
9250,-6920483.975,4804,0.01,2855307792.203125
9251,-3725818.375,3525,0.01,2330042063.3125
9252,-4665084.85,3944,0.01,2472286464.6875
9253,-9345523.6,5582,0.01,3487982616.75
9254,-2637692.0,2966,0.01,2430159777.78125
9255,-7791410.975,5097,0.01,3164017901.40625
9256,-3941392.375,3626,0.01,2616033832.515625
9257,-6200817.05,4548,0.01,2687979561.6875
9258,-1419822.35,2177,0.01,1363866303.0625
9259,-3384165.0,3360,0.01,1570485938.3125
9260,-5944697.475,4452,0.01,1896320669.53125
9261,-3321753.475,3329,0.01,1579513989.03125
9262,-4691116.75,3956,0.01,1629341933.90625
9263,-6281578.725,4577,0.01,2221664536.390625
9264,-5469776.0,4271,0.01,2390209726.1875
9265,-6430955.75,4631,0.01,2913125476.40625
9266,-4706333.5,3961,0.01,2728488084.078125
9267,-4926557.675,4053,0.01,2478687945.453125
9268,-3873351.475,3594,0.01,2147435761.265625
9269,-1798064.6,2449,0.01,1522436926.90625
9270,-5851358.35,4417,0.01,2328708972.03125
9271,-4360048.3,3813,0.01,2249022271.359375
9272,-6343559.35,4599,0.01,2515535932.15625
9273,-1511876.625,2246,0.01,1385106034.859375
9274,-9509801.75,5631,0.01,3865662798.84375
9275,-3827685.3000000003,3573,0.01,3270327421.375
9276,-3617851.225,3474,0.01,2338997406.515625
9277,-2266721.25,2750,0.01,1714654944.3125
9278,-2167016.1,2689,0.01,1182098380.265625
9279,-4659675.475,3942,0.01,1629828938.109375
9280,-3609119.725,3469,0.01,1574866133.53125
9281,-3215909.375,3275,0.01,1605122438.6875
9282,-36421863.599999994,11019,0.01,13855868926.234375
9283,-7990406.475,5162,0.01,9159115312.25
9284,-12885986.875,6555,0.01,9306106880.59375
9285,-29680046.474999998,9947,0.01,14354662340.75
9286,-10101395.35,5804,0.01,12494523367.125
9287,-3248534.1,3292,0.01,7978773684.625
9288,-2890151.375,3105,0.01,3655131098.46875
9289,-5338596.35,4219,0.01,3308444082.53125
9290,-16268765.125,7365,0.01,5116447633.515625
9291,-22713948.099999998,8702,0.01,11633463812.75
9292,-17275341.349999998,7589,0.01,11331575628.1875
9293,-2744537.0,3026,0.01,5107217080.6875
9294,-5825751.55,4408,0.01,3952286835.140625
9295,-5015284.375,4090,0.01,3112182718.265625
9296,-4884292.875,4036,0.01,2352295609.359375
9297,-22092513.8,8583,0.01,7156005098.75
9298,-15546862.975,7199,0.01,14802189510.0625
9299,-26601167.349999998,9417,0.01,14319539776.375
9300,-4053599.225,3677,0.01,7173351004.75
9301,-4890158.8,4038,0.01,6040007237.8125
9302,-3497024.375,3415,0.01,3859434045.09375
9303,-3241054.975,3287,0.01,2353608911.34375
9304,-1093877.75,1911,0.01,1191352564.453125
9305,-2919494.125,3121,0.01,1653638669.9375
9306,-8482109.424999999,5318,0.01,2571427461.546875
9307,-10135983.475,5814,0.01,4330904208.59375
9308,-1127437.5,1940,0.01,1650100206.71875
9309,-15881829.975,7277,0.01,7067787451.5
9310,-3780127.5,3551,0.01,4886932077.625
9311,-274262.675,958,0.01,850515500.03125
9312,-1975129.475,2567,0.01,1718287866.421875
9313,-5306919.975,4207,0.01,2247446829.4375
9314,-2735017.0,3021,0.01,1760925145.28125
9315,-20105627.425,8188,0.01,6172505145.46875
9316,-8031246.875,5175,0.01,7895789826.375
9317,-1102319.8,1918,0.01,2393054673.6875
9318,-13012960.35,6587,0.01,6997348099.78125
9319,-6718418.3,4733,0.01,5564316621.25
9320,-3819819.1,3569,0.01,2709722939.828125
9321,-2916512.975,3119,0.01,2514499066.875
9322,-4377994.875,3821,0.01,2472172066.265625
9323,-15591649.375,7210,0.01,4767787817.640625
9324,-10175744.75,5825,0.01,6503346792.9375
9325,-12916032.975,6562,0.01,7034946951.53125
9326,-2457322.8000000003,2863,0.01,3817874594.0
9327,-5126454.5,4135,0.01,5577355601.375
9328,-4893701.375,4040,0.01,4245821795.15625
9329,-1756868.75,2421,0.01,1528931932.015625
9330,-3976959.35,3642,0.01,2087568836.0625
9331,-6277145.75,4575,0.01,2207770930.609375
9332,-8717927.975,5392,0.01,3299077221.34375
9333,-1443557.25,2195,0.01,1641524016.3125
9334,-4767140.975,3987,0.01,3756310455.84375
9335,-4764159.375,3986,0.01,3189674488.34375
9336,-14148298.924999999,6868,0.01,4640437230.96875
9337,-1173067.975,1979,0.01,2371398912.3125
9338,-2955331.125,3140,0.01,3481847300.8125
9339,-6441504.5,4635,0.01,3430528355.109375
9340,-1852417.5,2486,0.01,1428474894.46875
9341,-3269357.6,3302,0.01,1753239443.0
9342,-5107921.6,4127,0.01,1764486341.734375
9343,-37025127.25,11110,0.01,13763374190.8125
9344,-24658816.225,9067,0.01,16504223383.90625
9345,-6949832.975,4814,0.01,10699339684.9375
9346,-3724220.975,3524,0.01,6903527654.03125
9347,-3336635.125,3336,0.01,4329093743.140625
9348,-2114465.875,2656,0.01,1801460424.921875
9349,-10803860.475,6002,0.01,3753035882.28125
9350,-7520806.425,5008,0.01,4827992780.5
9351,-3784857.6750000003,3553,0.01,3104944236.78125
9352,-6277385.125,4575,0.01,3441873992.46875
9353,-5214361.125,4170,0.01,2986358457.078125
9354,-8116079.225,5202,0.01,3799639026.03125
9355,-5853940.55,4418,0.01,3428329329.96875
9356,-529472.5,1330,0.01,1249025736.21875
9357,-4974551.8,4073,0.01,3501953201.3125
9358,-7888814.6,5129,0.01,3587810993.90625
9359,-2327400.35,2787,0.01,1952875232.5625
9360,-9471034.375,5620,0.01,3513881933.59375
9361,-23382252.474999998,8829,0.01,9025449086.28125
9362,-4384935.6,3824,0.01,7314721464.1875
9363,-15936611.1,7289,0.01,8660126437.75
9364,-5601956.85,4322,0.01,5125901302.375
9365,-1344242.675,2118,0.01,1945132264.59375
9366,-6604896.925,4693,0.01,3903115228.1875
9367,-1507325.3,2243,0.01,1707161811.53125
9368,-17695299.25,7681,0.01,5822564603.578125
9369,-3231436.9250000003,3283,0.01,4980234179.6875
9370,-8645708.725,5369,0.01,7408383920.8125
9371,-7648483.375,5050,0.01,4433412911.40625
9372,-7183276.1,4894,0.01,3959615138.359375
9373,-9151917.725,5524,0.01,4262386583.15625
9374,-7381825.125,4961,0.01,4237421221.25
9375,-9988680.0,5771,0.01,5157188749.1875
9376,-1814184.875,2460,0.01,2295491591.3125
9377,-7558005.5,5020,0.01,4588784660.75
9378,-7510682.35,5004,0.01,4242160306.03125
9379,-18611883.224999998,7877,0.01,6898722552.703125
9380,-13919753.225,6812,0.01,9206408767.4375
9381,-11443464.1,6177,0.01,9693744510.6875
9382,-5799906.8,4398,0.01,6598140182.53125
9383,-6794659.875,4760,0.01,5062098588.125
9384,-1628370.875,2331,0.01,1871549101.75
9385,-2261169.475,2747,0.01,2105883746.75
9386,-2358402.0,2805,0.01,1623949164.203125
9387,-4683183.225,3952,0.01,1641489220.125
9388,-6609602.75,4695,0.01,2238486182.453125
9389,-6965838.5,4820,0.01,3014282407.296875
9390,-3166573.0,3250,0.01,2056925086.015625
9391,-12845147.0,6545,0.01,4145976102.296875
9392,-13064031.5,6600,0.01,6280733649.75
9393,-17277702.125,7590,0.01,8266748079.1875
9394,-5545605.5,4301,0.01,6369089891.625
9395,-6333859.0,4596,0.01,3766400338.828125
9396,-4230594.75,3756,0.01,2732544135.546875
9397,-6030190.6,4484,0.01,2920802622.703125
9398,-3480481.225,3407,0.01,2213415056.234375
9399,-3067344.225,3199,0.01,1989799808.65625
9400,-9635646.549999999,5668,0.01,3109744783.328125
9401,-10152683.799999999,5818,0.01,4916308850.84375
9402,-11019592.725,6062,0.01,5574116981.90625
9403,-2915089.9250000003,3118,0.01,2950501717.09375
9404,-16595225.549999999,7438,0.01,6465233838.75
9405,-11209488.475,6114,0.01,7176927084.65625
9406,-16894060.124999996,7505,0.01,9604213254.3125
9407,-11461857.85,6182,0.01,8816706676.46875
9408,-1749807.875,2416,0.01,4416086295.0
9409,-733645.75,1565,0.01,2763143731.4375
9410,-11430079.549999999,6173,0.01,6568302742.203125
9411,-21088731.875,8385,0.01,9476551981.40625
9412,-3219765.475,3277,0.01,6517666059.5625
9413,-14589561.6,6974,0.01,11020717642.0
9414,-977838.725,1807,0.01,2218285772.125
9415,-3540636.35,3437,0.01,3560798477.40625
9416,-3242633.725,3289,0.01,2679231945.28125
9417,-5200876.1,4164,0.01,2319733139.0
9418,-2125927.9250000003,2663,0.01,1347363294.40625
9419,-6720290.1,4734,0.01,2298606756.5
9420,-18818466.625,7921,0.01,6522183306.4375
9421,-7022687.85,4839,0.01,7128254850.03125
9422,-3628996.725,3479,0.01,6472624711.5625
9423,-3917146.85,3614,0.01,4080578034.03125
9424,-4682175.5,3951,0.01,3034730313.90625
9425,-7472105.125,4991,0.01,3099739644.09375
9426,-14540417.35,6962,0.01,5489920498.96875
9427,-6929805.475,4807,0.01,6062316731.6875
9428,-2134813.225,2669,0.01,3548732676.25
9429,-3688950.4250000003,3508,0.01,3932901103.140625
9430,-6250529.25,4566,0.01,3013112708.796875
9431,-21822040.625,8530,0.01,7296602015.859375
9432,-5119000.975,4132,0.01,6927749987.875
9433,-3964008.875,3636,0.01,4939654891.75
9434,-20991465.125,8366,0.01,9026224759.9375
9435,-13149542.625,6621,0.01,10435710461.875
9436,-6299318.05,4583,0.01,6288433468.21875
9437,-7466297.375,4990,0.01,6105667072.84375
9438,-6380718.35,4612,0.01,3666007841.25
9439,-1508926.1,2244,0.01,1725568723.65625
9440,-3659991.225,3494,0.01,2831967722.203125
9441,-3184358.225,3259,0.01,1759638800.921875
9442,-6128899.625,4521,0.01,2178496391.1875
9443,-4858059.25,4025,0.01,2350479384.359375
9444,-6871667.35,4787,0.01,2780463799.03125
9445,-2826885.875,3071,0.01,2084875098.53125
9446,-3896841.25,3605,0.01,2172456291.375
9447,-11889504.375,6296,0.01,3893633415.125
9448,-3876865.5,3596,0.01,3584190766.5
9449,-14306909.725,6907,0.01,7141973165.625
9450,-16543361.6,7427,0.01,7964981931.53125
9451,-10379329.049999999,5883,0.01,7561415004.125
9452,-6184554.0,4541,0.01,7425981885.875
9453,-6550006.425,4673,0.01,3812710385.40625
9454,-22274817.849999998,8617,0.01,8459797333.65625
9455,-1574571.725,2292,0.01,4928474385.75
9456,-16221834.625,7355,0.01,15792874636.1875
9457,-2445749.625,2856,0.01,4507588171.3125
9458,-8735328.85,5397,0.01,4713619686.609375
9459,-7351859.375,4951,0.01,4356988646.34375
9460,-8820452.799999999,5423,0.01,4046486646.0
9461,-7100382.875,4866,0.01,4238848592.8125
9462,-2002422.625,2585,0.01,2024536342.40625
9463,-6366179.675,4608,0.01,2938790725.5
9464,-4407111.6,3834,0.01,2392491340.859375
9465,-5162999.0,4150,0.01,2221361937.375
9466,-1520222.225,2252,0.01,1287879423.765625
9467,-4637004.6,3932,0.01,1962476518.96875
9468,-10173739.975,5824,0.01,3097898416.03125
9469,-4256834.3,3768,0.01,3244586540.3125
9470,-9880072.125,5740,0.01,4829384973.125
9471,-13282810.35,6654,0.01,5904939190.0625
9472,-6328887.1,4594,0.01,5169079874.96875
9473,-7808140.925,5103,0.01,3886307462.1875
9474,-8207324.0,5231,0.01,4077139215.46875
9475,-1059413.75,1880,0.01,1457211168.71875
9476,-4950093.3,4063,0.01,3343697993.09375
9477,-3087853.85,3209,0.01,2587006524.6875
9478,-13273394.6,6652,0.01,4611454544.453125
9479,-12588996.6,6479,0.01,7017381109.25
9480,-13235029.049999999,6643,0.01,7491354264.6875
9481,-3322153.225,3329,0.01,3947174014.71875
9482,-7989394.1,5162,0.01,3995047411.203125
9483,-5087384.475,4119,0.01,3040292243.78125
9484,-10869180.375,6020,0.01,4041833244.296875
9485,-7220883.475,4907,0.01,4443407473.25
9486,-8402626.299999999,5293,0.01,4856814695.90625
9487,-2359424.375,2805,0.01,2672705660.34375
9488,-10823820.35,6007,0.01,5564118509.875
9489,-460083.875,1240,0.01,1481192922.75
9490,-2704832.975,3004,0.01,3487895605.1875
9491,-5821459.0,4406,0.01,3690167058.15625
9492,-1477281.625,2220,0.01,1551650407.125
9493,-3539148.75,3436,0.01,1760120779.609375
9494,-6296936.55,4583,0.01,2173868764.515625
9495,-11418325.375,6170,0.01,3574585768.96875
9496,-5132241.6,4137,0.01,3898266710.0625
9497,-18654020.749999996,7886,0.01,7810494696.34375
9498,-13800167.674999999,6783,0.01,9387877066.0
9499,-596382.375,1411,0.01,2514104599.1875
9500,-8447779.475,5307,0.01,8381640264.375
9501,-2551375.85,2917,0.01,4602028555.25
9502,-7050083.1,4849,0.01,3938618905.65625
9503,-1837212.625,2476,0.01,2039170366.71875
9504,-1964514.75,2560,0.01,1529893732.015625
9505,-6860371.425,4783,0.01,2060253416.7421875
9506,-2897774.725,3109,0.01,1754054272.359375
9507,-4192220.975,3739,0.01,1737613146.859375
9508,-11751876.725,6259,0.01,3395169386.125
9509,-12857211.35,6547,0.01,6194283969.6875
9510,-10692605.875,5971,0.01,6814632283.6875
9511,-2321305.0500000003,2783,0.01,3441963228.375
9512,-1653852.1,2349,0.01,2758308006.25
9513,-7619091.125,5040,0.01,4185334224.59375
9514,-13333849.049999999,6668,0.01,5108661706.375
9515,-14977090.5,7066,0.01,7322734924.03125
9516,-4072419.625,3685,0.01,4930832900.1875
9517,-14581053.35,6972,0.01,9392672664.53125
9518,-8215615.1,5234,0.01,5408614142.8125
9519,-14748976.924999999,7013,0.01,7001935657.78125
9520,-3315740.375,3326,0.01,4338913310.03125
9521,-8965273.549999999,5468,0.01,6567334455.46875
9522,-7894141.125,5131,0.01,4515949802.15625
9523,-8860836.125,5436,0.01,3752586103.5625
9524,-1003986.625,1831,0.01,1503078366.875
9525,-8023853.8,5173,0.01,4165302323.15625
9526,-2741363.1,3024,0.01,2957038139.90625
9527,-232090.74999999997,881,0.01,707480790.0625
9528,-11368547.475,6157,0.01,3968278036.890625
9529,-4130620.975,3712,0.01,3693199529.875
9530,-13002574.125,6585,0.01,4571119262.90625
9531,-7129365.625,4876,0.01,4655452751.84375
9532,-4884010.25,4036,0.01,2739886568.125
9533,-2462572.875,2866,0.01,1883194559.609375
9534,-12569553.424999999,6473,0.01,4260469384.484375
9535,-210562.725,839,0.01,1095316108.4375
9536,-11610831.225,6222,0.01,6041842260.59375
9537,-3738931.125,3531,0.01,4230493796.0
9538,-7913490.725,5137,0.01,4911338684.125
9539,-2280546.3000000003,2758,0.01,2159641831.65625
9540,-8182058.675,5223,0.01,3410345191.90625
9541,-6029862.85,4484,0.01,3736425138.3125
9542,-7597721.725,5034,0.01,3657702120.28125
9543,-1901569.85,2519,0.01,1851019045.3125
9544,-4247999.975,3764,0.01,2474224896.046875
9545,-1685761.225,2372,0.01,1141373138.625
9546,-3197029.125,3265,0.01,1632797929.8125
9547,-2798100.75,3055,0.01,1410319171.578125
9548,-10373555.375,5881,0.01,2665329536.4765625
9549,-2958140.375,3141,0.01,2838629669.75
9550,-6554299.0,4675,0.01,3804925446.40625
9551,-8014295.35,5169,0.01,3985819949.765625
9552,-8922302.975,5454,0.01,4167918973.3125
9553,-8654936.475,5372,0.01,4645703211.6875
9554,-2218455.125,2721,0.01,2439753931.5625
9555,-2369433.475,2812,0.01,2698292944.9375
9556,-2338577.1750000003,2793,0.01,1523332764.9375
9557,-4014059.225,3659,0.01,1773422195.8671875
9558,-1955633.225,2554,0.01,1079009472.734375
9559,-2500713.8000000003,2888,0.01,1046170981.984375
9560,-961963.475,1792,0.01,625637065.796875
9561,-3242666.1,3289,0.01,992177739.1015625
9562,-22357691.225,8634,0.01,6202787451.15625
9563,-1007697.725,1834,0.01,3837365097.25
9564,-20242445.249999996,8215,0.01,12211386771.40625
9565,-6612823.25,4696,0.01,6685165969.8125
9566,-22004194.624999996,8565,0.01,8585906826.875
9567,-5005235.375,4086,0.01,7191065565.1875
9568,-3836144.225,3577,0.01,4301020029.84375
9569,-3481775.0500000003,3408,0.01,3647734410.140625
9570,-19992321.474999998,8164,0.01,6411920611.625
9571,-11368028.725,6157,0.01,8647827751.5625
9572,-3657886.0500000003,3493,0.01,4671853144.75
9573,-5319148.975,4212,0.01,2744924918.46875
9574,-18121703.675,7773,0.01,5756043207.09375
9575,-7780176.475,5094,0.01,6494911726.65625
9576,-11817070.225,6277,0.01,6397377170.03125
9577,-4047866.975,3674,0.01,3915101764.46875
9578,-658796.5499999999,1483,0.01,1344965941.625
9579,-8619458.875,5361,0.01,3848126688.3125
9580,-4433300.375,3845,0.01,3492987780.78125
9581,-6884257.875,4791,0.01,3706194118.15625
9582,-835488.25,1670,0.01,1405617798.46875
9583,-3645132.85,3487,0.01,2478478112.78125
9584,-1624996.725,2329,0.01,1484054648.171875
9585,-15323796.549999999,7148,0.01,4447362900.296875
9586,-12866665.125,6550,0.01,7689559256.1875
9587,-5196635.8,4163,0.01,5242285876.0
9588,-6324616.6,4592,0.01,5493716260.90625
9589,-2732175.1,3019,0.01,2489954786.0
9590,-5153031.625,4146,0.01,2548735241.6875
9591,-1450056.875,2200,0.01,1223841264.96875
9592,-10781022.375,5996,0.01,3578495051.15625
9593,-1055682.6,1877,0.01,2087956389.4375
9594,-10363026.799999999,5878,0.01,5956327394.34375
9595,-14268900.975,6897,0.01,7395087999.375
9596,-2560508.975,2922,0.01,4106617211.5
9597,-4047632.35,3674,0.01,4874927759.84375
9598,-5511763.225,4287,0.01,4756883200.53125
9599,-12445609.35,6442,0.01,4478652693.578125
9600,-32382124.624999996,10390,0.01,15123392338.28125
9601,-22592044.225,8679,0.01,16643467416.4375
9602,-10957583.975,6044,0.01,9297623684.3125
9603,-9498732.85,5627,0.01,6007611275.5625
9604,-7875705.1,5124,0.01,5162053995.375
9605,-2397526.1750000003,2828,0.01,2430535884.21875
9606,-13523241.375,6715,0.01,6368789584.8125
9607,-9939436.725,5757,0.01,6603908367.625
9608,-6680840.5,4720,0.01,4608893038.53125
9609,-4406338.675,3833,0.01,3477319967.96875
9610,-4181741.0,3735,0.01,2652580055.140625
9611,-5867184.725,4424,0.01,2654789834.65625
9612,-5106414.6,4127,0.01,2395412209.09375
9613,-2757174.4250000003,3033,0.01,1861909823.4375
9614,-2174604.9250000003,2693,0.01,1520203206.453125
9615,-2172730.475,2692,0.01,1043608592.84375
9616,-5270566.225,4192,0.01,1627778769.5078125
9617,-4022514.9250000003,3663,0.01,1767944035.53125
9618,-2086691.1,2639,0.01,1275446632.796875
9619,-8480610.799999999,5318,0.01,2783700286.953125
9620,-13854999.6,6797,0.01,5525268796.4375
9621,-4366904.125,3816,0.01,4691635219.5625
9622,-12737293.6,6517,0.01,7376389879.78125
9623,-11899149.975,6299,0.01,6396728394.875
9624,-19236930.1,8009,0.01,9388770408.4375
9625,-11005538.174999999,6058,0.01,8544725515.40625
9626,-3720575.5500000003,3523,0.01,5760114951.3125
9627,-1802040.725,2452,0.01,2991218047.40625
9628,-9267839.225,5559,0.01,4966519710.875
9629,-3875735.0,3595,0.01,3178665691.15625
9630,-4360905.35,3814,0.01,2807875616.875
9631,-2981085.1750000003,3153,0.01,2074491839.5
9632,-5894405.85,4434,0.01,1891743407.1640625
9633,-6353283.425,4603,0.01,2407864432.3125
9634,-2242092.5,2735,0.01,1639052219.53125
9635,-13881108.174999999,6803,0.01,4056914322.234375
9636,-2839908.0500000003,3078,0.01,3673750226.875
9637,-9117585.85,5514,0.01,4171104647.0
9638,-2305143.4250000003,2773,0.01,2476483211.875
9639,-1881071.125,2505,0.01,2060804938.3125
9640,-9793378.725,5714,0.01,3739495072.3125
9641,-18192789.924999997,7788,0.01,7173708351.09375
9642,-2796474.475,3054,0.01,4919477246.25
9643,-6627727.875,4701,0.01,3595726704.125
9644,-4154407.35,3722,0.01,2696700432.921875
9645,-8778264.375,5410,0.01,3590589417.15625
9646,-7567703.05,5023,0.01,4156739863.1875
9647,-2977382.75,3151,0.01,2553069590.171875
9648,-1584217.35,2299,0.01,1993907894.21875
9649,-2394443.25,2826,0.01,2009329210.171875
9650,-6241908.225,4562,0.01,2401772506.1484375
9651,-1076421.5,1895,0.01,1189895694.765625
9652,-8339341.55,5273,0.01,3012832621.59375
9653,-992855.625,1820,0.01,1493504488.5
9654,-9193785.0,5536,0.01,4511273807.40625
9655,-5781419.5,4390,0.01,4210611381.4375
9656,-13078148.924999999,6603,0.01,5364158021.625
9657,-6545699.35,4672,0.01,5081050372.03125
9658,-3863547.975,3589,0.01,4575408959.21875
9659,-2630822.475,2962,0.01,3224184473.34375
9660,-956291.375,1786,0.01,1352863127.484375
9661,-9491106.5,5625,0.01,4035482379.1328125
9662,-1883212.375,2506,0.01,2344883093.03125
9663,-192512.3,803,0.01,869488766.65625
9664,-10867846.875,6020,0.01,5861333615.21875
9665,-13501574.225,6709,0.01,6614481263.8125
9666,-204915.425,828,0.01,1084790963.9375
9667,-3168878.75,3251,0.01,5072381431.4375
9668,-12726154.225,6514,0.01,8343743135.25
9669,-21211414.849999998,8409,0.01,9937997873.53125
9670,-4933219.0,4056,0.01,7040952167.1875
9671,-2791012.25,3051,0.01,4674283694.84375
9672,-15555802.725,7202,0.01,7791206849.921875
9673,-807610.85,1642,0.01,2467042704.5625
9674,-8242200.975,5242,0.01,7446056966.25
9675,-11436623.875,6175,0.01,6921092709.40625
9676,-38853949.49999999,11381,0.01,17359385408.65625
9677,-8026912.675,5173,0.01,13801649251.875
9678,-3090977.75,3211,0.01,10873518064.125
9679,-5001488.475,4084,0.01,6737423951.25
9680,-4508855.175,3878,0.01,3160828746.625
9681,-7889816.1,5129,0.01,3055388597.21875
9682,-3126251.975,3229,0.01,2268876756.53125
9683,-10394541.225,5887,0.01,4258306734.671875
9684,-8767576.725,5407,0.01,4996405191.6875
9685,-3365094.25,3350,0.01,3005345340.71875
9686,-5398689.8,4243,0.01,3684610019.59375
9687,-6689580.55,4723,0.01,3536528168.609375
9688,-10031297.924999999,5783,0.01,4104423441.171875
9689,-33011406.624999996,10490,0.01,14103206916.1875
9690,-12676684.0,6501,0.01,16873478819.5
9691,-7200794.75,4900,0.01,10712950607.28125
9692,-19407845.725,8044,0.01,9597234616.4375
9693,-35881572.224999994,10937,0.01,19648827188.78125
9694,-3453805.225,3394,0.01,7067538378.5
9695,-2546866.5,2915,0.01,11453771257.375
9696,-3496051.375,3415,0.01,11394743302.875
9697,-2662512.125,2980,0.01,2357144225.890625
9698,-4314299.8,3793,0.01,2245236883.140625
9699,-5946192.3,4453,0.01,2232954421.203125
9700,-7180583.8,4893,0.01,2785148494.1875
9701,-14661442.725,6992,0.01,5485975518.015625
9702,-2745365.75,3026,0.01,3891656507.46875
9703,-6605470.55,4693,0.01,4089593636.25
9704,-2820958.1,3067,0.01,2478313325.71875
9705,-3517298.125,3425,0.01,2378343072.90625
9706,-2451997.375,2860,0.01,1804018446.53125
9707,-17015046.975,7532,0.01,5258149662.09375
9708,-4425327.975,3842,0.01,5540644264.6875
9709,-2406973.1,2834,0.01,2992372883.6875
9710,-2617636.0,2955,0.01,2846302538.53125
9711,-2018337.875,2595,0.01,1371497922.65625
9712,-5583052.625,4315,0.01,1890607202.328125
9713,-10782497.625,5996,0.01,3486146958.078125
9714,-3974187.375,3641,0.01,3074451585.0625
9715,-6494912.725,4654,0.01,3592700682.4375
9716,-1270210.475,2059,0.01,1672268604.59375
9717,-1662528.75,2355,0.01,1539302462.90625
9718,-6181652.0,4540,0.01,2503414814.421875
9719,-5055731.0,4106,0.01,2397122565.484375
9720,-23827605.175,8913,0.01,8100946706.046875
9721,-1918020.875,2530,0.01,5339858294.6875
9722,-8763923.125,5406,0.01,8541869506.96875
9723,-11085046.975,6079,0.01,6724599873.96875
9724,-9372635.375,5590,0.01,5524714946.53125
9725,-6608515.725,4694,0.01,4652985713.15625
9726,-1141918.475,1952,0.01,1737422097.1875
9727,-3390421.3000000003,3363,0.01,3298565145.25
9728,-9265799.174999999,5558,0.01,4348284723.96875
9729,-4305171.225,3789,0.01,2937959982.65625
9730,-7103813.475,4867,0.01,3857676629.96875
9731,-9230989.549999999,5548,0.01,4371822830.8125
9732,-14055476.25,6846,0.01,6047672112.59375
9733,-12445049.1,6442,0.01,7487096264.6875
9734,-14810192.6,7027,0.01,8441250270.46875
9735,-4971908.475,4072,0.01,6152320734.4375
9736,-14738206.75,7010,0.01,7179793431.5625
9737,-4509237.05,3878,0.01,5046462116.8125
9738,-12530974.975,6464,0.01,8616652778.375
9739,-4835809.5,4016,0.01,4094162171.28125
9740,-11804422.6,6274,0.01,6541205179.625
9741,-16816471.925,7488,0.01,7209064708.28125
9742,-4479485.25,3865,0.01,5598505054.0625
9743,-11283814.6,6134,0.01,8291336019.875
9744,-1626096.725,2329,0.01,2399730101.75
9745,-3766173.35,3544,0.01,3660875735.59375
9746,-5242347.0,4181,0.01,3759826823.8125
9747,-11939147.6,6309,0.01,3958002135.890625
9748,-5196841.05,4163,0.01,4058614218.375
9749,-5818193.75,4405,0.01,3910522082.75
9750,-4562453.5,3901,0.01,2790762868.4375
9751,-7339695.1,4947,0.01,3162934040.34375
9752,-9137046.875,5520,0.01,3642257390.125
9753,-5873693.375,4426,0.01,3457795014.21875
9754,-1267809.975,2057,0.01,1558520807.9375
9755,-1322463.875,2101,0.01,1333467351.46875
9756,-17967957.25,7740,0.01,6048448979.296875
9757,-5556495.875,4305,0.01,6104182032.9375
9758,-16765774.1,7477,0.01,6489972418.4375
9759,-10986962.174999999,6053,0.01,7364554935.28125
9760,-6703130.05,4728,0.01,4854947694.65625
9761,-11159233.625,6100,0.01,5332153461.3125
9762,-4325182.3,3798,0.01,3940359140.625
9763,-5066700.75,4111,0.01,3576228601.25
9764,-6674192.925,4718,0.01,3459659480.046875
9765,-13816385.975,6787,0.01,5183004403.21875
9766,-3686073.5,3506,0.01,4217352444.96875
9767,-8690338.674999999,5383,0.01,5458719312.1875
9768,-16949679.474999998,7517,0.01,6879282378.421875
9769,-3930505.5,3621,0.01,5053199916.125
9770,-10057478.0,5791,0.01,4515932309.0625
9771,-3087113.35,3209,0.01,2722322231.53125
9772,-25753571.624999996,9266,0.01,9131645436.96875
9773,-3883098.6,3599,0.01,7088455377.5625
9774,-8610481.299999999,5358,0.01,8842260545.28125
9775,-6243074.3,4563,0.01,3980678744.0625
9776,-7840218.425,5113,0.01,3269171443.90625
9777,-1973524.75,2566,0.01,1946706926.015625
9778,-7688232.925,5063,0.01,3534770024.65625
9779,-7068000.0,4855,0.01,3659429789.0625
9780,-1662329.375,2355,0.01,1541777767.8125
9781,-14082700.475,6852,0.01,5010952018.265625
9782,-3048745.475,3189,0.01,4238108408.09375
9783,-382793.875,1131,0.01,1166960981.65625
9784,-4373846.6,3819,0.01,3091556501.3125
9785,-6914402.225,4802,0.01,2962189725.140625
9786,-7158655.875,4886,0.01,3107709812.578125
9787,-4342507.375,3806,0.01,2374159794.59375
9788,-11872513.85,6292,0.01,4432714583.46875
9789,-8193074.6,5227,0.01,5088546762.375
9790,-4295305.0,3785,0.01,2949531392.03125
9791,-1772274.725,2432,0.01,1707591079.390625
9792,-7771508.875,5091,0.01,2384811240.859375
9793,-1451665.375,2201,0.01,1601326792.65625
9794,-9889979.174999999,5743,0.01,3981496958.0625
9795,-4600400.6,3917,0.01,3659023038.53125
9796,-2907908.225,3114,0.01,1978683750.78125
9797,-18777852.099999998,7912,0.01,5466858184.015625
9798,-691726.375,1520,0.01,2617430879.8125
9799,-33884037.35,10629,0.01,16413389470.21875
9800,-12036425.25,6335,0.01,12776266478.75
9801,-5842988.975,4414,0.01,10540502063.0
9802,-2414999.3000000003,2838,0.01,2268626063.28125
9803,-26421067.624999996,9385,0.01,10660356544.5
9804,-2010958.875,2590,0.01,5356853966.8125
9805,-18507873.124999996,7855,0.01,9320211278.421875
9806,-12084715.924999999,6348,0.01,8134877157.90625
9807,-4106635.5,3701,0.01,5130429449.9375
9808,-1769584.25,2430,0.01,2761323251.0
9809,-7144041.125,4881,0.01,4228840815.453125
9810,-5839499.8,4413,0.01,2801012830.46875
9811,-1733829.5,2405,0.01,1629975416.40625
9812,-4606017.475,3919,0.01,2052394979.125
9813,-2027538.625,2601,0.01,1195844557.6875
9814,-2097704.25,2645,0.01,1257654073.859375
9815,-1742944.625,2411,0.01,1068913805.515625
9816,-3399763.475,3367,0.01,1338119585.3046875
9817,-24845464.124999996,9101,0.01,7808702280.5
9818,-2141749.4250000003,2673,0.01,5621141986.0
9819,-2648447.6,2972,0.01,7506772659.25
9820,-3056878.1750000003,3193,0.01,7823412199.1875
9821,-10433052.299999999,5898,0.01,4439948779.984375
9822,-8539642.125,5336,0.01,4658712158.4375
9823,-13169444.0,6626,0.01,6068215457.625
9824,-7175585.0,4891,0.01,5628641123.0
9825,-34635553.625,10745,0.01,17019481230.96875
9826,-16978135.85,7524,0.01,11536333909.1875
9827,-2533381.725,2907,0.01,5580447361.5
9828,-11834677.1,6282,0.01,10065416218.875
9829,-5967202.875,4461,0.01,4768703143.0625
9830,-1560929.225,2282,0.01,1530306338.03125
9831,-6317676.375,4590,0.01,3470419299.0
9832,-5893089.3,4433,0.01,3034775500.9375
9833,-8924169.25,5455,0.01,3515315513.28125
9834,-6666257.0,4715,0.01,3589425944.40625
9835,-3965930.85,3637,0.01,2500346190.375
9836,-3049713.125,3190,0.01,2111187629.0
9837,-2774968.4250000003,3043,0.01,1760546160.0625
9838,-3651808.5,3490,0.01,1332625025.25
9839,-1513026.35,2247,0.01,903717976.25
9840,-7762473.425,5088,0.01,2196186684.875
9841,-5264498.25,4190,0.01,2792737252.5
9842,-6602075.725,4692,0.01,3005725906.21875
9843,-5027105.975,4094,0.01,2785215244.109375
9844,-3985848.25,3646,0.01,2400393014.671875
9845,-6737844.375,4740,0.01,2828108245.921875
9846,-7458999.6,4987,0.01,3707707119.625
9847,-3415583.25,3375,0.01,2496422978.15625
9848,-2364347.1750000003,2808,0.01,2370361629.5
9849,-3186151.25,3260,0.01,2378281636.25
9850,-1169101.625,1975,0.01,925316549.40625
9851,-3554674.9250000003,3443,0.01,1452534395.21875
9852,-1090737.3,1908,0.01,780516088.109375
9853,-4980153.0,4075,0.01,1532224347.9921875
9854,-6792252.6,4759,0.01,2352928144.859375
9855,-9499505.174999999,5628,0.01,3712122152.71875
9856,-10119731.1,5809,0.01,4997260297.71875
9857,-8105640.725,5199,0.01,5019027282.25
9858,-7469090.625,4990,0.01,4412555244.53125
9859,-6318850.25,4590,0.01,3503698155.1875
9860,-2799427.25,3056,0.01,2024095625.0625
9861,-2953123.475,3139,0.01,2177553378.046875
9862,-5002897.75,4085,0.01,1978052281.421875
9863,-8010974.725,5169,0.01,2557961106.84375
9864,-6742866.6,4742,0.01,3124900698.84375
9865,-632616.6749999999,1453,0.01,1022335272.90625
9866,-4854557.425,4023,0.01,2499976335.5
9867,-4243551.975,3762,0.01,1983531680.625
9868,-437210.675,1208,0.01,684299867.375
9869,-3572259.475,3452,0.01,1769543195.78125
9870,-8858472.375,5435,0.01,3024926647.03125
9871,-7157679.75,4886,0.01,3480108927.09375
9872,-16343720.475,7382,0.01,6199602955.375
9873,-6876537.35,4789,0.01,6286828266.65625
9874,-13310795.225,6662,0.01,9468659490.5
9875,-5784336.35,4392,0.01,5181994250.15625
9876,-11172681.174999999,6103,0.01,6870009464.75
9877,-2606129.0500000003,2948,0.01,3009152561.9375
9878,-2492997.975,2884,0.01,3116829202.5625
9879,-7966641.975,5154,0.01,4253791712.125
9880,-5454988.75,4265,0.01,2963357604.03125
9881,-3877658.125,3596,0.01,2271967262.703125
9882,-1418058.375,2175,0.01,1480527539.546875
9883,-8651867.375,5371,0.01,2876876246.15625
9884,-7052737.225,4849,0.01,3798791199.5
9885,-798049.1,1632,0.01,1317013131.6875
9886,-3277169.0,3306,0.01,2876626609.09375
9887,-12844830.85,6544,0.01,4081950977.0625
9888,-9537878.725,5639,0.01,5883377705.0625
9889,-4038535.25,3670,0.01,4309282433.5
9890,-3145795.975,3239,0.01,2672388692.3125
9891,-2793148.1,3052,0.01,2094809714.8125
9892,-988450.475,1817,0.01,907442908.21875
9893,-10108935.5,5806,0.01,2842649780.7890625
9894,-7814172.5,5105,0.01,4467712078.96875
9895,-10980829.25,6051,0.01,5192474990.125
9896,-7203755.25,4901,0.01,4472850872.0
9897,-5456249.375,4266,0.01,3888739747.96875
9898,-9207977.375,5541,0.01,4528805992.0
9899,-4716405.25,3966,0.01,3146850655.78125
9900,-6492268.425,4653,0.01,3412248274.65625
9901,-1617389.925,2323,0.01,1736587941.21875
9902,-1551170.875,2275,0.01,1646757912.203125
9903,-3343526.725,3339,0.01,2117003394.625
9904,-3908344.75,3610,0.01,1706220903.03125
9905,-5573589.25,4311,0.01,1988382097.203125
9906,-10202114.975,5832,0.01,3588230918.1875
9907,-5897620.875,4435,0.01,3739979158.375
9908,-9923975.799999999,5753,0.01,4139038512.4375
9909,-8297453.25,5260,0.01,4578276880.1875
9910,-6134652.8,4523,0.01,3958764776.59375
9911,-4647509.1,3937,0.01,2604068710.46875
9912,-6697695.375,4726,0.01,3051682932.703125
9913,-3946921.3000000003,3628,0.01,2440202484.96875
9914,-12596659.125,6481,0.01,4607285489.171875
9915,-9756971.725,5704,0.01,5479401208.34375
9916,-5921820.85,4444,0.01,4221971479.9375
9917,-7871543.175,5123,0.01,3757148373.59375
9918,-10055437.5,5790,0.01,4131696003.390625
9919,-5698693.6,4359,0.01,4108774822.71875
9920,-4427865.925,3843,0.01,3507019979.3125
9921,-6514430.5,4661,0.01,3715639542.78125
9922,-10562702.6,5934,0.01,4316203265.28125
9923,-16711015.475,7464,0.01,7265930899.875
9924,-2328430.225,2787,0.01,4538813706.4375
9925,-11246582.6,6124,0.01,10158262731.8125
9926,-1396840.975,2159,0.01,2860577749.71875
9927,-7299639.35,4934,0.01,4412018843.59375
9928,-2133306.0500000003,2668,0.01,2281376113.03125
9929,-14900471.549999999,7048,0.01,5188376819.984375
9930,-4080910.6,3689,0.01,4816173489.65625
9931,-1871988.6,2499,0.01,3143583789.4375
9932,-2002036.725,2584,0.01,3397969416.5
9933,-7663437.875,5055,0.01,2863568839.3203125
9934,-1637248.975,2337,0.01,1600933783.84375
9935,-2605508.9250000003,2948,0.01,1657562969.796875
9936,-3131795.225,3232,0.01,1206579924.90625
9937,-5745420.225,4377,0.01,1703828285.296875
9938,-6321330.625,4591,0.01,2390941776.984375
9939,-899407.0499999999,1733,0.01,1211196165.625
9940,-2848045.6,3082,0.01,2131814140.765625
9941,-7383139.975,4962,0.01,2870636802.1875
9942,-4855825.85,4024,0.01,2399051162.640625
9943,-6021089.625,4481,0.01,2446457008.140625
9944,-2727461.125,3016,0.01,1807426675.046875
9945,-3484170.475,3409,0.01,2017772610.515625
9946,-13131818.225,6617,0.01,3945646302.453125
9947,-4772584.0,3990,0.01,4254478789.90625
9948,-12158074.35,6367,0.01,4673796411.96875
9949,-2674566.475,2987,0.01,2829900219.46875
9950,-2239365.6750000003,2733,0.01,2238080587.4375
9951,-21382451.299999997,8443,0.01,7487090018.453125
9952,-3346087.25,3341,0.01,5961768810.4375
9953,-13255622.299999999,6648,0.01,5529429584.984375
9954,-14804780.5,7026,0.01,7148348643.25
9955,-2221279.1,2722,0.01,4032207526.6875
9956,-3994268.0,3650,0.01,5307879126.8125
9957,-393022.5,1146,0.01,1608526420.4375
9958,-4184757.125,3736,0.01,3499229782.546875
9959,-7464503.6,4989,0.01,2779994174.859375
9960,-2024357.725,2599,0.01,1767567474.0
9961,-1392635.5,2156,0.01,1401807599.25
9962,-1540314.85,2267,0.01,1190785748.0
9963,-9154980.125,5525,0.01,2456093736.6484375
9964,-4701818.25,3960,0.01,3329567822.21875
9965,-10646777.424999999,5958,0.01,5130392599.78125
9966,-17770180.224999998,7697,0.01,7901702476.4375
9967,-10718548.924999999,5978,0.01,8994478779.5
9968,-1717689.85,2394,0.01,3388537102.4375
9969,-14152437.225,6869,0.01,7144434669.5
9970,-6576144.175,4683,0.01,5833943338.0625
9971,-4141590.725,3717,0.01,2903045334.328125
9972,-3219041.725,3277,0.01,2189077704.4375
9973,-1823838.1,2467,0.01,1649814552.828125
9974,-584796.225,1397,0.01,802648399.75
9975,-11404306.875,6166,0.01,2982878496.3125
9976,-3305431.25,3320,0.01,3467896634.375
9977,-13470595.6,6702,0.01,5624261925.875
9978,-2831563.9250000003,3073,0.01,3481418803.78125
9979,-3041148.0,3185,0.01,2661280836.890625
9980,-21431693.549999997,8453,0.01,7537042117.171875
9981,-9305803.625,5570,0.01,8098175202.71875
9982,-14680829.0,6996,0.01,7109869585.3125
9983,-1687879.175,2373,0.01,3370246734.6875
9984,-4874773.6,4032,0.01,4657992883.125
9985,-7042203.875,4846,0.01,3746651769.296875
9986,-15068546.049999999,7088,0.01,5671036170.8125
9987,-2508563.6750000003,2893,0.01,4034909228.625
9988,-10936919.1,6039,0.01,5542690910.90625
9989,-2931277.6,3127,0.01,2995527235.0625
9990,-5937276.875,4450,0.01,2903648180.109375
9991,-2522916.125,2901,0.01,1888832690.375
9992,-2286420.475,2762,0.01,1312373631.53125
9993,-1710902.6,2389,0.01,996533184.2265625
9994,-3983995.0,3645,0.01,1179636577.5078125
9995,-6353895.05,4603,0.01,1802017976.546875
9996,-4142082.6,3717,0.01,2018972718.3125
9997,-3418746.85,3377,0.01,1875301151.046875
9998,-6716081.675,4733,0.01,2316992492.734375
9999,-5478796.375,4275,0.01,2521739126.625
10000,-5416177.625,4250,0.01,2597846676.71875
10001,-1726222.0,2400,0.01,1627283094.28125
10002,-5429062.25,4255,0.01,2340384315.6875
10003,-4450592.1,3852,0.01,2170294868.59375
10004,-19398480.475,8042,0.01,6285464668.984375
10005,-9521733.75,5635,0.01,7967855419.25
10006,-4913006.175,4048,0.01,5531405533.40625
10007,-6761091.3,4748,0.01,4213636506.40625
10008,-3640170.6,3484,0.01,2625915607.140625
10009,-3313145.85,3324,0.01,2247691557.28125
10010,-4756034.1,3982,0.01,2297000838.78125
10011,-5232493.6,4177,0.01,2044824007.828125
10012,-2729281.1,3017,0.01,1771085060.421875
10013,-4142380.725,3717,0.01,2072185673.40625
10014,-22607604.225,8682,0.01,7366386433.6875
10015,-12901945.225,6559,0.01,10061322294.6875
10016,-5355517.75,4226,0.01,6511085647.84375
10017,-6459862.625,4641,0.01,5729414237.8125
10018,-1719219.5,2395,0.01,2018016035.71875
10019,-13831237.875,6791,0.01,5257990909.453125
10020,-3284931.5,3310,0.01,4293363234.8125
10021,-6111165.6,4514,0.01,3563410640.59375
10022,-3644144.75,3486,0.01,2432884257.0625
10023,-8607658.475,5357,0.01,3429360736.03125
10024,-466737.225,1249,0.01,1163499721.0625
10025,-6636620.0,4705,0.01,3531103895.421875
10026,-3929257.0,3620,0.01,2734265893.15625
10027,-5212996.6,4169,0.01,2425359578.046875
10028,-1454266.3,2203,0.01,1208189473.625
10029,-10764124.5,5991,0.01,3263735264.90625
10030,-3843294.0,3580,0.01,3563732093.84375
10031,-885228.6,1719,0.01,1535577949.375
10032,-5301516.225,4204,0.01,3160704804.0625
10033,-4278184.475,3777,0.01,2088828504.96875
10034,-6459501.375,4641,0.01,2452400407.84375
10035,-7503387.975,5002,0.01,3021382441.421875
10036,-8215285.1,5234,0.01,3754856113.46875
10037,-6770811.6,4752,0.01,3573118776.25
10038,-8201930.5,5230,0.01,3634992676.578125
10039,-3337856.1,3337,0.01,2464995643.15625
10040,-2296710.1750000003,2768,0.01,1860568964.359375
10041,-8318219.75,5266,0.01,2745012325.515625
10042,-8457051.375,5310,0.01,4019381084.046875
10043,-13052409.6,6597,0.01,5165400593.0625
10044,-2662402.5,2980,0.01,3799749706.96875
10045,-13926416.1,6814,0.01,9096696291.625
10046,-1552878.25,2276,0.01,3284186888.25
10047,-8884928.799999999,5443,0.01,4357320245.875
10048,-6515194.625,4661,0.01,4220053861.09375
10049,-10782083.75,5996,0.01,4990556304.34375
10050,-9005804.375,5480,0.01,4961941999.15625
10051,-2757317.6750000003,3033,0.01,2859381740.96875
10052,-16212680.225,7352,0.01,6817986304.03125
10053,-23922014.499999996,8930,0.01,12138892168.1875
10054,-8073206.675,5188,0.01,8273183092.21875
10055,-4339618.6,3804,0.01,5507703027.125
10056,-7566703.55,5023,0.01,4868968413.640625
10057,-5223095.8,4173,0.01,3497310406.375
10058,-17134582.049999997,7558,0.01,6536009492.46875
10059,-15443778.125,7176,0.01,9946725330.84375
10060,-8259454.675,5248,0.01,8861445220.0625
10061,-4732764.3,3973,0.01,5727004847.25
10062,-7582758.925,5028,0.01,4328222584.65625
10063,-8986495.725,5474,0.01,4512862264.0625
10064,-7924531.625,5141,0.01,4642865293.53125
10065,-7091757.925,4863,0.01,4217200998.375
10066,-4122082.3000000003,3708,0.01,2954834343.78125
10067,-6839295.5,4776,0.01,3339303289.921875
10068,-3715004.5,3520,0.01,2180169781.0625
10069,-4198196.725,3742,0.01,2097633086.609375
10070,-4619330.125,3925,0.01,2342621806.796875
10071,-20819331.499999996,8331,0.01,6962082642.296875
10072,-4793024.8,3998,0.01,6701662673.25
10073,-3443085.85,3389,0.01,7084855308.625
10074,-7979163.8,5158,0.01,6392788079.0625
10075,-940315.1,1772,0.01,1596851998.9375
10076,-7306040.5,4936,0.01,3481205720.65625
10077,-2168358.25,2690,0.01,2085323760.25
10078,-9774065.975,5709,0.01,3727408714.828125
10079,-31728895.125,10285,0.01,13185902334.78125
10080,-2047190.8,2613,0.01,6193223541.0
10081,-21083756.099999998,8384,0.01,18624051431.1875
10082,-8116499.725,5202,0.01,8952366760.78125
10083,-8350081.375,5276,0.01,9035988823.6875
10084,-7826130.3,5108,0.01,5056358461.5625
10085,-8165111.8,5218,0.01,4252064971.96875
10086,-16954958.6,7519,0.01,6675444327.375
10087,-3824447.35,3572,0.01,5191997619.4375
10088,-12350617.975,6417,0.01,6171198127.453125
10089,-10279743.0,5855,0.01,5624653682.6875
10090,-3196474.375,3265,0.01,3234563818.46875
10091,-6170823.25,4536,0.01,4139750222.03125
10092,-3887412.875,3601,0.01,2454938606.0625
10093,-5348197.925,4223,0.01,2357169966.828125
10094,-3418559.6,3377,0.01,1985973684.8125
10095,-5886320.375,4431,0.01,2231229435.09375
10096,-3763681.8000000003,3543,0.01,2087283177.0
10097,-3551420.6,3442,0.01,1742165121.515625
10098,-696550.625,1525,0.01,704389377.59375
10099,-12898836.424999999,6558,0.01,3951936147.3125
10100,-5837146.35,4412,0.01,5266450678.9375
10101,-6826621.125,4771,0.01,4963297810.28125
10102,-2380864.8000000003,2818,0.01,2396000925.9375
10103,-5841084.925,4413,0.01,3324730390.90625
10104,-5029238.75,4095,0.01,2869521643.25
10105,-1658254.6,2352,0.01,1399619588.671875
10106,-3995454.125,3650,0.01,2177898270.46875
10107,-13847783.0,6795,0.01,4194704029.984375
10108,-5838793.175,4413,0.01,4908866792.4375
10109,-4723095.85,3969,0.01,4708687499.9375
10110,-18008970.6,7749,0.01,7196126580.953125
10111,-3111992.725,3222,0.01,5062049640.375
10112,-10261197.475,5849,0.01,9875713866.5
10113,-4807288.475,4004,0.01,4296051944.5625
10114,-6062734.225,4497,0.01,3191654203.390625
10115,-1372505.25,2140,0.01,1578472789.28125
10116,-3300904.9250000003,3318,0.01,2166809872.0625
10117,-3986085.75,3646,0.01,2163562083.390625
10118,-1657799.725,2352,0.01,1215491522.515625
10119,-4817114.425,4008,0.01,1584677999.84375
10120,-5488096.925,4278,0.01,2120681166.265625
10121,-12909732.0,6561,0.01,4190752611.4375
10122,-4848241.5,4021,0.01,4163777271.875
10123,-13328747.375,6666,0.01,7274594442.25
10124,-8784647.6,5412,0.01,6232309801.84375
10125,-9837255.725,5727,0.01,6868073689.5
10126,-10091849.875,5801,0.01,6024038862.4375
10127,-8311777.5,5265,0.01,5390607432.34375
10128,-2165451.9250000003,2688,0.01,2072253638.65625
10129,-13698271.049999999,6758,0.01,6820762835.09375
10130,-1073358.8,1893,0.01,2505434985.71875
10131,-13111581.1,6612,0.01,7899465609.6875
10132,-5102055.0,4125,0.01,5380003466.8125
10133,-5456977.0,4266,0.01,2749954846.65625
10134,-17029305.874999996,7535,0.01,6094685182.203125
10135,-1837871.375,2476,0.01,3927510983.0625
10136,-8852931.424999999,5433,0.01,8480686987.6875
10137,-6769721.0,4751,0.01,4972777453.5625
10138,-52442609.599999994,13222,0.01,21018007243.96875
10139,-4409391.875,3835,0.01,9565967890.125
10140,-7735112.35,5079,0.01,13797586103.8125
10141,-1800277.75,2451,0.01,3838154093.15625
10142,-1951906.225,2552,0.01,2266767551.078125
10143,-3440879.3000000003,3388,0.01,1638712880.734375
10144,-3436879.5,3386,0.01,1424480344.984375
10145,-2797949.25,3055,0.01,1291806326.90625
10146,-4410048.625,3835,0.01,1564583735.34375
10147,-16050594.25,7315,0.01,4741008781.375
10148,-1936959.1,2542,0.01,3415385159.125
10149,-9545707.725,5642,0.01,8659180988.875
10150,-4493164.0,3871,0.01,4381491425.8125
10151,-7242378.475,4914,0.01,3423460975.0625
10152,-7002897.6,4832,0.01,3522570821.21875
10153,-13283866.75,6655,0.01,5519600767.71875
10154,-19752114.499999996,8115,0.01,9040886918.0
10155,-7659444.1,5054,0.01,9483054717.625
10156,-9516555.174999999,5633,0.01,9073676857.71875
10157,-5294927.35,4202,0.01,4140511085.875
10158,-8823355.1,5424,0.01,4621413436.96875
10159,-7779636.175,5093,0.01,4045276045.8125
10160,-5296491.425,4203,0.01,2786741520.40625
10161,-7080034.975,4859,0.01,3179402775.046875
10162,-2113981.5,2656,0.01,1732850690.078125
10163,-9671275.975,5679,0.01,3112486889.640625
10164,-8754643.924999999,5403,0.01,4352325837.4375
10165,-2877360.6750000003,3098,0.01,2188870548.5625
10166,-8691772.174999999,5383,0.01,3735317819.59375
10167,-3071900.125,3201,0.01,2628296583.03125
10168,-2367269.75,2810,0.01,2156377334.53125
10169,-2235420.125,2731,0.01,1542546468.265625
10170,-7374119.1,4959,0.01,2332653936.359375
10171,-3506494.5,3420,0.01,2090236910.90625
10172,-3042972.25,3186,0.01,1689250723.828125
10173,-7892502.25,5130,0.01,2380602336.96875
10174,-5211756.6,4169,0.01,2842223433.84375
10175,-18537618.975,7862,0.01,7002544030.46875
10176,-2982519.85,3154,0.01,5388542610.375
10177,-16527341.174999999,7423,0.01,11664583374.5625
10178,-19376223.724999998,8037,0.01,10247356934.625
10179,-5303816.625,4206,0.01,7981317979.875
10180,-12586381.299999999,6478,0.01,9112055458.0
10181,-9272219.5,5561,0.01,5285873586.6875
10182,-5397268.425,4243,0.01,3960093802.75
10183,-12430708.049999999,6438,0.01,6004754173.90625
10184,-3355038.25,3345,0.01,3640509611.4375
10185,-11048262.85,6069,0.01,6555381578.0
10186,-7048276.425,4848,0.01,5033038933.34375
10187,-12346588.125,6416,0.01,5095414832.71875
10188,-2896279.3000000003,3108,0.01,3128546617.0625
10189,-1596423.675,2308,0.01,2241679647.28125
10190,-2800003.5,3056,0.01,1759922720.984375
10191,-4452020.55,3853,0.01,1686574384.6171875
10192,-4347448.175,3808,0.01,1667284253.15625
10193,-9718654.799999999,5693,0.01,2874480018.46875
10194,-7082642.375,4860,0.01,3731049325.9375
10195,-1718633.75,2395,0.01,1721162527.21875
10196,-21699794.75,8506,0.01,7979495552.78125
10197,-23332371.5,8820,0.01,13534927535.34375
10198,-6260523.35,4569,0.01,9199155665.25
10199,-3881799.1750000003,3598,0.01,5826432475.9375
10200,-4403396.85,3832,0.01,4135247417.921875
10201,-2554151.6,2919,0.01,2280446602.640625
10202,-10783947.85,5997,0.01,3515814358.71875
10203,-2743041.375,3025,0.01,2885240443.3125
10204,-1949827.75,2550,0.01,1937835036.09375
10205,-8140422.125,5210,0.01,2783983370.046875
10206,-10447920.1,5902,0.01,4269969217.65625
10207,-6913424.75,4801,0.01,4468855526.90625
10208,-2569442.225,2927,0.01,2765482465.9375
10209,-6754724.125,4746,0.01,3918676018.953125
10210,-1632687.85,2334,0.01,1880133465.84375
10211,-10571945.1,5937,0.01,3558880704.796875
10212,-10235213.975,5842,0.01,5398456769.71875
10213,-4340811.25,3805,0.01,3966416315.71875
10214,-6770445.225,4752,0.01,3845117728.03125
10215,-5892001.55,4433,0.01,3106347323.15625
10216,-5108031.35,4127,0.01,2752018746.578125
10217,-16484049.174999999,7413,0.01,5562404767.921875
10218,-4279652.3,3778,0.01,5207173367.5
10219,-8234503.125,5240,0.01,7586727181.96875
10220,-1808744.625,2456,0.01,2448820767.15625
10221,-19059924.499999996,7971,0.01,8413597908.375
10222,-12335096.799999999,6413,0.01,10605726501.1875
10223,-5073773.8,4113,0.01,6820978862.1875
10224,-2644283.125,2970,0.01,3315240611.5625
10225,-3529411.25,3431,0.01,3553158594.859375
10226,-1502018.6,2239,0.01,1043626453.296875
10227,-5627293.475,4332,0.01,1957535218.515625
10228,-4033534.5500000003,3668,0.01,1893632267.765625
10229,-9602810.1,5659,0.01,3153984408.4375
10230,-5377901.125,4235,0.01,3393710109.3125
10231,-5351149.975,4224,0.01,2878105522.015625
10232,-9271841.125,5560,0.01,3748789002.875
10233,-13397567.85,6684,0.01,5689872199.25
10234,-2952519.8000000003,3138,0.01,3905740486.5
10235,-21884347.85,8542,0.01,11217788018.375
10236,-4246840.925,3763,0.01,6168108493.8125
10237,-34969030.224999994,10797,0.01,19314574055.4375
10238,-29518700.624999996,9920,0.01,18425659344.09375
10239,-28682374.799999997,9778,0.01,25277324077.8125
10240,-3156321.25,3245,0.01,7395890669.5
10241,-17610221.675,7663,0.01,16267592600.5625
10242,-25092132.624999996,9146,0.01,12009203975.4375
10243,-1545490.625,2271,0.01,5220066665.3125
10244,-19784497.1,8122,0.01,11395070390.65625
10245,-1629334.5,2331,0.01,3962591502.0
10246,-1278003.875,2065,0.01,2294505720.78125
10247,-6518568.85,4662,0.01,4594263536.59375
10248,-3061892.0,3196,0.01,2106664664.46875
10249,-21783189.6,8522,0.01,7364313082.875
10250,-3054799.725,3192,0.01,5531566444.75
10251,-10252987.725,5847,0.01,12047968653.1875
10252,-5728687.75,4371,0.01,4414955061.84375
10253,-4841555.925,4018,0.01,2632805619.6875
10254,-12972683.875,6576,0.01,4586326562.828125
10255,-12728850.6,6514,0.01,7172349016.0
10256,-13809147.0,6785,0.01,8598886023.21875
10257,-6185038.475,4542,0.01,5884128196.0625
10258,-11194819.75,6110,0.01,5038053742.296875
10259,-2203177.125,2711,0.01,2618999482.03125
10260,-10725334.625,5980,0.01,4385539909.25
10261,-5032026.125,4096,0.01,4039124428.5625
10262,-3984270.5,3645,0.01,2944698993.125
10263,-9574816.875,5650,0.01,4140445465.328125
10264,-6064194.6,4497,0.01,4049349415.09375
10265,-4274960.25,3776,0.01,2816632093.0625
10266,-8266731.75,5250,0.01,3143755526.25
10267,-3280617.5500000003,3308,0.01,2366682173.8125
10268,-2167574.225,2689,0.01,1849121865.390625
10269,-1854687.6,2487,0.01,1151047599.4375
10270,-1394437.225,2157,0.01,923262018.546875
10271,-7107337.05,4868,0.01,1804834554.5078125
10272,-6610344.375,4695,0.01,2926695098.46875
10273,-9258715.5,5556,0.01,3943252329.5625
10274,-6218381.1,4554,0.01,3393321466.40625
10275,-10279282.125,5855,0.01,4937498730.3125
10276,-4466496.725,3859,0.01,3361077895.90625
10277,-4252609.5,3766,0.01,2663473835.0625
10278,-4257053.425,3768,0.01,2297583855.4375
10279,-6015382.6,4479,0.01,2357832602.3125
10280,-10218384.1,5837,0.01,3854388891.828125
10281,-2445555.0,2856,0.01,2473679669.4375
10282,-5609705.75,4325,0.01,3280603439.265625
10283,-2321057.225,2782,0.01,1977634479.125
10284,-7706589.225,5069,0.01,3079233188.59375
10285,-3217368.125,3276,0.01,2380732940.15625
10286,-3741770.6750000003,3533,0.01,2385520350.625
10287,-5766030.5,4385,0.01,2666266498.15625
10288,-19166166.725,7994,0.01,5959406198.359375
10289,-3932650.1,3622,0.01,5839688520.5625
10290,-833739.4249999999,1668,0.01,2748984965.4375
10291,-4931098.375,4055,0.01,6738384172.34375
10292,-7040344.375,4845,0.01,3348299392.78125
10293,-4343070.0,3806,0.01,2469134009.265625
10294,-1562954.35,2284,0.01,1539984043.59375
10295,-3197528.875,3266,0.01,2036145165.84375
10296,-5734726.3,4373,0.01,2312881492.9375
10297,-6338371.725,4597,0.01,2404210501.296875
10298,-3452585.225,3394,0.01,2031484730.28125
10299,-13426032.75,6691,0.01,4373528096.828125
10300,-1440263.975,2192,0.01,2422866489.125
10301,-340959.3,1068,0.01,1236344581.375
10302,-13564490.5,6725,0.01,5262422560.84375
10303,-4947594.225,4062,0.01,5045045595.625
10304,-8052903.1,5182,0.01,3504490438.1875
10305,-6387130.375,4615,0.01,3370857887.78125
10306,-793954.9249999999,1628,0.01,1240551922.375
10307,-2023093.175,2598,0.01,1959444962.09375
10308,-3757929.375,3540,0.01,1850090778.421875
10309,-10475893.75,5910,0.01,2825349834.8125
10310,-3505002.1,3419,0.01,2610974869.0
10311,-10806877.299999999,6003,0.01,3367288074.40625
10312,-4395833.975,3829,0.01,3410141743.40625
10313,-5587620.975,4317,0.01,3261066677.84375
10314,-907216.25,1740,0.01,1459901201.5625
10315,-6547382.175,4673,0.01,2625426113.015625
10316,-6865370.125,4785,0.01,3071109919.125
10317,-7340235.3,4948,0.01,2873261302.78125
10318,-2575392.625,2931,0.01,1777778525.4375
10319,-6593689.1,4689,0.01,2287412154.828125
10320,-5333344.85,4217,0.01,2457689825.0625
10321,-9297618.674999999,5568,0.01,3615123540.75
10322,-9843801.1,5729,0.01,4798841106.375
10323,-4698589.6,3959,0.01,3948234641.0
10324,-6560479.05,4678,0.01,3219176605.375
10325,-1662164.875,2355,0.01,1662920915.46875
10326,-1404737.5,2165,0.01,1106591591.765625
10327,-5179951.0,4156,0.01,1727218083.4609375
10328,-8488586.25,5320,0.01,2777844874.9375
10329,-3002765.625,3165,0.01,2234891551.78125
10330,-6251484.375,4566,0.01,2767597866.609375
10331,-2235452.875,2731,0.01,1750484632.546875
10332,-3185900.0,3260,0.01,1702055320.828125
10333,-5682054.55,4353,0.01,2026861281.4375
10334,-7922499.75,5140,0.01,2580851309.609375
10335,-6564517.85,4679,0.01,3354973535.625
10336,-7832304.5,5111,0.01,3773586587.0625
10337,-1444437.125,2195,0.01,1535764376.40625
10338,-1322123.375,2100,0.01,1430846330.859375
10339,-11158129.35,6099,0.01,3749592698.40625
10340,-9710750.0,5690,0.01,5226707029.0
10341,-4232963.35,3757,0.01,3580033275.4375
10342,-4704226.625,3961,0.01,3540514058.40625
10343,-805717.75,1640,0.01,1541481802.0625
10344,-7199353.375,4900,0.01,2898434524.6875
10345,-8613611.725,5359,0.01,3735694805.125
10346,-8370454.3,5283,0.01,3997251259.21875
10347,-2353806.475,2802,0.01,2278038893.71875
10348,-2644959.25,2970,0.01,2987579945.3125
10349,-9934353.625,5755,0.01,4529650582.8125
10350,-13499503.725,6709,0.01,5850508234.375
10351,-12184778.225,6374,0.01,7859865051.375
10352,-12100883.85,6352,0.01,7447455998.0625
10353,-1696901.225,2379,0.01,3134040564.0
10354,-1934076.25,2540,0.01,3204754106.9375
10355,-3836501.85,3577,0.01,2537886739.90625
10356,-3606223.4250000003,3468,0.01,1802451509.390625
10357,-30073597.174999997,10013,0.01,10732668686.859375
10358,-4627149.55,3928,0.01,7723102700.9375
10359,-15993316.475,7302,0.01,21013077153.0625
10360,-37752184.675000004,11218,0.01,19836039879.0625
10361,-4062787.625,3681,0.01,7677936315.0625
10362,-3761372.975,3542,0.01,4553438115.890625
10363,-4198729.6,3742,0.01,4298237618.34375
10364,-10243645.1,5844,0.01,4133215995.96875
10365,-1706098.0,2386,0.01,2261150620.09375
10366,-3081279.25,3206,0.01,3015482876.75
10367,-7385309.3,4963,0.01,4239569967.9375
10368,-8763111.75,5406,0.01,3599201830.609375
10369,-4406393.85,3834,0.01,2934523511.9375
10370,-5434247.475,4257,0.01,2641371372.359375
10371,-5028846.0,4095,0.01,2531681316.671875
10372,-6600609.625,4691,0.01,2819265142.03125
10373,-9814084.125,5720,0.01,4115967764.90625
10374,-8350212.875,5276,0.01,4612829986.25
10375,-3637363.4250000003,3483,0.01,2894398863.53125
10376,-7117141.6,4872,0.01,4002819757.09375
10377,-2448592.0500000003,2858,0.01,2222493486.09375
10378,-6847331.475,4779,0.01,3088757097.71875
10379,-5405859.125,4246,0.01,3004242166.375
10380,-11885557.375,6295,0.01,4366840485.625
10381,-1343992.175,2118,0.01,2072316993.5625
10382,-6627726.25,4701,0.01,5280954938.625
10383,-1805358.85,2454,0.01,3166589165.0625
10384,-3300164.6750000003,3318,0.01,2522659178.90625
10385,-4259097.475,3769,0.01,2050442605.578125
10386,-15705158.125,7236,0.01,4591804000.640625
10387,-1526332.725,2257,0.01,3064870980.375
10388,-12601729.475,6482,0.01,8299941561.4375
10389,-847723.85,1682,0.01,2495473949.25
10390,-8664328.125,5375,0.01,4630070277.90625
10391,-2939996.225,3132,0.01,2752218985.65625
10392,-6673900.425,4718,0.01,3152336241.28125
10393,-2148390.35,2677,0.01,1921496183.78125
10394,-2540870.875,2911,0.01,1737183558.96875
10395,-6387700.5,4615,0.01,2320383508.5
10396,-36318492.675000004,11003,0.01,13671464832.203125
10397,-5011462.8,4088,0.01,7918657886.8125
10398,-19065747.55,7973,0.01,11376370308.5625
10399,-13726050.5,6765,0.01,10022006935.9375
10400,-2705730.475,3004,0.01,5042691876.25
10401,-2699764.0,3001,0.01,3905034482.21875
10402,-9117878.6,5514,0.01,4814602497.0625
10403,-2562345.85,2924,0.01,2329517570.1875
10404,-7028865.35,4842,0.01,3437132362.90625
10405,-5107740.6,4127,0.01,3058691511.390625
10406,-4174771.25,3731,0.01,2432732089.21875
10407,-1571551.0,2290,0.01,1536926596.59375
10408,-3523544.8000000003,3428,0.01,1887733073.0625
10409,-2458373.975,2864,0.01,1200722724.46875
10410,-8268598.125,5251,0.01,2444029447.03125
10411,-1780097.6,2437,0.01,1783889099.40625
10412,-8102751.3,5198,0.01,3268259449.78125
10413,-9660828.375,5675,0.01,4361098644.6875
10414,-13370757.35,6677,0.01,5719274378.8125
10415,-5594263.475,4319,0.01,5365373798.46875
10416,-10281493.375,5855,0.01,6776903734.15625
10417,-3426967.125,3381,0.01,3310784730.4375
10418,-5405652.25,4246,0.01,3876148172.625
10419,-2724694.25,3015,0.01,2796665498.765625
10420,-4506836.975,3877,0.01,2234147583.078125
10421,-8519489.375,5330,0.01,2952693759.09375
10422,-3529474.125,3431,0.01,2290855602.28125
10423,-2189977.4250000003,2703,0.01,1862008932.96875
10424,-3539568.5,3436,0.01,1815212893.671875
10425,-1807399.0,2456,0.01,1074126399.71875
10426,-5658526.85,4344,0.01,1918932879.140625
10427,-2033734.75,2605,0.01,1324998033.234375
10428,-2325190.375,2785,0.01,1445273133.625
10429,-8411006.625,5296,0.01,2949051855.9375
10430,-2485243.225,2879,0.01,2163864213.25
10431,-9078156.1,5502,0.01,4267072725.34375
10432,-2238143.475,2732,0.01,2604576302.53125
10433,-18460315.874999996,7845,0.01,7303484859.875
10434,-1478134.625,2221,0.01,3819703458.1875
10435,-5813803.925,4403,0.01,7236788936.5625
10436,-4506288.1,3877,0.01,5353007496.65625
10437,-5261540.475,4189,0.01,2431020883.453125
10438,-2752719.375,3030,0.01,1779942066.25
10439,-5682165.675,4353,0.01,2046876992.0
10440,-3743138.6750000003,3533,0.01,1947831812.53125
10441,-7390356.35,4964,0.01,2853671455.34375
10442,-6333671.75,4596,0.01,3268593648.625
10443,-9324180.25,5576,0.01,3730152555.5
10444,-10428788.725,5897,0.01,4725121514.53125
10445,-10187506.049999999,5828,0.01,5914648986.25
10446,-6146654.85,4527,0.01,4615850017.21875
10447,-7375263.85,4959,0.01,4233847687.3125
10448,-4566138.1,3902,0.01,3163308153.5625
10449,-6392672.85,4617,0.01,3652694141.328125
10450,-2768474.6,3039,0.01,2184575969.71875
10451,-21069957.499999996,8381,0.01,7405824977.25
10452,-4930151.75,4055,0.01,6599309620.75
10453,-7799167.125,5100,0.01,10137458449.3125
10454,-2856935.85,3087,0.01,2987833544.6875
10455,-1712937.375,2391,0.01,1978908147.890625
10456,-3509166.625,3421,0.01,1855043955.734375
10457,-5386254.05,4238,0.01,2066251283.984375
10458,-22040498.224999998,8572,0.01,7064010563.375
10459,-10563199.125,5935,0.01,9839604634.8125
10460,-6115439.75,4516,0.01,8397240547.4375
10461,-7119812.55,4873,0.01,5097107945.6875
10462,-10432725.549999999,5898,0.01,4773760825.875
10463,-10358527.225,5877,0.01,5548135626.78125
10464,-7317864.0,4940,0.01,4892160484.75
10465,-7688616.725,5064,0.01,3628721856.625
10466,-3320124.6750000003,3328,0.01,2193570938.140625
10467,-7080321.225,4859,0.01,2517294149.640625
10468,-2192424.1,2704,0.01,1660359112.4375
10469,-12041835.875,6336,0.01,3910308380.296875
10470,-11404476.25,6166,0.01,6086589623.0
10471,-4775612.75,3991,0.01,4702874015.96875
10472,-7278452.225,4927,0.01,4927661215.46875
10473,-1479563.475,2222,0.01,1970754691.40625
10474,-19678480.625,8100,0.01,7101064188.625
10475,-10708707.625,5975,0.01,8329032139.25
10476,-3819808.6,3569,0.01,4046751424.96875
10477,-6794169.0,4760,0.01,4555339307.078125
10478,-3193688.85,3264,0.01,2588409136.25
10479,-9921506.85,5752,0.01,3631441719.78125
10480,-3727367.875,3526,0.01,2962337024.21875
10481,-12788209.75,6530,0.01,4480962826.34375
10482,-6873895.85,4787,0.01,5027317251.25
10483,-5063553.225,4109,0.01,3311929630.453125
10484,-3241368.9250000003,3288,0.01,2350913101.21875
10485,-11546167.25,6205,0.01,4024869390.328125
10486,-3819795.35,3569,0.01,3456217956.34375
10487,-6419454.375,4626,0.01,3168877484.078125
10488,-3530818.625,3431,0.01,2247698158.875
10489,-6516490.225,4662,0.01,2617758504.0
10490,-1846679.1,2482,0.01,1645407030.4375
10491,-5935493.35,4449,0.01,2412988101.03125
10492,-13061230.475,6599,0.01,4290499729.4375
10493,-9039474.375,5490,0.01,5851573328.25
10494,-8451312.799999999,5308,0.01,5943091885.09375
10495,-2476370.225,2874,0.01,2418593620.40625
10496,-6958537.475,4817,0.01,4284077702.75
10497,-9108371.5,5511,0.01,4730449397.28125
10498,-4001738.6750000003,3653,0.01,3285175398.96875
10499,-10942216.0,6040,0.01,4965843707.1875
10500,-2247854.4250000003,2738,0.01,2583402274.34375
10501,-7432128.425,4978,0.01,3968950507.65625
10502,-5227004.5,4175,0.01,3038773332.28125
10503,-16048006.0,7315,0.01,5841952597.484375
10504,-21168573.25,8401,0.01,11343183235.96875
10505,-3513086.1750000003,3423,0.01,6726361851.5625
10506,-14664068.475,6992,0.01,8124976987.578125
10507,-9521052.975,5634,0.01,7411362066.125
10508,-8214573.225,5234,0.01,6568000610.0
10509,-9735242.6,5697,0.01,5539415885.96875
10510,-4156799.3000000003,3723,0.01,3367757155.375
10511,-14193025.6,6879,0.01,6379466992.921875
10512,-6513056.25,4660,0.01,6160576711.6875
10513,-4109240.475,3702,0.01,4547254954.78125
10514,-11574012.725,6212,0.01,5332531332.140625
10515,-7468955.25,4990,0.01,4773592724.75
10516,-32220990.224999998,10364,0.01,13654434680.65625
10517,-3136808.475,3234,0.01,7215675607.5625
10518,-14934731.375,7056,0.01,10807065920.59375
10519,-8831489.1,5427,0.01,6121381966.78125
10520,-2948822.75,3136,0.01,3202403398.78125
10521,-16616369.049999999,7443,0.01,6629541636.203125
10522,-10219442.674999999,5838,0.01,7271378828.15625
10523,-4927517.85,4054,0.01,5211514355.34375
10524,-11371612.549999999,6158,0.01,5848227239.5
10525,-18036636.0,7755,0.01,7194316530.3125
10526,-15807844.125,7260,0.01,11566436484.0
10527,-5898304.5,4435,0.01,7294581050.6875
10528,-12876140.225,6552,0.01,7926429215.125
10529,-3652011.375,3490,0.01,3914896147.40625
10530,-15626520.049999999,7218,0.01,7956060684.6875
10531,-4425256.725,3842,0.01,4710843128.75
10532,-7323205.725,4942,0.01,3537499045.578125
10533,-1210627.5,2010,0.01,1507081800.6875
10534,-3938047.725,3624,0.01,1947541923.0
10535,-5437079.3,4258,0.01,1971666307.078125
10536,-7196394.725,4899,0.01,2327430824.65625
10537,-2617759.25,2955,0.01,1902134639.9375
10538,-14850105.875,7036,0.01,5466947611.765625
10539,-22142738.349999998,8592,0.01,10405001377.9375
10540,-25982024.224999998,9307,0.01,15222420816.65625
10541,-17797887.174999997,7703,0.01,13055519133.71875
10542,-3415001.875,3375,0.01,7280152812.0625
10543,-9061450.1,5497,0.01,5949749799.71875
10544,-8102734.3,5198,0.01,4811073104.21875
10545,-3405336.25,3370,0.01,2901548168.84375
10546,-2240072.3000000003,2733,0.01,2399463971.96875
10547,-3995479.0,3650,0.01,3254221878.3125
10548,-6378967.85,4612,0.01,2583261426.234375
10549,-9131809.924999999,5518,0.01,3558038015.4375
10550,-4383628.85,3824,0.01,3009237723.1875
10551,-2599697.5,2945,0.01,2103400100.5625
10552,-5701248.75,4360,0.01,2743164394.96875
10553,-3122644.725,3227,0.01,1850256785.15625
10554,-18795462.874999996,7916,0.01,6385356751.796875
10555,-17142955.624999996,7560,0.01,11130346302.40625
10556,-6052953.425,4493,0.01,7838987177.3125
10557,-12038699.875,6336,0.01,8283829077.8125
10558,-16341042.75,7381,0.01,7958447427.5625
10559,-2140539.725,2672,0.01,4221354286.75
10560,-5398831.425,4243,0.01,6163045587.5
10561,-3957849.1750000003,3633,0.01,4452819283.875
10562,-3996124.625,3651,0.01,1963678324.609375
10563,-8189970.0,5226,0.01,2741132076.96875
10564,-9316372.424999999,5573,0.01,4107556903.90625
10565,-1885608.675,2508,0.01,2186692161.03125
10566,-6579438.85,4684,0.01,4710075433.90625
10567,-2838824.35,3077,0.01,2962318979.5
10568,-12854354.6,6547,0.01,4374795230.578125
10569,-8240413.975,5242,0.01,5461132143.6875
10570,-6430928.5,4631,0.01,3823326179.0
10571,-9524987.375,5636,0.01,4385842680.375
10572,-4883323.25,4036,0.01,3477888018.8125
10573,-9708170.25,5690,0.01,4596096429.5
10574,-12445548.6,6442,0.01,5898208132.78125
10575,-7674728.475,5059,0.01,5476344981.65625
10576,-1852716.875,2486,0.01,2588246574.71875
10577,-2683978.975,2992,0.01,3188122269.0625
10578,-7434092.85,4979,0.01,3533546651.8125
10579,-25352191.174999997,9193,0.01,9146883624.4375
10580,-33909442.474999994,10632,0.01,24124564470.1875
10581,-756333.725,1589,0.01,4111784158.375
10582,-12201417.924999999,6378,0.01,15678100161.96875
10583,-2536441.475,2909,0.01,5629267469.3125
10584,-3065419.8000000003,3198,0.01,2995728111.1875
10585,-2711021.725,3007,0.01,2053411915.59375
10586,-10721718.225,5979,0.01,3070729053.6875
10587,-14161121.25,6871,0.01,6479358136.53125
10588,-6892597.1,4794,0.01,6408492668.5
10589,-11668309.85,6237,0.01,7759745654.5625
10590,-8418383.424999999,5298,0.01,5907703530.15625
10591,-3089140.125,3210,0.01,3851342039.6875
10592,-8888936.6,5444,0.01,5548946835.71875
10593,-1697453.875,2380,0.01,2300220579.53125
10594,-17538757.6,7647,0.01,7069276460.390625
10595,-3176099.625,3255,0.01,4867814260.75
10596,-4770742.6,3989,0.01,3066281037.71875
10597,-5244302.6,4182,0.01,2507515457.46875
10598,-5157535.475,4147,0.01,2292844330.625
10599,-3735043.975,3529,0.01,2091904435.6875
10600,-7891056.85,5129,0.01,3006826976.15625
10601,-9311906.725,5572,0.01,4083442997.03125
10602,-9162654.475,5527,0.01,4794594703.9375
10603,-9214268.924999999,5543,0.01,5195161238.28125
10604,-2182087.6750000003,2698,0.01,2855034373.53125
10605,-7092155.05,4863,0.01,4267127383.65625
10606,-704165.6749999999,1533,0.01,1337241660.84375
10607,-9678585.75,5681,0.01,4317653222.21875
10608,-1077062.5,1896,0.01,1867530241.5
10609,-16593292.424999999,7438,0.01,7381328996.09375
10610,-14167208.174999999,6873,0.01,8558185421.5
10611,-8070555.975,5187,0.01,6778878308.625
10612,-6252888.0,4566,0.01,5223675114.0
10613,-304925.125,1010,0.01,965925966.5
10614,-19475270.174999997,8058,0.01,7743082675.78125
10615,-16612127.35,7442,0.01,10195472937.25
10616,-905061.9249999999,1738,0.01,3307543624.3125
10617,-16426031.75,7400,0.01,13496934749.125
10618,-1372634.875,2140,0.01,4246552833.0625
10619,-5190016.375,4160,0.01,6042704749.15625
10620,-4109492.85,3702,0.01,4543191184.40625
10621,-3472195.8000000003,3403,0.01,2082433735.0
10622,-7553436.475,5019,0.01,2653082797.75
10623,-2475869.225,2874,0.01,1960391487.28125
10624,-4287155.625,3781,0.01,2344554326.40625
10625,-2153028.375,2680,0.01,1426350649.828125
10626,-3222095.0500000003,3278,0.01,1511745873.109375
10627,-2631980.9250000003,2963,0.01,1261276899.0
10628,-3212873.975,3274,0.01,1358142518.3125
10629,-3784824.6750000003,3553,0.01,1396192360.390625
10630,-2484916.475,2879,0.01,1105079360.09375
10631,-2318811.5,2781,0.01,1086265092.015625
10632,-5066312.75,4110,0.01,1542751228.28125
10633,-3818391.0500000003,3568,0.01,1603997609.59375
10634,-5226991.125,4175,0.01,1981067510.890625
10635,-1641181.875,2340,0.01,1383417799.078125
10636,-3543554.1750000003,3438,0.01,1730968604.765625
10637,-10056750.0,5791,0.01,3106098617.125
10638,-4506592.35,3877,0.01,2891255761.484375
10639,-12402068.125,6431,0.01,3959576842.515625
10640,-7581309.05,5028,0.01,4678900827.0625
10641,-4151433.75,3721,0.01,2563918623.03125
10642,-5843297.35,4414,0.01,3166981963.046875
10643,-4064914.475,3682,0.01,2689942267.390625
10644,-13435251.799999999,6693,0.01,4873987618.15625
10645,-2752764.125,3030,0.01,3356980996.375
10646,-6788932.925,4758,0.01,5237483797.65625
10647,-4711941.225,3964,0.01,3572430612.625
10648,-5331922.475,4217,0.01,2572415884.59375
10649,-4539521.0,3891,0.01,2259999600.921875
10650,-7311438.675,4938,0.01,3168503446.953125
10651,-11470000.725,6184,0.01,4528487297.59375
10652,-5818099.25,4405,0.01,4034142586.65625
10653,-4151679.375,3721,0.01,2430436322.359375
10654,-1726317.375,2400,0.01,1549579284.671875
10655,-6105916.225,4512,0.01,2285129294.953125
10656,-13923356.049999999,6813,0.01,4801688643.9375
10657,-3733177.225,3529,0.01,4163739542.625
10658,-12771386.375,6526,0.01,5139737534.640625
10659,-2635665.625,2965,0.01,2994724810.0625
10660,-4478008.975,3864,0.01,2699628415.046875
10661,-5798792.6,4397,0.01,2592808781.6875
10662,-2994699.25,3160,0.01,1816118495.640625
10663,-7148033.225,4882,0.01,3009551422.3125
10664,-3465653.875,3400,0.01,2366295272.375
10665,-10012423.549999999,5778,0.01,3780602760.765625
10666,-4561783.5,3900,0.01,3304514215.0625
10667,-5472891.35,4272,0.01,2799612888.328125
10668,-1547025.1,2272,0.01,1626602376.25
10669,-10870090.125,6020,0.01,3854850028.546875
10670,-7120303.175,4873,0.01,4938586536.9375
10671,-11854245.35,6287,0.01,6119390070.25
10672,-6599192.5,4691,0.01,5140261062.375
10673,-9050137.299999999,5493,0.01,4774071422.53125
10674,-4244175.225,3762,0.01,3178779003.25
10675,-1155707.975,1964,0.01,1786079821.03125
10676,-9084391.6,5504,0.01,4550370689.5625
10677,-11563416.475,6209,0.01,5298502095.875
10678,-13436589.049999999,6693,0.01,7070787370.15625
10679,-10083898.674999999,5798,0.01,7694333304.90625
10680,-11967753.6,6317,0.01,8384379505.5625
10681,-4544069.925,3893,0.01,4991477805.46875
10682,-1198879.875,2000,0.01,2187050539.0
10683,-5508626.375,4286,0.01,4525245444.96875
10684,-16971797.599999998,7522,0.01,5739394948.65625
10685,-17815084.725,7707,0.01,10302133057.96875
10686,-10035471.875,5785,0.01,8599615989.75
10687,-15157980.975,7109,0.01,8387458576.71875
10688,-868983.0499999999,1703,0.01,2325778603.125
10689,-12918003.549999999,6563,0.01,9100289567.3125
10690,-3562538.35,3447,0.01,4894774423.9375
10691,-14755344.1,7014,0.01,6363993157.03125
10692,-4497827.925,3873,0.01,4831267479.0625
10693,-12909061.75,6561,0.01,7879858531.5
10694,-1120588.725,1934,0.01,2218448756.15625
10695,-1523129.975,2254,0.01,3058533437.1875
10696,-3373364.1,3354,0.01,3485767978.6875
10697,-14662707.6,6992,0.01,5580133911.96875
10698,-9204594.625,5540,0.01,5872746005.90625
10699,-3003383.375,3165,0.01,3522994354.46875
10700,-2636372.5,2966,0.01,3013538580.25
10701,-8407027.625,5295,0.01,3901298018.15625
10702,-16520061.1,7422,0.01,6406661975.8125
10703,-26223624.249999996,9350,0.01,13946979839.125
10704,-9906568.1,5747,0.01,10168572901.28125
10705,-4277337.85,3777,0.01,7865895092.5625
10706,-13904706.6,6809,0.01,7416327855.4375
10707,-1232214.675,2028,0.01,2325169157.9375
10708,-5557729.375,4305,0.01,5564513855.5
10709,-1494805.55,2233,0.01,2823083248.0625
10710,-13145136.5,6620,0.01,5352712352.171875
10711,-12066929.549999999,6343,0.01,7545215352.4375
10712,-11858917.674999999,6288,0.01,7398686236.78125
10713,-5443802.75,4261,0.01,5484141714.5625
10714,-7754424.0,5085,0.01,5254896274.25
10715,-24278415.874999996,8996,0.01,9875375574.953125
10716,-14166930.549999999,6873,0.01,14124798482.9375
10717,-18550777.724999998,7864,0.01,11179914769.84375
10718,-2048166.225,2614,0.01,4768538244.5
10719,-278330.25,965,0.01,2020844969.25
10720,-1399403.875,2161,0.01,3703365985.1875
10721,-4546352.225,3894,0.01,5651198806.15625
10722,-2756431.6,3032,0.01,1671789238.015625
10723,-14779686.125,7020,0.01,4191024961.828125
10724,-3057004.9250000003,3193,0.01,3978852341.0625
10725,-6432635.125,4631,0.01,5512535392.5625
10726,-3363055.35,3349,0.01,2983752099.65625
10727,-8370130.175,5283,0.01,3534396898.15625
10728,-5932851.925,4448,0.01,3217646258.9375
10729,-25067480.975,9142,0.01,9047069536.21875
10730,-9945155.674999999,5758,0.01,9333581202.03125
10731,-7473655.725,4992,0.01,5608450330.28125
10732,-7811488.85,5104,0.01,5133603214.6875
10733,-3771830.85,3547,0.01,2641516024.125
10734,-3483057.6750000003,3408,0.01,2604743242.796875
10735,-4452226.3,3853,0.01,2340037597.234375
10736,-7021213.05,4838,0.01,2594637927.921875
10737,-13252713.725,6647,0.01,4927354434.25
10738,-3139457.75,3236,0.01,3878243985.15625
10739,-911224.1,1744,0.01,1973709180.4375
10740,-7124188.35,4874,0.01,5050546505.96875
10741,-3721958.6750000003,3523,0.01,2487482092.125
10742,-15396528.0,7165,0.01,4867635474.296875
10743,-1404685.0,2165,0.01,2787739287.125
10744,-5393763.125,4241,0.01,4163738955.125
10745,-2124751.975,2662,0.01,2286882693.65625
10746,-12841695.174999999,6543,0.01,4233090071.53125
10747,-8519941.875,5330,0.01,5775692302.125
10748,-19052340.749999996,7970,0.01,7861662330.90625
10749,-6018307.625,4480,0.01,6794839870.8125
10750,-10656145.875,5961,0.01,6080130662.21875
10751,-1751974.05,2418,0.01,2388745123.90625
10752,-6607103.225,4694,0.01,4323722971.9375
10753,-2078455.925,2633,0.01,2645992940.65625
10754,-950792.875,1781,0.01,1253974731.828125
10755,-943137.975,1774,0.01,1062013891.0625
10756,-9212524.1,5542,0.01,2920100021.953125
10757,-18168283.675,7783,0.01,7054930893.40625
10758,-7482637.125,4995,0.01,7157973231.25
10759,-4741440.125,3976,0.01,6395370115.625
10760,-6442393.0,4635,0.01,4531282068.359375
10761,-6800543.975,4762,0.01,3384106542.765625
10762,-17682732.299999997,7678,0.01,6246661572.4375
10763,-7383244.125,4961,0.01,8194400291.75
10764,-10483478.35,5912,0.01,8545935069.8125
10765,-17787131.125,7701,0.01,7256825960.84375
10766,-10304494.725,5862,0.01,7615043343.78125
10767,-7969112.125,5155,0.01,5201848180.34375
10768,-7332291.5,4945,0.01,4423443956.84375
10769,-14062081.6,6847,0.01,5717843699.4375
10770,-4296012.875,3785,0.01,4722558278.5
10771,-9452022.975,5614,0.01,7278473611.21875
10772,-3622705.625,3476,0.01,3288034596.96875
10773,-4010696.975,3657,0.01,2988821238.375
10774,-1009028.875,1835,0.01,1479853939.453125
10775,-19603686.474999998,8084,0.01,6933951345.65625
10776,-6309825.475,4587,0.01,7982912472.625
10777,-1010942.475,1837,0.01,3225373670.0625
10778,-7044350.725,4847,0.01,6302465815.96875
10779,-3924805.4250000003,3618,0.01,2346167140.453125
10780,-8108714.375,5200,0.01,3130668544.953125
10781,-1971830.375,2565,0.01,1851031155.625
10782,-17658681.924999997,7673,0.01,6305900483.53125
10783,-2808685.875,3061,0.01,4543441287.125
10784,-17278467.75,7590,0.01,5892164968.890625
10785,-19407624.35,8044,0.01,9562553543.3125
10786,-3946620.1750000003,3628,0.01,5918489305.1875
10787,-10239524.674999999,5843,0.01,5129030971.390625
10788,-21953013.749999996,8555,0.01,8900993227.84375
10789,-6990206.425,4828,0.01,7250524951.125
10790,-5064965.125,4110,0.01,3391880821.40625
10791,-3404313.375,3370,0.01,2633850868.15625
10792,-7094724.225,4864,0.01,3105873295.90625
10793,-8014079.85,5169,0.01,3560164094.5625
10794,-2411147.875,2836,0.01,2055976485.375
10795,-9197089.924999999,5538,0.01,3923160938.125
10796,-6671973.6,4717,0.01,4374198012.09375
10797,-10118712.35,5809,0.01,4998095667.59375
10798,-8431780.225,5302,0.01,4454083654.265625
10799,-4097065.375,3696,0.01,3430998961.0
10800,-2614449.8000000003,2953,0.01,2488693406.90625
10801,-7271180.225,4924,0.01,3198942086.375
10802,-10255281.049999999,5848,0.01,3968102811.046875
10803,-4585530.0,3911,0.01,3301724219.375
10804,-5497575.975,4282,0.01,3423609198.921875
10805,-5161255.35,4149,0.01,2924155236.609375
10806,-7952757.875,5150,0.01,3023224557.765625
10807,-1254284.25,2046,0.01,1517029858.3125
10808,-3995275.875,3650,0.01,2634661414.21875
10809,-932122.1,1764,0.01,1028899024.890625
10810,-7348744.125,4950,0.01,2692497698.125
10811,-1776957.375,2435,0.01,1616533369.75
10812,-14189146.049999999,6878,0.01,5537747046.5625
10813,-20296814.874999996,8226,0.01,10831543803.5
10814,-3069050.35,3199,0.01,5904592614.5
10815,-18716487.099999998,7899,0.01,8682999426.53125
10816,-31822009.875,10300,0.01,16646388450.59375
10817,-14128367.924999999,6863,0.01,18011761397.5
10818,-2455906.725,2862,0.01,7780293496.3125
10819,-7408968.25,4971,0.01,7252244756.875
10820,-7586655.0,5030,0.01,5284948430.96875
10821,-3254678.5,3295,0.01,2369766217.53125
10822,-8148133.725,5212,0.01,3637823676.234375
10823,-9646487.5,5671,0.01,4452890431.5
10824,-2870676.85,3094,0.01,2744995485.875
10825,-3354910.25,3345,0.01,3343907266.03125
10826,-7706499.975,5069,0.01,4056301904.953125
10827,-1111503.875,1926,0.01,1426497688.65625
10828,-9772404.049999999,5708,0.01,4612780789.96875
10829,-10444215.875,5901,0.01,5851802691.78125
10830,-10646212.549999999,5958,0.01,6047221261.15625
10831,-4973747.425,4073,0.01,4635420254.125
10832,-3019249.6750000003,3173,0.01,3226892638.6875
10833,-1199199.0,2000,0.01,1969762877.4375
10834,-2413150.475,2837,0.01,1545958654.421875
10835,-4046495.3000000003,3673,0.01,1642121534.3125
10836,-16393715.049999999,7393,0.01,4815069678.375
10837,-12865000.1,6549,0.01,8696685107.875
10838,-22569943.349999998,8674,0.01,12454695955.0625
10839,-7665100.625,5056,0.01,8654709081.28125
10840,-13340330.625,6670,0.01,10634774040.09375
10841,-3735555.5,3530,0.01,4506947694.46875
10842,-16883991.55,7503,0.01,7877452467.15625
10843,-23110106.425,8778,0.01,12005361949.03125
10844,-1080103.6,1899,0.01,4776921377.0
10845,-7094485.35,4864,0.01,9389032713.625
10846,-4884823.375,4036,0.01,6233823190.84375
10847,-872869.1,1707,0.01,1252107056.859375
10848,-3898675.625,3606,0.01,2429127759.296875
10849,-8343778.625,5275,0.01,2725026687.859375
10850,-8016324.625,5170,0.01,3811068520.46875
10851,-6593549.725,4689,0.01,3627343230.21875
10852,-538242.375,1341,0.01,1041532747.9375
10853,-2125825.4250000003,2663,0.01,2474639351.09375
10854,-14742560.875,7011,0.01,5661721240.21875
10855,-4641193.1,3934,0.01,4790582703.5625
10856,-27584900.0,9590,0.01,13026233739.21875
10857,-1085819.975,1904,0.01,4480713956.3125
10858,-5183599.925,4158,0.01,4374768918.296875
10859,-10944251.375,6041,0.01,3717166045.015625
10860,-5601852.975,4322,0.01,3960030390.8125
10861,-9406226.5,5600,0.01,4320554665.75
10862,-4983696.725,4077,0.01,3361305924.6875
10863,-5398013.05,4243,0.01,2706552412.09375
10864,-5160218.425,4148,0.01,2636188478.21875
10865,-9159069.875,5526,0.01,3499653352.8125
10866,-946945.7999999999,1778,0.01,1500957671.4375
10867,-3825218.225,3572,0.01,3099326767.9375
10868,-8240025.975,5242,0.01,3984428226.375
10869,-11324181.0,6145,0.01,4197093495.46875
10870,-9696317.875,5686,0.01,5035823482.34375
10871,-5939516.125,4450,0.01,4706268698.6875
10872,-8568146.625,5345,0.01,4215545909.8125
10873,-14048414.35,6844,0.01,5933839008.78125
10874,-4881942.25,4035,0.01,4850412334.9375
10875,-17143451.124999996,7560,0.01,8191895103.53125
10876,-16280298.35,7367,0.01,9601188334.4375
10877,-13116430.424999999,6613,0.01,9050858963.375
10878,-1495284.975,2234,0.01,3016818711.40625
10879,-17210722.749999996,7575,0.01,8940341958.25
10880,-30744977.724999998,10124,0.01,15124486855.875
10881,-10774192.975,5994,0.01,8895994556.0
10882,-13676913.299999999,6753,0.01,8046231028.3125
10883,-3946976.9250000003,3628,0.01,4967844701.625
10884,-4647630.85,3937,0.01,3276508503.140625
10885,-9244245.225,5552,0.01,3883683465.78125
10886,-1639285.975,2339,0.01,1829673153.40625
10887,-7927867.225,5142,0.01,3720427325.40625
10888,-5917937.85,4442,0.01,3607748357.8125
10889,-9227356.1,5547,0.01,3787681843.765625
10890,-3835889.225,3577,0.01,2934175232.125
10891,-2528929.225,2904,0.01,2607136947.90625
10892,-2138029.125,2670,0.01,2382311612.90625
10893,-3258934.975,3297,0.01,1573476259.375
10894,-7666311.0,5056,0.01,2160422743.9453125
10895,-21204284.049999997,8408,0.01,7268594508.46875
10896,-8371249.675,5283,0.01,9920371053.9375
10897,-1581379.725,2297,0.01,4176594428.25
10898,-2340676.85,2794,0.01,4233802397.59375
10899,-3357708.125,3346,0.01,2640587018.984375
10900,-4812862.75,4006,0.01,2244643089.28125
10901,-10790142.049999999,5998,0.01,3816661952.296875
10902,-7654851.225,5052,0.01,4234943403.5625
10903,-3622502.125,3476,0.01,2816566186.15625
10904,-972621.725,1802,0.01,1659817021.03125
10905,-5151520.75,4145,0.01,2918451090.0625
10906,-4901818.55,4043,0.01,2324164200.421875
10907,-8427141.625,5301,0.01,2984084381.515625
10908,-4490176.125,3870,0.01,2752455680.625
10909,-7937406.25,5145,0.01,3469834213.3125
10910,-10629043.674999999,5953,0.01,4542384947.25
10911,-1675074.85,2364,0.01,2258805518.15625
10912,-13282674.875,6655,0.01,7437457016.71875
10913,-2716326.25,3010,0.01,4124973558.1875
10914,-3868901.225,3592,0.01,3582116073.0
10915,-6216883.05,4553,0.01,4542334110.03125
10916,-9002111.975,5479,0.01,3494735014.78125
10917,-5386722.975,4239,0.01,3393725458.0
10918,-2797740.75,3055,0.01,2165030842.375
10919,-6880168.375,4790,0.01,3246828415.5
10920,-727178.7999999999,1558,0.01,1238778142.59375
10921,-3186325.625,3260,0.01,2355690619.3125
10922,-3678505.4250000003,3503,0.01,2440320187.421875
10923,-2025977.0,2600,0.01,1465072397.875
10924,-4687875.85,3954,0.01,1587555884.859375
10925,-681894.725,1509,0.01,597455223.046875
10926,-7449200.6,4984,0.01,2313273634.625
10927,-3571238.875,3451,0.01,2551157590.4375
10928,-2976936.625,3151,0.01,2049078858.40625
10929,-3102553.475,3217,0.01,2113752308.015625
10930,-2472564.975,2872,0.01,1280289273.71875
10931,-2125709.1750000003,2663,0.01,1056422908.84375
10932,-2139537.975,2672,0.01,990277538.125
10933,-2328693.35,2787,0.01,940360612.875
10934,-1222385.0,2020,0.01,706385470.7109375
10935,-5114674.75,4130,0.01,1287938314.5625
10936,-4640357.35,3934,0.01,1795222602.421875
10937,-8918060.674999999,5453,0.01,2951530069.1875
10938,-3171007.475,3252,0.01,2377223492.71875
10939,-7590785.0,5031,0.01,3364595825.46875
10940,-9968820.25,5765,0.01,4259257618.5625
10941,-12504614.475,6457,0.01,5483797783.03125
10942,-8580455.1,5349,0.01,5695738538.46875
10943,-6027110.3,4483,0.01,4921276427.25
10944,-11994146.049999999,6323,0.01,5712866596.46875
10945,-3878902.475,3597,0.01,3823414212.21875
10946,-15643866.475,7222,0.01,7453734501.9375
10947,-13006797.375,6586,0.01,8421912078.71875
10948,-17842667.849999998,7712,0.01,10849506824.5
10949,-798262.6749999999,1633,0.01,3003416544.5625
10950,-8490764.875,5321,0.01,7262325437.0
10951,-3100354.75,3216,0.01,3998365620.0
10952,-1566564.375,2286,0.01,1703028308.09375
10953,-3507173.625,3420,0.01,1952340018.171875
10954,-17525992.349999998,7644,0.01,5215730016.171875
10955,-2444675.875,2856,0.01,4385332977.0
10956,-2538178.5,2910,0.01,4210039003.0625
10957,-3111424.725,3222,0.01,4558451502.5625
10958,-4426428.6,3842,0.01,2137383673.5625
10959,-6204430.675,4548,0.01,1981892811.890625
10960,-9003573.35,5479,0.01,3298533304.6875
10961,-4737643.625,3975,0.01,2938747982.375
10962,-13856450.35,6797,0.01,5603708155.03125
10963,-4320346.625,3796,0.01,4385676104.625
10964,-8614050.75,5360,0.01,3938470474.921875
10965,-5102935.75,4125,0.01,3314016645.09375
10966,-11886081.125,6295,0.01,4587049420.671875
10967,-1727794.625,2401,0.01,2256786732.4375
10968,-4179002.4250000003,3733,0.01,3543580926.5
10969,-8868364.924999999,5438,0.01,4213650375.734375
10970,-11268956.875,6130,0.01,4907117200.59375
10971,-13863978.225,6799,0.01,6890482756.71875
10972,-11020719.6,6062,0.01,6912260965.90625
10973,-9860644.225,5734,0.01,5888819104.09375
10974,-8755034.299999999,5403,0.01,5786009929.96875
10975,-4230365.75,3756,0.01,3722415711.5
10976,-10920641.1,6034,0.01,5561555420.53125
10977,-10744418.25,5985,0.01,5445597121.65625
10978,-8181097.55,5223,0.01,5648344500.0
10979,-6204876.85,4549,0.01,4587790752.9375
10980,-2739317.3000000003,3023,0.01,2523176565.46875
10981,-13514394.674999999,6713,0.01,5475442331.5
10982,-16414488.174999999,7398,0.01,8165193281.40625
10983,-5392727.0,4241,0.01,6275531484.6875
10984,-5305087.5,4206,0.01,5021999227.875
10985,-7957515.125,5151,0.01,4497607257.421875
10986,-1109929.625,1925,0.01,1798226061.65625
10987,-3533035.5500000003,3433,0.01,2803349726.03125
10988,-2886080.4250000003,3103,0.01,2192381598.78125
10989,-4227385.0,3755,0.01,1755494115.546875
10990,-3815291.975,3567,0.01,1453442167.3125
10991,-15461529.75,7180,0.01,4445887724.65625
10992,-15123256.625,7101,0.01,8068747582.3125
10993,-2539962.5,2911,0.01,4098094678.25
10994,-14614554.625,6981,0.01,5928367684.140625
10995,-9963405.475,5764,0.01,6421580936.90625
10996,-6643654.85,4707,0.01,4891058855.4375
10997,-18579453.75,7871,0.01,7495738757.5625
10998,-9350936.6,5584,0.01,7332136748.46875
10999,-1240567.375,2035,0.01,2487919524.46875
11000,-3665893.1,3497,0.01,4157956178.90625
11001,-3131548.725,3232,0.01,2571875750.0625
11002,-3047019.6750000003,3188,0.01,1782672397.984375
11003,-2696152.85,2999,0.01,1216617977.671875
11004,-13827008.25,6790,0.01,3430525459.671875
11005,-5033446.35,4097,0.01,4716072395.9375
11006,-5266383.0,4191,0.01,4563933872.4375
11007,-5170924.55,4153,0.01,3059910990.390625
11008,-13482903.875,6705,0.01,4447559073.140625
11009,-2485760.25,2880,0.01,3040846539.8125
11010,-5587507.35,4317,0.01,3626952485.53125
11011,-12385353.375,6426,0.01,4771560655.640625
11012,-1921677.475,2532,0.01,2741436908.625
11013,-5729533.625,4371,0.01,3957599038.65625
11014,-5175089.6,4154,0.01,3248500168.296875
11015,-14655797.125,6990,0.01,4793114375.28125
11016,-5375616.85,4234,0.01,4980443073.03125
11017,-3783054.475,3552,0.01,4325057763.59375
11018,-5206383.225,4167,0.01,3667548446.234375
11019,-3034405.625,3181,0.01,1977148196.59375
11020,-16002955.725,7304,0.01,4766333415.078125
11021,-29591835.599999998,9932,0.01,16275008222.5
11022,-17630429.1,7667,0.01,12856013508.59375
11023,-5705370.475,4362,0.01,9857201933.6875
11024,-10195635.875,5831,0.01,10078021385.71875
11025,-2801198.35,3057,0.01,2852671459.015625
11026,-2753805.5,3031,0.01,2135806434.546875
11027,-3942274.25,3626,0.01,1736867903.546875
11028,-3242688.6,3289,0.01,1410691566.09375
11029,-6723831.875,4735,0.01,2162646207.3125
11030,-3032926.75,3181,0.01,2037208276.6875
11031,-11094299.975,6082,0.01,3962210125.6875
11032,-1971016.35,2564,0.01,2572881371.21875
11033,-4884852.5,4036,0.01,3567849760.78125
11034,-5740205.25,4375,0.01,3261029657.109375
11035,-3438954.125,3386,0.01,1820300888.609375
11036,-17194850.374999996,7571,0.01,5621341271.609375
11037,-3227630.375,3281,0.01,4769110411.5
11038,-3918361.0,3615,0.01,3351036539.3125
11039,-6293551.125,4581,0.01,3146674517.90625
11040,-1502375.35,2239,0.01,1445410312.46875
11041,-3962084.875,3635,0.01,2313498330.03125
11042,-1532057.625,2261,0.01,1400352776.53125
11043,-3234893.75,3285,0.01,1600133701.234375
11044,-3973092.25,3640,0.01,1298501464.109375
11045,-899833.7999999999,1733,0.01,695764098.84375
11046,-4460029.35,3857,0.01,1669818834.0625
11047,-1739251.85,2409,0.01,1201849024.71875
11048,-1346308.125,2120,0.01,1074092265.734375
11049,-4254265.1,3767,0.01,1455054934.984375
11050,-2573562.625,2930,0.01,1264322049.1328125
11051,-14671823.475,6994,0.01,4143690005.40625
11052,-3797930.725,3559,0.01,4717348997.625
11053,-18207412.749999996,7791,0.01,9776927398.9375
11054,-12335584.799999999,6413,0.01,7551940533.84375
11055,-2097788.875,2645,0.01,3289895594.125
11056,-2095837.975,2644,0.01,2987708998.0
11057,-5591462.175,4318,0.01,3665504514.765625
11058,-1909579.85,2524,0.01,1614336923.984375
11059,-12004092.625,6326,0.01,3953270667.09375
11060,-14500770.799999999,6953,0.01,7245344850.71875
11061,-5847706.75,4416,0.01,5846743545.125
11062,-3076940.725,3204,0.01,3761924075.96875
11063,-4590078.55,3913,0.01,3760344563.625
11064,-8033574.0,5176,0.01,3318095145.328125
11065,-365979.5,1106,0.01,910824009.1875
11066,-2932710.8000000003,3128,0.01,2531917437.5
11067,-1885513.3,2508,0.01,2082053904.5
11068,-4395969.35,3829,0.01,2969799478.078125
11069,-6123272.225,4519,0.01,2079394448.328125
11070,-12350765.85,6417,0.01,4051237304.65625
11071,-1894142.6,2514,0.01,2654911693.53125
11072,-6896201.25,4796,0.01,5051145550.6875
11073,-4136334.475,3714,0.01,3483599038.21875
11074,-7226701.475,4909,0.01,3216844928.890625
11075,-9884062.75,5741,0.01,4156960791.21875
11076,-26252867.124999996,9355,0.01,10092620016.3125
11077,-1098622.625,1915,0.01,4848563862.0
11078,-6581410.375,4685,0.01,7773842509.25
11079,-2162570.375,2686,0.01,3835479226.28125
11080,-2530290.75,2905,0.01,2146099757.390625
11081,-2396362.725,2827,0.01,1241725687.34375
11082,-1417850.75,2175,0.01,965086941.4375
11083,-4250121.75,3765,0.01,1266421459.0859375
11084,-5167798.125,4151,0.01,1729130400.34375
11085,-15860843.35,7272,0.01,4939826061.4375
11086,-8865404.35,5437,0.01,6884649311.0625
11087,-8164789.05,5218,0.01,6573449884.03125
11088,-5890040.6,4432,0.01,4370862786.9375
11089,-4459898.1,3857,0.01,2832259870.53125
11090,-3920684.75,3616,0.01,2266181447.9375
11091,-7494066.975,4999,0.01,2807957628.6875
11092,-4583880.75,3910,0.01,2616769580.5
11093,-1201978.925,2003,0.01,1592822463.4375
11094,-2539949.875,2911,0.01,2203480639.625
11095,-6455762.875,4640,0.01,2433432948.078125
11096,-1622413.725,2327,0.01,1323943958.09375
11097,-3158023.875,3246,0.01,1531218277.421875
11098,-6114538.25,4516,0.01,1714655240.625
11099,-10548044.625,5931,0.01,3207799876.78125
11100,-2612638.85,2952,0.01,2375081726.25
11101,-12859790.799999999,6548,0.01,4545853300.40625
11102,-39444167.224999994,11467,0.01,17893869922.3125
11103,-28017556.125,9665,0.01,15942590979.875
11104,-3312040.975,3324,0.01,6582431002.0625
11105,-14562489.424999999,6968,0.01,6370751115.671875
11106,-18215465.8,7793,0.01,8993418945.5
11107,-4472710.35,3862,0.01,6461213886.375
11108,-5263329.75,4190,0.01,4762585676.875
11109,-4986779.925,4078,0.01,3256063256.609375
11110,-746635.475,1579,0.01,1027829335.9375
11111,-6238423.5,4561,0.01,2672961933.484375
11112,-3570889.5,3451,0.01,2306522275.03125
11113,-16350866.225,7384,0.01,4981846230.234375
11114,-30171245.224999998,10029,0.01,14279983965.03125
11115,-19557825.875,8075,0.01,14365591223.28125
11116,-3166856.625,3250,0.01,7219931272.09375
11117,-7303318.625,4935,0.01,5136121902.453125
11118,-3351103.3000000003,3343,0.01,2996839458.71875
11119,-5993955.125,4471,0.01,3274104901.6875
11120,-4527568.0,3886,0.01,2788593291.328125
11121,-21295191.624999996,8426,0.01,6971773168.84375
11122,-2319259.6,2782,0.01,4998672768.3125
11123,-9020760.75,5485,0.01,5424489290.34375
11124,-1811220.675,2458,0.01,2622956634.875
11125,-5604175.425,4323,0.01,2899141162.4375
11126,-2673630.75,2986,0.01,1961452720.8125
11127,-4284532.5,3780,0.01,1807995373.90625
11128,-1830748.975,2472,0.01,1130613143.796875
11129,-1198454.0,2000,0.01,778476819.4375
11130,-1892769.8,2513,0.01,1003516864.171875
11131,-6213481.35,4552,0.01,1651460658.7890625
11132,-12192849.625,6376,0.01,3943220356.359375
11133,-2592871.75,2941,0.01,2771184138.03125
11134,-9114364.299999999,5513,0.01,4004610710.359375
11135,-8145409.35,5212,0.01,4263006487.34375
11136,-12361179.875,6420,0.01,4613424671.9375
11137,-15038253.25,7081,0.01,6790282847.125
11138,-5617865.55,4328,0.01,5460157883.3125
11139,-15592717.125,7210,0.01,7224142522.796875
11140,-12727519.6,6514,0.01,7996386937.0
11141,-6173401.475,4537,0.01,6515422745.3125
11142,-21300925.099999998,8427,0.01,10760131570.65625
11143,-5559607.875,4306,0.01,8092445058.5625
11144,-39769943.849999994,11514,0.01,21122240641.15625
11145,-7262404.0,4921,0.01,10250263540.875
11146,-10165269.6,5822,0.01,12803829863.59375
11147,-7227002.6,4909,0.01,5173463266.6875
11148,-11785791.1,6269,0.01,5521737997.5625
11149,-8740910.225,5399,0.01,5683646879.53125
11150,-1947591.225,2549,0.01,2692972940.75
11151,-307644.1,1014,0.01,1324839421.625
11152,-8817293.475,5422,0.01,4827373846.71875
11153,-4362174.85,3814,0.01,3589643147.625
11154,-22516659.849999998,8664,0.01,7892979517.984375
11155,-24340734.424999997,9008,0.01,19008508465.9375
11156,-4814952.225,4007,0.01,7869934667.625
11157,-2123367.875,2661,0.01,5736848041.5625
11158,-5751106.725,4379,0.01,6929471391.921875
11159,-9533244.049999999,5638,0.01,3950036771.515625
11160,-5567885.6,4309,0.01,3802182093.0
11161,-9120244.625,5515,0.01,3679157031.390625
11162,-5124557.85,4134,0.01,3135335965.625
11163,-5149422.1,4144,0.01,2752855604.640625
11164,-8080052.75,5191,0.01,3155889243.8125
11165,-1965968.875,2561,0.01,1758048406.015625
11166,-1308857.75,2090,0.01,1507260062.65625
11167,-47913713.05,12638,0.01,20102761528.515625
11168,-5889183.975,4432,0.01,9981047516.375
11169,-3283278.85,3309,0.01,15409314988.75
11170,-3861223.725,3589,0.01,8921267265.21875
11171,-3657957.1750000003,3493,0.01,3176218604.546875
11172,-7222054.55,4908,0.01,3067388787.578125
11173,-4386941.375,3825,0.01,2722133205.28125
11174,-11711851.85,6249,0.01,3981486006.84375
11175,-19957312.224999998,8157,0.01,8513665004.5
11176,-3343704.975,3339,0.01,6718386190.25
11177,-8584181.875,5350,0.01,9476198693.4375
11178,-6428995.125,4630,0.01,4899098210.8125
11179,-7747339.675,5083,0.01,3992546781.40625
11180,-2601355.75,2946,0.01,2221070793.90625
11181,-9327911.1,5577,0.01,4263528175.5
11182,-7168071.1,4889,0.01,4265314264.625
11183,-5260731.8,4188,0.01,3336807801.9375
11184,-10812210.725,6004,0.01,4782944503.59375
11185,-7475756.175,4993,0.01,4593894825.3125
11186,-10613790.725,5949,0.01,5212903655.25
11187,-1537781.625,2265,0.01,2241926655.59375
11188,-2924333.1750000003,3123,0.01,3060835359.0
11189,-8986870.6,5474,0.01,3567591853.703125
11190,-12068784.924999999,6343,0.01,5065424338.0
11191,-3412749.725,3374,0.01,3605084883.40625
11192,-10810269.975,6004,0.01,5666824325.34375
11193,-2832363.35,3074,0.01,2870175133.3125
11194,-16296108.125,7371,0.01,5231790164.734375
11195,-1073528.675,1893,0.01,2610487527.75
11196,-8735496.1,5397,0.01,6827722401.125
11197,-3776181.6,3549,0.01,4000264084.78125
11198,-7271379.1,4924,0.01,2664940417.109375
11199,-3775169.3000000003,3548,0.01,2244271758.6875
11200,-7255826.55,4918,0.01,2483758768.609375
11201,-4247025.6,3764,0.01,2504882108.875
11202,-2543585.6750000003,2913,0.01,1795640509.484375
11203,-9630953.975,5667,0.01,2868269092.8125
11204,-3127266.625,3230,0.01,2648949901.5625
11205,-1517131.375,2250,0.01,1857359831.625
11206,-4000815.0500000003,3653,0.01,2692536249.453125
11207,-2298163.975,2769,0.01,1118643214.21875
11208,-1761342.35,2424,0.01,985897055.109375
11209,-4557117.6,3899,0.01,1378151325.3828125
11210,-9155203.125,5525,0.01,2665255717.34375
11211,-3849615.8000000003,3583,0.01,2571650719.9375
11212,-7539827.85,5014,0.01,3652806743.65625
11213,-10355337.5,5876,0.01,4467720264.4375
11214,-751560.35,1584,0.01,1392800711.0625
11215,-58202676.474999994,13929,0.01,27571601716.21875
11216,-4662862.675,3943,0.01,12105254961.5
11217,-15373828.475,7159,0.01,18848383855.625
11218,-19169967.875,7995,0.01,9510244017.125
11219,-2641911.6,2969,0.01,5168830624.375
11220,-4557276.975,3899,0.01,3013616596.859375
11221,-2198118.0500000003,2708,0.01,1436771201.40625
11222,-1307645.1,2089,0.01,934163677.8125
11223,-9205261.375,5540,0.01,2568885315.0
11224,-6376340.875,4611,0.01,3818182465.21875
11225,-2360483.0,2806,0.01,2213270088.5625
11226,-8727243.875,5395,0.01,4389984564.84375
11227,-5461721.55,4268,0.01,3555480279.5
11228,-19945987.875,8155,0.01,7703739879.75
11229,-2018159.25,2595,0.01,4703472830.4375
11230,-17736562.25,7690,0.01,14816571227.5
11231,-6893818.375,4795,0.01,6241911769.5625
11232,-3667688.5500000003,3498,0.01,4853256797.625
11233,-5025872.1,4094,0.01,3873967126.03125
11234,-3546330.225,3439,0.01,2256237296.40625
11235,-14912202.625,7051,0.01,4579145541.265625
11236,-9620397.725,5664,0.01,6161387270.65625
11237,-18813323.75,7920,0.01,9220111477.21875
11238,-5239288.75,4180,0.01,6483889789.65625
11239,-10840070.6,6012,0.01,9949244576.4375
11240,-9995127.424999999,5773,0.01,5853483292.875
11241,-683580.25,1511,0.01,1625295509.59375
11242,-14936800.975,7057,0.01,8447909589.09375
11243,-7421371.85,4974,0.01,6827412295.5625
11244,-9091279.625,5505,0.01,5933096580.8125
11245,-11180973.5,6105,0.01,5581660736.09375
11246,-14123943.35,6862,0.01,7650907299.09375
11247,-15231541.5,7126,0.01,8581292494.125
11248,-10395552.975,5887,0.01,7976461567.46875
11249,-5599615.25,4321,0.01,6291923229.3125
11250,-9228420.725,5547,0.01,4885874242.5
11251,-4424573.875,3841,0.01,3433392590.15625
11252,-5299373.6,4204,0.01,3078354301.75
11253,-1513035.85,2247,0.01,1552608919.90625
11254,-3684476.625,3506,0.01,1601878146.546875
11255,-1898854.1,2517,0.01,1032874474.4609375
11256,-6155389.625,4531,0.01,1703743917.296875
11257,-13364134.5,6675,0.01,4305271780.671875
11258,-10039537.625,5786,0.01,6169605782.15625
11259,-19392001.125,8041,0.01,9493211155.84375
11260,-4165200.6,3727,0.01,6093194487.5
11261,-2712607.0500000003,3008,0.01,3760904230.1875
11262,-18668374.849999998,7889,0.01,7694015036.546875
11263,-18799893.1,7917,0.01,11496426489.8125
11264,-5204216.625,4166,0.01,7543191330.3125
11265,-23187883.724999998,8792,0.01,14812572451.34375
11266,-8229469.675,5238,0.01,8556157082.3125
11267,-10649263.225,5959,0.01,10458590951.75
11268,-5010962.8,4088,0.01,4354772451.5
11269,-2869637.1,3094,0.01,2288457736.375
11270,-5867624.675,4423,0.01,2633418125.0625
11271,-3815574.225,3567,0.01,2159037235.40625
11272,-10824896.924999999,6008,0.01,3689862679.96875
11273,-10192193.875,5830,0.01,5210285248.71875
11274,-5872332.125,4425,0.01,4475505505.0
11275,-12436550.6,6439,0.01,5850573193.34375
11276,-16845648.599999998,7494,0.01,7834524897.6875
11277,-14364165.75,6920,0.01,9686834354.78125
11278,-4085599.75,3691,0.01,6543975405.0
11279,-9600237.174999999,5658,0.01,8195633820.125
11280,-6027439.55,4483,0.01,4299143926.4375
11281,-8859841.125,5435,0.01,4405223439.53125
11282,-7752740.5,5085,0.01,4094516275.3125
11283,-1202183.425,2003,0.01,1693907121.53125
11284,-2426885.125,2845,0.01,2985659781.03125
11285,-6878939.475,4789,0.01,4086798364.625
11286,-1857459.475,2489,0.01,1845831507.875
11287,-6911677.625,4801,0.01,3064096424.203125
11288,-1084996.425,1903,0.01,1554538633.46875
11289,-2248249.35,2739,0.01,1615412108.46875
11290,-6184648.75,4541,0.01,2059984603.375
11291,-847625.6,1682,0.01,972503734.53125
11292,-2793732.0500000003,3053,0.01,1583424624.15625
11293,-2569031.475,2927,0.01,1356785770.03125
11294,-1914531.1,2527,0.01,1144534777.578125
11295,-7383319.725,4962,0.01,1600282358.9765625
11296,-5704746.1,4362,0.01,2572123492.125
11297,-2369951.6,2812,0.01,1695672204.828125
11298,-2635425.125,2965,0.01,1498130202.671875
11299,-8896180.25,5446,0.01,2261916373.828125
11300,-7840776.05,5113,0.01,3843364217.78125
11301,-7101509.875,4866,0.01,3450777316.4375
11302,-5372458.425,4233,0.01,2819525629.09375
11303,-12773198.125,6526,0.01,4459153764.796875
11304,-2897706.6,3109,0.01,3175492958.375
11305,-12550443.85,6469,0.01,7127312996.71875
11306,-2046674.05,2613,0.01,3184221133.875
11307,-3736303.375,3530,0.01,3442664797.75
11308,-3850627.5500000003,3583,0.01,3119972588.5
11309,-23690990.224999998,8887,0.01,7083038514.515625
11310,-6312335.8,4588,0.01,7385272826.0625
11311,-7883157.6,5127,0.01,5059569028.90625
11312,-19274897.874999996,8016,0.01,7492960129.875
11313,-2262520.475,2747,0.01,4914548818.8125
11314,-7539585.475,5014,0.01,9340557985.8125
11315,-4528750.625,3886,0.01,5172794463.53125
11316,-22271082.725,8617,0.01,8427969569.0
11317,-2485623.375,2880,0.01,5450426667.1875
11318,-8379706.125,5286,0.01,7945350835.625
11319,-4158302.35,3724,0.01,4134049928.96875
11320,-11210248.475,6114,0.01,4030079213.53125
11321,-11246672.85,6124,0.01,5282238941.15625
11322,-14043037.549999999,6843,0.01,6618954019.5625
11323,-10456140.375,5905,0.01,6828943493.53125
11324,-5087106.225,4119,0.01,5522954211.1875
11325,-10464171.85,5907,0.01,6093142503.125
11326,-11756322.375,6261,0.01,5808045011.71875
11327,-18302614.499999996,7811,0.01,8817839813.9375
11328,-29935156.0,9990,0.01,16850708797.375
11329,-3989811.3000000003,3648,0.01,7878153176.4375
11330,-22789735.85,8717,0.01,22734712054.25
11331,-10609035.725,5947,0.01,12616251940.3125
11332,-12520836.625,6461,0.01,11475692222.65625
11333,-6658939.35,4712,0.01,6134261321.28125
11334,-7470606.125,4991,0.01,6279366972.90625
11335,-8228415.05,5238,0.01,4505120231.21875
11336,-3850915.35,3584,0.01,3317946764.75
11337,-16593290.924999999,7438,0.01,7030113595.484375
11338,-8888308.725,5444,0.01,7371375997.15625
11339,-3396323.125,3366,0.01,5427773513.8125
11340,-2390636.6,2824,0.01,2943893494.828125
11341,-4961998.675,4068,0.01,3069753269.890625
11342,-9255151.875,5555,0.01,3150291302.390625
11343,-1568783.675,2288,0.01,1837632778.15625
11344,-3592394.1,3462,0.01,3037170173.84375
11345,-3268093.1,3302,0.01,2714685468.15625
11346,-5964682.75,4460,0.01,1997804333.734375
11347,-2079828.725,2634,0.01,1368084665.84375
11348,-7488283.1,4997,0.01,2864040875.640625
11349,-10990237.424999999,6053,0.01,4608367968.21875
11350,-11241139.975,6122,0.01,6065456479.375
11351,-6935828.225,4809,0.01,5652676186.34375
11352,-8291704.925,5258,0.01,5521855320.34375
11353,-49433849.474999994,12837,0.01,20481588302.15625
11354,-234019.74999999997,885,0.01,2580360321.25
11355,-5291994.75,4201,0.01,13926519499.4375
11356,-4768038.3,3988,0.01,11462883425.21875
11357,-6263017.625,4570,0.01,4565567959.46875
11358,-1409290.975,2169,0.01,1442866506.75
11359,-19870938.0,8140,0.01,6300531861.859375
11360,-30598086.0,10100,0.01,15519508657.5
11361,-7484780.25,4996,0.01,8134261815.0625
11362,-9650966.674999999,5673,0.01,6941073506.1875
11363,-3624146.1,3477,0.01,3237410965.125
11364,-4893884.625,4040,0.01,2547145979.90625
11365,-3195189.475,3264,0.01,1851250789.609375
11366,-4786255.625,3995,0.01,2089298387.953125
11367,-3223731.975,3279,0.01,1878013478.421875
11368,-7428194.35,4977,0.01,2671528233.5
11369,-2805548.6,3059,0.01,2090312184.5
11370,-2873262.875,3096,0.01,1881877969.734375
11371,-2690953.0,2996,0.01,1455269369.359375
11372,-2822859.35,3069,0.01,1208274768.9765625
11373,-3612041.875,3471,0.01,1177776885.921875
11374,-8729313.375,5395,0.01,2234111209.484375
11375,-10268302.875,5851,0.01,4475787780.75
11376,-3129621.125,3231,0.01,3012559125.78125
11377,-14935622.475,7057,0.01,6979663747.625
11378,-18754153.724999998,7907,0.01,9758583073.34375
11379,-1761719.475,2424,0.01,4609130413.25
11380,-8475794.125,5316,0.01,4639890234.125
11381,-924559.85,1757,0.01,1617088150.15625
11382,-5435881.8,4258,0.01,3171825696.8125
11383,-5721952.425,4368,0.01,2805631609.09375
11384,-1080699.85,1899,0.01,1144653271.46875
11385,-7775700.725,5092,0.01,2843745886.859375
11386,-3678806.8000000003,3503,0.01,2535896945.96875
11387,-6188865.55,4543,0.01,2457704965.09375
11388,-3189559.975,3262,0.01,1821103793.25
11389,-8309352.475,5264,0.01,2706424842.25
11390,-3404806.25,3370,0.01,2429188485.46875
11391,-3490642.6,3412,0.01,2162806657.84375
11392,-2273510.975,2754,0.01,1500281114.171875
11393,-7990033.625,5161,0.01,2333514242.9765625
11394,-4473076.6,3862,0.01,2748162420.9375
11395,-6328745.1,4594,0.01,3216676007.71875
11396,-4842556.55,4018,0.01,2999349512.59375
11397,-1071557.0,1891,0.01,1381226857.3125
11398,-2137183.25,2670,0.01,1911047708.1875
11399,-3103936.1750000003,3218,0.01,1879122798.75
11400,-3085764.5500000003,3208,0.01,1373768892.875
11401,-3270495.9250000003,3303,0.01,1295740244.78125
11402,-6740480.875,4741,0.01,1868423765.59375
11403,-3402923.1,3369,0.01,1961871555.921875
11404,-1986549.225,2574,0.01,1544528483.90625
11405,-2575119.375,2931,0.01,1653042787.203125
11406,-1265089.875,2055,0.01,882817616.2265625
11407,-3165434.725,3249,0.01,1207043846.546875
11408,-8844610.375,5431,0.01,2253101057.75
11409,-7371554.55,4958,0.01,3766066431.0
11410,-1110447.125,1925,0.01,1485926190.9375
11411,-50181708.099999994,12934,0.01,21253108978.625
11412,-2611243.25,2951,0.01,7160068029.9375
11413,-12525911.6,6462,0.01,20606351148.71875
11414,-3937336.35,3624,0.01,5368481686.78125
11415,-19691498.349999998,8102,0.01,9799177301.4375
11416,-5532846.5,4295,0.01,6450505420.40625
11417,-9656602.85,5674,0.01,9530428800.375
11418,-15724539.75,7241,0.01,6943642622.9375
11419,-1232242.425,2028,0.01,3182803613.625
11420,-11079640.049999999,6078,0.01,6308206046.90625
11421,-4036182.1,3669,0.01,4445925979.40625
11422,-3693331.125,3510,0.01,2838272336.40625
11423,-10781164.5,5996,0.01,3791180869.625
11424,-3527950.5,3430,0.01,3079668237.125
11425,-5719929.425,4368,0.01,3498923871.6875
11426,-2617497.75,2955,0.01,2219136367.140625
11427,-12971435.75,6576,0.01,4459725400.3125
11428,-7219194.1,4907,0.01,5070909134.78125
11429,-5862448.725,4422,0.01,4405623575.21875
11430,-3296009.5,3316,0.01,2288752679.625
11431,-12450037.174999999,6443,0.01,4542052219.390625
11432,-5899660.875,4436,0.01,4363395704.9375
11433,-6537299.6,4669,0.01,3130912830.234375
11434,-10215183.0,5836,0.01,3880969236.734375
11435,-8655509.975,5372,0.01,4573038046.71875
11436,-14327349.225,6912,0.01,6901032140.46875
11437,-3650120.475,3489,0.01,4666308258.125
11438,-12934050.35,6567,0.01,8343233592.0
11439,-1862621.05,2493,0.01,3041837530.71875
11440,-7510285.75,5005,0.01,5153497896.96875
11441,-5839864.3,4413,0.01,3977345346.0
11442,-4752829.5,3981,0.01,2506772272.9375
11443,-7373129.675,4958,0.01,3000229715.6875
11444,-3556486.1,3444,0.01,2385414949.90625
11445,-10810186.475,6004,0.01,4561628260.5
11446,-1569226.175,2288,0.01,2202572514.40625
11447,-3243006.475,3289,0.01,2590592717.09375
11448,-2883476.125,3101,0.01,1788029242.96875
11449,-5940403.75,4450,0.01,2017877804.75
11450,-5127451.125,4135,0.01,2154075005.9375
11451,-11994374.475,6324,0.01,3917053963.359375
11452,-8227516.3,5238,0.01,4839282006.4375
11453,-4721017.05,3968,0.01,3355194103.4375
11454,-7179161.175,4893,0.01,3656536767.5
11455,-14680006.625,6996,0.01,5208520202.34375
11456,-7922986.125,5140,0.01,6293932968.0
11457,-3825439.35,3572,0.01,4008694831.15625
11458,-5005725.875,4086,0.01,3560883808.0
11459,-5070293.475,4112,0.01,2776384130.03125
11460,-4633175.0,3931,0.01,2342504479.46875
11461,-1778787.75,2436,0.01,1554688098.25
11462,-7418021.425,4973,0.01,2717716321.421875
11463,-13164382.25,6625,0.01,4989413038.53125
11464,-20074503.125,8181,0.01,9339944912.96875
11465,-15100723.25,7096,0.01,9950120644.1875
11466,-4716550.125,3966,0.01,6476927111.25
11467,-2471378.25,2871,0.01,3579312597.0625
11468,-6628128.125,4701,0.01,4565618097.734375
11469,-4596113.75,3915,0.01,3003362148.890625
11470,-11883741.125,6295,0.01,4805354170.203125
11471,-10242090.975,5844,0.01,5581889128.4375
11472,-1660776.6,2354,0.01,2555368555.15625
11473,-1046356.1749999999,1868,0.01,2349224801.03125
11474,-5818316.375,4405,0.01,4058319643.9375
11475,-10809225.174999999,6003,0.01,4001823555.953125
11476,-15436948.35,7174,0.01,6245098116.5625
11477,-4366641.625,3816,0.01,5815577075.0625
11478,-4203776.35,3744,0.01,5642162531.3125
11479,-4055962.6750000003,3678,0.01,4339735787.09375
11480,-9635080.424999999,5668,0.01,3691121076.796875
11481,-12582215.85,6477,0.01,5662761326.84375
11482,-3827761.3000000003,3573,0.01,4107958371.25
11483,-3915732.35,3614,0.01,4141708276.65625
11484,-4586467.25,3911,0.01,3529453871.5
11485,-6012260.175,4478,0.01,2143461919.28125
11486,-1162523.625,1970,0.01,1154395267.421875
11487,-24877034.099999998,9107,0.01,9650590556.484375
11488,-5316801.0,4211,0.01,7243449263.625
11489,-6116305.375,4516,0.01,4764621764.75
11490,-13628426.5,6741,0.01,5755019901.21875
11491,-4304871.725,3789,0.01,4375862908.03125
11492,-7843639.85,5114,0.01,4324334979.5
11493,-8243263.8,5243,0.01,4299938816.5
11494,-3517842.625,3425,0.01,3050308398.59375
11495,-26579360.799999997,9413,0.01,11233252225.46875
11496,-1518609.5,2251,0.01,5056597162.75
11497,-20283064.174999997,8223,0.01,24209539944.75
11498,-9499294.674999999,5628,0.01,9832497633.6875
11499,-2826764.75,3071,0.01,5234005777.3125
11500,-8705751.049999999,5388,0.01,4919741180.921875
11501,-9918302.25,5751,0.01,4928491245.75
11502,-3069771.5,3200,0.01,2870636109.0625
11503,-3829259.725,3574,0.01,3361983449.34375
11504,-5352578.0,4225,0.01,3032109653.203125
11505,-10295315.725,5859,0.01,3729095180.53125
11506,-5458981.725,4267,0.01,3777368499.53125
11507,-10091935.0,5801,0.01,5241835750.9375
11508,-1137808.35,1949,0.01,1634972414.3125
11509,-520671.475,1319,0.01,1088743880.28125
11510,-14022228.174999999,6838,0.01,5083907310.4375
11511,-9857027.924999999,5733,0.01,6168284106.4375
11512,-2021847.85,2597,0.01,2516934821.4375
11513,-2350579.25,2800,0.01,2724644181.75
11514,-2978936.35,3152,0.01,2404520238.0625
11515,-10611550.174999999,5948,0.01,3359145197.90625
11516,-18259453.724999998,7802,0.01,7666735266.3125
11517,-3203963.975,3269,0.01,5536956170.0625
11518,-10578823.85,5939,0.01,10160883317.875
11519,-4284324.5,3780,0.01,4336284384.09375
11520,-2575532.875,2931,0.01,2466279955.34375
11521,-948266.975,1779,0.01,1446102335.59375
11522,-3965657.35,3637,0.01,1985289568.265625
11523,-3628218.475,3479,0.01,1574578342.5625
11524,-2993408.375,3160,0.01,1395345459.71875
11525,-16418479.975,7399,0.01,4831250144.75
11526,-10941665.875,6040,0.01,7522811228.65625
11527,-1619778.375,2325,0.01,3929326740.9375
11528,-12921669.475,6564,0.01,7605553683.28125
11529,-2375879.125,2815,0.01,3680497297.0625
11530,-6296683.35,4582,0.01,3344231253.828125
11531,-18484680.249999996,7850,0.01,6253195886.90625
11532,-11272678.5,6131,0.01,7883086331.21875
11533,-2642673.725,2969,0.01,4550614147.9375
11534,-3125811.85,3229,0.01,4036824919.40625
11535,-2517748.9250000003,2898,0.01,3474892132.6875
11536,-7541026.0,5015,0.01,2955484203.984375
11537,-12671357.25,6500,0.01,4913136612.5625
11538,-4274756.625,3776,0.01,4198815159.96875
11539,-1962083.85,2559,0.01,2589440658.375
11540,-11502008.799999999,6193,0.01,5477306538.828125
11541,-8718811.225,5392,0.01,5193581939.84375
11542,-4309703.25,3791,0.01,3284065763.3125
11543,-21295076.375,8426,0.01,8781371951.765625
11544,-20534949.849999998,8274,0.01,13830568590.90625
11545,-6218748.975,4554,0.01,8621979790.5625
11546,-9959994.299999999,5763,0.01,5618055718.859375
11547,-17100571.25,7551,0.01,7440379608.09375
11548,-11193250.6,6109,0.01,8163421454.9375
11549,-1670666.5,2361,0.01,3242965174.875
11550,-1851882.375,2486,0.01,3335768898.65625
11551,-702811.725,1532,0.01,2014703419.5
11552,-3325927.875,3331,0.01,3936652417.546875
11553,-4338770.35,3804,0.01,1656592705.0390625
11554,-2681412.875,2991,0.01,1401833100.46875
11555,-9552346.475,5644,0.01,2809521895.5
11556,-18176563.974999998,7784,0.01,7069463421.09375
11557,-28600500.375,9765,0.01,15450535746.0
11558,-3491726.6750000003,3413,0.01,7455358580.5
11559,-15276685.85,7137,0.01,15916996592.71875
11560,-12524817.85,6462,0.01,8877181413.625
11561,-3651425.5,3490,0.01,5074511990.625
11562,-3688813.6750000003,3508,0.01,3609312809.40625
11563,-5773197.925,4388,0.01,3867913705.125
11564,-3616557.3000000003,3473,0.01,2345042767.75
11565,-18101954.1,7769,0.01,6290100909.875
11566,-3549735.625,3441,0.01,5485294957.3125
11567,-6026699.05,4483,0.01,6946547293.0
11568,-3131997.1,3232,0.01,3826732379.6875
11569,-4033619.0500000003,3668,0.01,2121936748.0
11570,-5370209.35,4232,0.01,2094657766.390625
11571,-8133974.05,5208,0.01,2728626347.765625
11572,-13960965.225,6822,0.01,5642936981.96875
11573,-9355556.875,5585,0.01,6011593743.0
11574,-13368646.6,6677,0.01,7634960698.4375
11575,-1976281.05,2568,0.01,3091576565.5625
11576,-3158843.125,3246,0.01,3236058004.09375
11577,-5899354.625,4435,0.01,2726070497.34375
11578,-3919172.5,3615,0.01,1907554909.203125
11579,-12707794.975,6509,0.01,4064004401.078125
11580,-4968407.625,4071,0.01,4141126968.875
11581,-4447372.0,3851,0.01,2487381218.53125
11582,-6458098.875,4640,0.01,2545496167.140625
11583,-6048611.875,4491,0.01,2643420535.28125
11584,-10787641.1,5997,0.01,3897972759.953125
11585,-14908797.25,7050,0.01,6833479588.53125
11586,-7898187.6,5132,0.01,7259898105.0625
11587,-14121721.475,6862,0.01,8078475789.25
11588,-19137608.55,7988,0.01,9827174181.84375
11589,-7020367.175,4838,0.01,7454654015.84375
11590,-17369528.875,7610,0.01,10742402229.875
11591,-4541996.725,3892,0.01,5989040060.6875
11592,-9573533.875,5650,0.01,7762581556.0625
11593,-4901770.55,4043,0.01,3658789387.9375
11594,-2330333.8000000003,2788,0.01,2318354242.125
11595,-14957964.725,7062,0.01,5844618899.328125
11596,-6676398.6,4719,0.01,5643117608.25
11597,-1364510.225,2134,0.01,2362337458.125
11598,-2814684.975,3064,0.01,3351720138.78125
11599,-4700178.35,3959,0.01,2558132475.890625
11600,-1447690.425,2198,0.01,1167676694.96875
11601,-16501169.1,7417,0.01,5116668863.03125
11602,-2999469.3000000003,3163,0.01,4624779230.8125
11603,-5770258.225,4387,0.01,5682688978.5
11604,-7884713.425,5128,0.01,4821118808.625
11605,-7674955.475,5059,0.01,3800193342.0625
11606,-14883532.35,7044,0.01,5612842244.8125
11607,-10578026.225,5939,0.01,7346327500.0625
11608,-5352817.625,4225,0.01,5211028519.9375
11609,-1360052.625,2130,0.01,2261956446.125
11610,-15152647.674999999,7108,0.01,6696555524.78125
11611,-1756508.25,2421,0.01,3731842354.0
11612,-3659998.6,3494,0.01,3390190372.28125
11613,-5491199.225,4279,0.01,2255857265.140625
11614,-4764187.125,3986,0.01,2090888131.5625
11615,-11535538.475,6202,0.01,3980660646.59375
11616,-5500144.175,4283,0.01,4136340587.0625
11617,-3158841.0,3246,0.01,2871127263.75
11618,-4166892.1750000003,3728,0.01,2948399463.34375
11619,-2097699.625,2645,0.01,1482920638.921875
11620,-2674808.6,2987,0.01,1304500609.765625
11621,-1658294.225,2352,0.01,928358529.703125
11622,-3829442.725,3574,0.01,1106320623.875
11623,-6726994.875,4736,0.01,2010697104.765625
11624,-6323298.85,4592,0.01,2780108430.96875
11625,-5254578.625,4186,0.01,2676531542.875
11626,-6680513.25,4720,0.01,2942074016.78125
11627,-5287043.975,4199,0.01,2892008820.28125
11628,-10306843.475,5862,0.01,4141167433.25
11629,-3447546.0,3391,0.01,3220841060.65625
11630,-19802293.249999996,8125,0.01,8413366911.5
11631,-11034142.625,6065,0.01,9320480526.4375
11632,-7109292.35,4869,0.01,7328761630.625
11633,-13120431.975,6614,0.01,6115442551.1875
11634,-12957356.299999999,6573,0.01,7692047006.8125
11635,-6497974.0,4655,0.01,6207184084.4375
11636,-21810554.474999998,8527,0.01,9426318137.21875
11637,-17260194.125,7586,0.01,12800265543.71875
11638,-8867726.049999999,5438,0.01,9112496763.3125
11639,-7283430.05,4928,0.01,7822335937.59375
11640,-16994714.599999998,7527,0.01,7175454106.40625
11641,-6688680.05,4723,0.01,6563852999.28125
11642,-4069026.975,3684,0.01,5426201710.90625
11643,-2748168.6750000003,3028,0.01,2730708836.171875
11644,-23569687.625,8865,0.01,7970135609.515625
11645,-16739868.375,7471,0.01,11186695276.5
11646,-3759284.125,3541,0.01,7581822128.5625
11647,-4658931.35,3942,0.01,6064716319.375
11648,-3303679.0,3320,0.01,4153899318.703125
11649,-4065243.725,3682,0.01,2344388528.125
11650,-9475778.625,5621,0.01,3404504903.9375
11651,-1810245.3,2458,0.01,2009668653.90625
11652,-6630630.35,4702,0.01,3460954793.4375
11653,-1272444.25,2061,0.01,1809797413.0625
11654,-3705465.5,3516,0.01,1788377659.421875
11655,-1515612.85,2249,0.01,834720230.125
11656,-4528105.75,3886,0.01,1378718250.484375
11657,-14655476.375,6990,0.01,4146363803.15625
11658,-5809365.475,4402,0.01,4945462822.4375
11659,-821532.625,1656,0.01,1359595390.0625
11660,-8667497.375,5376,0.01,3311615923.953125
11661,-1780393.6,2437,0.01,2018091913.28125
11662,-14400244.725,6929,0.01,6572980996.3125
11663,-3751022.475,3537,0.01,4381010190.4375
11664,-3855620.75,3586,0.01,2395249061.234375
11665,-9585099.424999999,5653,0.01,3342139096.21875
11666,-23242512.55,8803,0.01,9079767965.5
11667,-8870770.975,5439,0.01,8241430223.1875
11668,-6539125.375,4670,0.01,6666648091.5
11669,-15833080.25,7266,0.01,6504332828.28125
11670,-14502861.6,6954,0.01,8180936822.59375
11671,-11712192.475,6249,0.01,7680279841.15625
11672,-9297935.174999999,5568,0.01,6795530146.875
11673,-9191059.75,5536,0.01,5767445651.84375
11674,-18281661.974999998,7807,0.01,7687795015.84375
11675,-12284238.25,6400,0.01,8883763418.4375
11676,-13107125.625,6611,0.01,7220780258.78125
11677,-11802457.799999999,6273,0.01,6929978739.0
11678,-1848049.175,2483,0.01,2811819778.8125
11679,-4097243.6,3697,0.01,4358202090.03125
11680,-2020208.5,2596,0.01,2770554466.9375
11681,-8192788.475,5227,0.01,3039744360.5625
11682,-4666552.375,3945,0.01,2912220349.875
11683,-4674797.55,3948,0.01,2535551859.765625
11684,-5265251.375,4190,0.01,2437967783.59375
11685,-11874295.225,6292,0.01,4071061313.234375
11686,-7301912.6,4934,0.01,4539175067.40625
11687,-10241777.674999999,5843,0.01,5848302643.125
11688,-16572631.674999999,7433,0.01,7127158965.03125
11689,-6482488.225,4649,0.01,6759697573.875
11690,-7376692.0,4960,0.01,7235880378.3125
11691,-2856312.225,3087,0.01,2795873019.875
11692,-6127919.0,4521,0.01,3377433289.296875
11693,-5629599.175,4333,0.01,2776634677.46875
11694,-23238832.099999998,8802,0.01,7912493996.03125
11695,-6500869.25,4656,0.01,7328579870.09375
11696,-10397249.549999999,5888,0.01,11767944530.34375
11697,-10064720.049999999,5793,0.01,5770945823.3125
11698,-13024548.0,6590,0.01,6858077058.15625
11699,-1641228.5,2340,0.01,2873891651.125
11700,-13923489.35,6814,0.01,8469457683.15625
11701,-1293725.175,2078,0.01,3341103518.625
11702,-1261879.725,2052,0.01,2745072773.1875
11703,-7922801.125,5140,0.01,5257224396.484375
11704,-1601474.6,2312,0.01,1909530361.28125
11705,-8619212.0,5361,0.01,2992308354.46875
11706,-12766756.35,6524,0.01,4931909079.4375
11707,-9669830.299999999,5678,0.01,6638157701.28125
11708,-5642836.675,4338,0.01,4979023801.21875
11709,-14258624.125,6895,0.01,5779628452.34375
11710,-1956862.625,2555,0.01,3086277297.59375
11711,-5328903.75,4215,0.01,5725943968.125
11712,-18239008.549999997,7798,0.01,8128085796.96875
11713,-1896277.0,2515,0.01,4393181200.0625
11714,-15659696.125,7226,0.01,9969278529.28125
11715,-14691677.35,6999,0.01,8575417818.0
11716,-13937906.225,6817,0.01,8261828064.90625
11717,-6637257.225,4704,0.01,6420518924.75
11718,-7794033.425,5098,0.01,5807627577.09375
11719,-21666700.224999998,8499,0.01,8626076762.8125
11720,-3610181.125,3470,0.01,6180541212.5625
11721,-4316332.35,3794,0.01,8067568680.625
11722,-4247535.85,3764,0.01,6253100349.15625
11723,-6249730.375,4565,0.01,2882927845.5
11724,-3350123.9250000003,3343,0.01,2099864851.84375
11725,-6528794.875,4666,0.01,2622999854.75
11726,-1127621.875,1940,0.01,1425163624.90625
11727,-5684346.975,4354,0.01,2564449576.53125
11728,-4490588.375,3870,0.01,2692004817.15625
11729,-7109447.725,4869,0.01,2518328707.421875
11730,-6710872.375,4731,0.01,2855927453.875
11731,-2763374.625,3036,0.01,1836425147.296875
11732,-3100389.5,3216,0.01,1796267217.6875
11733,-565728.875,1375,0.01,579641933.296875
11734,-12559959.875,6471,0.01,3622353463.078125
11735,-4111335.6750000003,3703,0.01,4237295281.53125
11736,-19152445.0,7991,0.01,6580933939.59375
11737,-5258395.675,4188,0.01,6024354248.21875
11738,-5916905.6,4442,0.01,3718453992.65625
11739,-7292987.875,4931,0.01,3612095049.984375
11740,-7941287.0,5146,0.01,3743228267.0625
11741,-6411482.6,4624,0.01,3354857529.34375
11742,-9107520.375,5511,0.01,4339408828.5625
11743,-2357153.85,2804,0.01,2633619098.3125
11744,-3299583.975,3317,0.01,3221938287.40625
11745,-1456186.1,2204,0.01,2203887358.625
11746,-14883501.475,7044,0.01,5584547562.3125
11747,-15233667.975,7127,0.01,8411004592.71875
11748,-8255777.975,5247,0.01,7729974201.65625
11749,-2065623.875,2625,0.01,4108951729.375
11750,-18382032.35,7829,0.01,8914011153.1875
11751,-1477991.875,2221,0.01,4022252700.5625
11752,-6323857.475,4592,0.01,5761836781.3125
11753,-13400870.35,6684,0.01,5870809771.28125
11754,-10715440.475,5977,0.01,6456995122.75
11755,-7493665.225,4999,0.01,5394767534.0
11756,-3625090.475,3477,0.01,3261578098.8125
11757,-5229595.625,4176,0.01,3422209406.34375
11758,-8178811.975,5222,0.01,3484414522.5625
11759,-5335023.55,4218,0.01,3161120609.09375
11760,-14030943.25,6840,0.01,5433638002.0
11761,-1586891.875,2301,0.01,2759962924.625
11762,-18116243.35,7772,0.01,9845436417.53125
11763,-3941743.625,3626,0.01,5326291516.1875
11764,-12628245.725,6489,0.01,5207470101.625
11765,-2637273.0,2966,0.01,3139011557.5
11766,-2965852.5,3145,0.01,2498297780.046875
11767,-7124894.6,4874,0.01,2462773640.671875
11768,-10411854.225,5892,0.01,3734201347.984375
11769,-19536412.625,8071,0.01,7460956828.9375
11770,-26678530.999999996,9431,0.01,15153904756.0625
11771,-891720.0,1725,0.01,4351364361.0
11772,-4694455.625,3956,0.01,6350844531.625
11773,-19626447.349999998,8089,0.01,9222740371.71875
11774,-31523425.499999996,10251,0.01,19483335187.875
11775,-25182524.425,9163,0.01,16570267200.1875
11776,-2651711.35,2974,0.01,8094281708.0625
11777,-7742293.5,5081,0.01,9093926632.125
11778,-3560125.5,3446,0.01,4178457696.078125
11779,-14848052.25,7036,0.01,5956338980.21875
11780,-11880812.6,6294,0.01,6884852086.28125
11781,-3161190.975,3247,0.01,4105580242.875
11782,-3564013.1750000003,3448,0.01,3575563466.28125
11783,-4938267.675,4058,0.01,3338781365.40625
11784,-14201963.625,6881,0.01,4519254496.140625
11785,-6623162.125,4700,0.01,5052907360.84375
11786,-6011833.675,4478,0.01,4697448129.90625
11787,-2045636.6,2612,0.01,2102403813.0
11788,-7345491.35,4949,0.01,3232776356.25
11789,-3754917.6,3539,0.01,2578457463.15625
11790,-4597688.0,3916,0.01,2442084612.46875
11791,-4243118.6,3762,0.01,2439962930.625
11792,-9135459.225,5519,0.01,3119078454.828125
11793,-13398763.35,6684,0.01,5654386632.375
11794,-11290774.25,6136,0.01,6854692030.21875
11795,-1027321.225,1852,0.01,2343116883.25
11796,-3258662.225,3297,0.01,4045930310.34375
11797,-6600393.725,4692,0.01,4014508109.234375
11798,-2521187.25,2900,0.01,1683207250.96875
11799,-1673545.425,2363,0.01,1193405493.265625
11800,-4175723.35,3732,0.01,1589097876.109375
11801,-5347704.55,4223,0.01,1849744726.828125
11802,-2175332.6,2694,0.01,1254143334.484375
11803,-4086653.475,3692,0.01,1965958563.484375
11804,-1707450.1,2387,0.01,1274469631.0
11805,-1668895.0,2360,0.01,1191654550.359375
11806,-442542.125,1216,0.01,579171473.328125
11807,-4476344.35,3864,0.01,1759930172.0
11808,-5779437.375,4390,0.01,1963521337.421875
11809,-1732345.6,2404,0.01,1385330221.09375
11810,-5375359.475,4234,0.01,2323253440.25
11811,-1682596.6,2369,0.01,1535020516.8125
11812,-10458185.5,5905,0.01,3775590269.203125
11813,-2965242.875,3145,0.01,3181653236.1875
11814,-7156426.125,4885,0.01,4102460274.625
11815,-14942575.424999999,7058,0.01,5705268033.734375
11816,-33778093.475,10612,0.01,15931638683.3125
11817,-9717497.35,5692,0.01,11317094017.75
11818,-12485470.725,6452,0.01,10430257897.75
11819,-4034135.3000000003,3668,0.01,5560965270.8125
11820,-6396493.35,4619,0.01,4886549435.15625
11821,-8419776.1,5299,0.01,4285766701.046875
11822,-13668069.25,6751,0.01,5339986001.46875
11823,-20781860.725,8324,0.01,9865281493.96875
11824,-8602181.25,5356,0.01,8824042676.40625
11825,-2492593.6,2884,0.01,6410935610.625
11826,-7264176.35,4922,0.01,6348564243.921875
11827,-3792561.6,3557,0.01,3205139223.0
11828,-11061383.299999999,6073,0.01,4162671176.140625
11829,-6112225.0,4515,0.01,4117634686.78125
11830,-2130629.75,2666,0.01,1992676136.1875
11831,-3067476.4250000003,3198,0.01,2241205600.1875
11832,-953340.85,1784,0.01,982246041.40625
11833,-3298754.725,3317,0.01,1510268006.046875
11834,-9177247.225,5532,0.01,2383546040.71875
11835,-11660170.0,6236,0.01,4654546789.6875
11836,-2834772.5,3075,0.01,2967394669.25
11837,-4676120.85,3949,0.01,3114740176.140625
11838,-2901978.875,3111,0.01,2195550444.875
11839,-13412901.35,6687,0.01,4052459494.65625
11840,-589615.1749999999,1403,0.01,1807630945.0625
11841,-14246032.975,6892,0.01,7853001209.34375
11842,-10519701.549999999,5923,0.01,6855360879.375
11843,-10917643.85,6034,0.01,5478301509.40625
11844,-6433642.725,4632,0.01,4807568256.8125
11845,-3173670.85,3254,0.01,2546990706.1875
11846,-2240629.725,2734,0.01,2137853707.90625
11847,-2754113.125,3031,0.01,1696722561.140625
11848,-3409240.85,3372,0.01,1432214373.4453125
11849,-1489115.225,2229,0.01,1013325040.296875
11850,-6088137.5,4506,0.01,1787278242.046875
11851,-1838988.35,2477,0.01,1281358047.59375
11852,-8507265.25,5326,0.01,3167238598.90625
11853,-5255495.5,4186,0.01,3130291795.875
11854,-9887764.975,5742,0.01,4128275730.390625
11855,-2940284.1,3132,0.01,2638116319.40625
11856,-20424336.725,8252,0.01,8889014046.59375
11857,-12534658.75,6465,0.01,8696448578.6875
11858,-13275571.549999999,6653,0.01,8685254454.375
11859,-16034076.225,7312,0.01,9354422980.15625
11860,-5126038.875,4135,0.01,6022173752.125
11861,-18312493.85,7814,0.01,9072803108.34375
11862,-9975200.35,5767,0.01,7701727667.84375
11863,-6157104.5,4531,0.01,5694285643.28125
11864,-4434861.75,3846,0.01,3539817179.5625
11865,-3541652.35,3437,0.01,2448982060.609375
11866,-5961682.6,4459,0.01,2351581161.25
11867,-6330514.5,4595,0.01,2652605871.359375
11868,-12407358.85,6432,0.01,4366064844.546875
11869,-1823672.85,2467,0.01,2409354234.1875
11870,-18856420.975,7929,0.01,9879222678.3125
11871,-14990040.625,7070,0.01,8564611841.96875
11872,-14690047.6,6999,0.01,10093043256.9375
11873,-2343633.375,2796,0.01,5078346946.8125
11874,-2448059.4250000003,2858,0.01,3244870872.78125
11875,-7627390.55,5043,0.01,4111542783.625
11876,-5289470.25,4200,0.01,3013824485.03125
11877,-9679408.75,5681,0.01,4237689056.40625
11878,-23844314.375,8916,0.01,9140202110.96875
11879,-6537881.6,4669,0.01,8346515573.4375
11880,-14029565.35,6839,0.01,8657794994.1875
11881,-1803437.3,2453,0.01,3440408801.21875
11882,-11305265.375,6140,0.01,9323102658.75
11883,-4761205.0,3985,0.01,5059664839.65625
11884,-3411250.1750000003,3373,0.01,3369280478.21875
11885,-5909336.35,4439,0.01,3882276889.484375
11886,-2269827.975,2752,0.01,1877364436.609375
11887,-4910846.475,4047,0.01,2550848616.5
11888,-472051.625,1256,0.01,868462259.96875
11889,-5173985.85,4154,0.01,2407800243.546875
11890,-20617310.375,8291,0.01,6876534040.34375
11891,-6607632.225,4694,0.01,7739367070.4375
11892,-2450204.225,2859,0.01,5423520170.625
11893,-2404264.35,2832,0.01,4877746937.71875
11894,-1149797.1,1959,0.01,1271667927.65625
11895,-2294647.6,2767,0.01,1559703774.265625
11896,-4616483.85,3924,0.01,1649683556.9921875
11897,-7289585.75,4930,0.01,2358711168.078125
11898,-4944645.5,4061,0.01,2500499686.140625
11899,-2191293.725,2704,0.01,1887332477.34375
11900,-8874673.0,5440,0.01,3749879927.734375
11901,-9526743.625,5636,0.01,4522612127.5625
11902,-9398344.174999999,5598,0.01,5123366172.9375
11903,-9015161.799999999,5483,0.01,5157240727.0
11904,-22659285.475,8692,0.01,8525715343.0
11905,-8133974.8,5208,0.01,7987052433.625
11906,-7409190.875,4970,0.01,5761341199.375
11907,-6780789.25,4755,0.01,4708131523.0625
11908,-2737602.85,3022,0.01,2702735250.1875
11909,-4588356.85,3912,0.01,3183323408.125
11910,-3001284.225,3164,0.01,2006625209.53125
11911,-1596744.425,2308,0.01,1220200693.03125
11912,-6892067.475,4794,0.01,2377916874.734375
11913,-8543169.35,5337,0.01,3535969163.828125
11914,-5400221.475,4244,0.01,3442958113.53125
11915,-11343790.0,6150,0.01,5221946845.53125
11916,-9253177.75,5555,0.01,5231394711.4375
11917,-12136910.1,6362,0.01,5755761247.53125
11918,-4759458.35,3984,0.01,3991072620.15625
11919,-4288991.475,3782,0.01,2828762079.59375
11920,-2491874.8000000003,2883,0.01,1998173057.96875
11921,-35648897.875,10901,0.01,14455981882.859375
11922,-976238.625,1805,0.01,4901726148.375
11923,-9081696.924999999,5503,0.01,17756111892.75
11924,-10680867.049999999,5968,0.01,10450802100.625
11925,-13942336.799999999,6818,0.01,6610428349.40625
11926,-9464131.174999999,5618,0.01,6549868360.75
11927,-2194882.625,2706,0.01,3601827867.8125
11928,-1108196.8,1923,0.01,2660047056.25
11929,-4764273.5,3986,0.01,4195040805.375
11930,-13315908.924999999,6663,0.01,4780367332.125
11931,-8110841.25,5200,0.01,5001166962.03125
11932,-7853376.6,5117,0.01,5131226686.84375
11933,-9062447.1,5497,0.01,4635110944.9375
11934,-10794173.35,5999,0.01,5803966602.3125
11935,-8516847.35,5329,0.01,5115482346.03125
11936,-11625169.0,6226,0.01,6482192526.28125
11937,-19863838.55,8138,0.01,9887482909.15625
11938,-8591334.225,5352,0.01,9507022474.6875
11939,-11635037.924999999,6228,0.01,10588159675.78125
11940,-4540580.25,3891,0.01,4905388627.125
11941,-3675420.75,3501,0.01,3841150599.3125
11942,-4024946.35,3664,0.01,3470027726.484375
11943,-3535861.725,3434,0.01,1899511054.8125
11944,-6414244.75,4625,0.01,2345580892.53125
11945,-3593073.475,3462,0.01,2037823395.25
11946,-2081090.375,2635,0.01,1511735233.1875
11947,-3843798.5,3580,0.01,2120404537.03125
11948,-2971192.1750000003,3148,0.01,1309440456.65625
11949,-11813490.625,6276,0.01,3091719478.828125
11950,-4041391.5,3671,0.01,3647639959.0625
11951,-1020393.5,1845,0.01,1700949328.125
11952,-2537513.6,2909,0.01,3006288254.1875
11953,-2179408.125,2696,0.01,1975931746.96875
11954,-8830919.625,5426,0.01,2609587272.65625
11955,-13873013.125,6801,0.01,5375485820.15625
11956,-5375793.225,4234,0.01,5456787485.5
11957,-28312615.749999996,9715,0.01,14501972083.75
11958,-1899497.1,2517,0.01,5772410007.5625
11959,-5735728.675,4373,0.01,11403539709.75
11960,-15322466.1,7147,0.01,10622147453.78125
11961,-13961928.674999999,6823,0.01,7869766106.28125
11962,-4628145.725,3929,0.01,5438003113.0625
11963,-1500752.3,2238,0.01,2844596155.03125
11964,-4200143.175,3743,0.01,4237319087.28125
11965,-6963773.475,4819,0.01,2835152418.265625
11966,-9775083.85,5709,0.01,3596459447.515625
11967,-13720620.174999999,6763,0.01,5813637946.5625
11968,-18909781.124999996,7940,0.01,9089254042.28125
11969,-1487240.675,2228,0.01,4387377206.8125
11970,-10733900.299999999,5983,0.01,10001987475.0
11971,-4763265.5,3986,0.01,5218846346.625
11972,-8744392.875,5400,0.01,3716787745.796875
11973,-2549037.875,2916,0.01,2234516401.625
11974,-15232149.475,7127,0.01,6211473898.21875
11975,-2040971.725,2609,0.01,3516718808.625
11976,-6332934.5,4595,0.01,5260108191.65625
11977,-5816850.225,4404,0.01,3936801565.8125
11978,-6447124.6,4637,0.01,2825646064.65625
11979,-4328266.475,3799,0.01,2348222195.796875
11980,-7422706.375,4975,0.01,2966276674.875
11981,-29899530.975,9984,0.01,11461297540.96875
11982,-5537428.85,4297,0.01,8044676076.5
11983,-10726519.375,5980,0.01,7291226312.5625
11984,-7118031.1,4872,0.01,4743915582.65625
11985,-2936477.625,3130,0.01,2971344347.65625
11986,-7623440.225,5042,0.01,3881880204.875
11987,-18322130.0,7816,0.01,6931633791.40625
11988,-4509758.175,3878,0.01,6425613780.4375
11989,-3862151.225,3589,0.01,6333279529.1875
11990,-12769791.5,6525,0.01,6653132954.3984375
11991,-14481626.1,6949,0.01,7244729553.5625
11992,-6899380.625,4796,0.01,6460304264.4375
11993,-3527773.25,3430,0.01,4890509722.15625
11994,-6634557.925,4703,0.01,4801161323.078125
11995,-1291170.875,2076,0.01,1918876869.125
11996,-2405516.5500000003,2833,0.01,1926860442.296875
11997,-3372086.725,3354,0.01,2157684254.46875
11998,-10839920.1,6012,0.01,3135919736.171875
11999,-1275368.925,2063,0.01,2002560984.875
12000,-13127993.5,6616,0.01,6771916128.28125
12001,-9392105.875,5596,0.01,6960972011.125
12002,-852667.35,1687,0.01,2209852346.625
12003,-2342195.5,2795,0.01,3793756597.03125
12004,-21741037.725,8514,0.01,8789804736.09375
12005,-7046654.175,4848,0.01,7460198234.8125
12006,-10699371.424999999,5973,0.01,5162423984.265625
12007,-5215487.875,4171,0.01,3930433914.28125
12008,-2864247.875,3091,0.01,2216415260.75
12009,-5724454.6,4369,0.01,2721106720.609375
12010,-4106042.875,3700,0.01,2002760151.84375
12011,-27335431.124999996,9546,0.01,9759881942.046875
12012,-3365820.25,3351,0.01,6478714993.0625
12013,-14389313.35,6927,0.01,7302772165.34375
12014,-9501077.424999999,5628,0.01,6006098851.875
12015,-8393894.875,5290,0.01,4920540854.0
12016,-12045429.475,6337,0.01,5182462699.125
12017,-541517.5,1345,0.01,1426528375.15625
12018,-3197787.625,3266,0.01,3534789152.5625
12019,-10780770.25,5996,0.01,4182157174.890625
12020,-14253426.35,6894,0.01,5994759137.78125
12021,-7073762.975,4857,0.01,5776689570.25
12022,-3394409.5,3365,0.01,2731850391.765625
12023,-16296989.225,7372,0.01,6032462787.890625
12024,-2441730.1,2854,0.01,4003008479.0
12025,-17415067.75,7620,0.01,7849234912.375
12026,-12775500.475,6527,0.01,7376529713.9375
12027,-4949700.8,4063,0.01,4810848571.34375
12028,-8851084.049999999,5433,0.01,5183184065.90625
12029,-12587622.049999999,6478,0.01,5114537083.15625
12030,-3917813.0,3615,0.01,3822763440.28125
12031,-2148217.1,2677,0.01,1979387916.296875
12032,-4279350.3,3778,0.01,2198381882.21875
12033,-2084862.1,2637,0.01,1203480164.734375
12034,-5770772.125,4386,0.01,1964500464.890625
12035,-4200193.225,3742,0.01,1967641053.96875
12036,-4706908.975,3962,0.01,1944268774.578125
12037,-8615894.375,5360,0.01,3161988587.765625
12038,-6780065.25,4755,0.01,3661297162.09375
12039,-9778985.875,5710,0.01,4341016982.375
12040,-17732393.1,7689,0.01,7709955444.59375
12041,-15024664.049999999,7078,0.01,9316258882.125
12042,-8781001.375,5411,0.01,7828209994.34375
12043,-3306684.25,3321,0.01,3676278180.78125
12044,-2954896.725,3139,0.01,3263747346.6875
12045,-3380292.4250000003,3358,0.01,3473747449.984375
12046,-5896408.975,4434,0.01,2317735451.1875
12047,-14056922.375,6846,0.01,4534557666.546875
12048,-20020626.999999996,8170,0.01,9416837637.25
12049,-12152758.125,6365,0.01,11619334203.75
12050,-1014315.125,1840,0.01,3870504547.5
12051,-5418898.625,4251,0.01,6443602410.359375
12052,-7640955.175,5048,0.01,4500838607.765625
12053,-9145035.725,5522,0.01,4068197122.46875
12054,-7084511.5,4861,0.01,3879169013.71875
12055,-4034218.3000000003,3668,0.01,2597139700.59375
12056,-10551853.75,5931,0.01,4063990666.796875
12057,-6467132.725,4644,0.01,3897431851.15625
12058,-745954.9249999999,1578,0.01,1332908807.5
12059,-6129803.875,4521,0.01,3972281138.78125
12060,-13144708.875,6620,0.01,4901023212.765625
12061,-25854689.849999998,9284,0.01,11758862911.03125
12062,-8504530.75,5325,0.01,8838299933.9375
12063,-4850661.6,4022,0.01,4714774972.84375
12064,-8838001.049999999,5428,0.01,4804950699.71875
12065,-9068900.475,5499,0.01,4279708542.46875
12066,-15710754.924999999,7238,0.01,6394661080.25
12067,-13933932.375,6816,0.01,8386689126.84375
12068,-3275040.875,3305,0.01,4944853237.5625
12069,-5334518.725,4217,0.01,5731727050.53125
12070,-11991053.674999999,6323,0.01,5386378242.3125
12071,-7955560.875,5150,0.01,5194379022.625
12072,-16777903.724999998,7479,0.01,8452803245.9375
12073,-6669280.25,4716,0.01,6674064721.25
12074,-11950986.1,6312,0.01,9781479093.84375
12075,-4149411.5,3720,0.01,4573168931.03125
12076,-12327446.375,6411,0.01,8079928556.09375
12077,-14286162.0,6901,0.01,7740028831.65625
12078,-10764087.0,5991,0.01,7363293877.75
12079,-3988718.725,3647,0.01,4866644834.0
12080,-10291334.174999999,5858,0.01,5670184564.21875
12081,-1658087.1,2352,0.01,2290981775.59375
12082,-6820944.225,4769,0.01,4364339972.09375
12083,-2364816.475,2809,0.01,2417482943.34375
12084,-5418435.0,4251,0.01,2259425496.546875
12085,-3018735.8000000003,3173,0.01,1757001632.796875
12086,-12217658.6,6382,0.01,3815764761.421875
12087,-6682451.875,4721,0.01,4822962996.625
12088,-1583680.225,2299,0.01,1808779363.3125
12089,-3292039.35,3314,0.01,3034287825.78125
12090,-4089017.1750000003,3693,0.01,2101867992.1875
12091,-5913788.0,4441,0.01,2000513994.046875
12092,-7797962.85,5099,0.01,2789836252.5625
12093,-9273194.25,5561,0.01,4074167705.921875
12094,-8770397.799999999,5408,0.01,4811779805.0
12095,-3273015.6,3304,0.01,3364949319.40625
12096,-8039616.6,5177,0.01,4156507171.3125
12097,-2522282.125,2901,0.01,2365483756.96875
12098,-3902038.4250000003,3608,0.01,2188753494.15625
12099,-10720677.225,5979,0.01,3311267963.46875
12100,-7009904.125,4835,0.01,4339787529.90625
12101,-5219693.475,4172,0.01,4148203079.375
12102,-15623080.475,7217,0.01,6278553166.8125
12103,-4852996.425,4023,0.01,5785620204.875
12104,-11818431.35,6277,0.01,8831541259.40625
12105,-20460850.974999998,8259,0.01,9105773735.53125
12106,-7396430.6,4967,0.01,7367096778.25
12107,-5812488.175,4403,0.01,3829389356.59375
12108,-6838812.0,4776,0.01,3695243354.046875
12109,-3817729.1750000003,3568,0.01,2578064404.296875
12110,-9578584.375,5651,0.01,3876184811.359375
12111,-2167698.85,2689,0.01,2179294086.59375
12112,-1420150.225,2177,0.01,1790448514.34375
12113,-5094491.225,4122,0.01,2904633237.421875
12114,-3130773.375,3231,0.01,1794525491.46875
12115,-5167030.375,4151,0.01,2102684758.203125
12116,-5094171.225,4122,0.01,2089771011.609375
12117,-5793843.0,4396,0.01,2503457150.515625
12118,-1400828.35,2162,0.01,1529526422.25
12119,-4458436.125,3856,0.01,2451617652.34375
12120,-6992245.85,4829,0.01,2844113568.8125
12121,-13704924.0,6760,0.01,4739017816.8125
12122,-13698882.924999999,6758,0.01,7959837912.9375
12123,-13949932.75,6820,0.01,8903115974.59375
12124,-1931950.225,2539,0.01,3886514310.75
12125,-15784246.25,7255,0.01,9481708813.75
12126,-7307171.125,4936,0.01,6672767491.875
12127,-8291508.8,5258,0.01,5026178297.125
12128,-3335395.875,3335,0.01,2496603985.9375
12129,-12209009.625,6380,0.01,4325997291.5625
12130,-21564867.849999998,8479,0.01,8993995583.625
12131,-5106187.625,4126,0.01,7243550095.3125
12132,-5989882.6,4469,0.01,6360309808.65625
12133,-2122448.125,2661,0.01,2677371684.0
12134,-4576007.35,3907,0.01,2748048841.0
12135,-4421702.25,3840,0.01,2352026609.765625
12136,-10951203.549999999,6043,0.01,3493369623.453125
12137,-3232728.225,3284,0.01,2915928969.5625
12138,-747765.875,1580,0.01,1517060229.3125
12139,-2004625.125,2586,0.01,2288769194.40625
12140,-8013305.475,5169,0.01,2975869180.078125
12141,-9211111.1,5542,0.01,4067838974.25
12142,-24382433.0,9016,0.01,9556226011.125
12143,-4169807.975,3729,0.01,7047362501.5
12144,-4249902.125,3765,0.01,9408896823.25
12145,-4685150.8,3953,0.01,5872321158.5625
12146,-9795766.625,5715,0.01,3690564726.71875
12147,-5658084.725,4344,0.01,3422913252.875
12148,-8002104.875,5166,0.01,3260753583.921875
12149,-6165267.6,4534,0.01,3267924363.71875
12150,-15582584.049999999,7208,0.01,5941696140.609375
12151,-16207629.5,7351,0.01,9979318643.625
12152,-5150464.975,4144,0.01,6700310935.5
12153,-7801046.5,5100,0.01,7741654135.8125
12154,-4805423.675,4003,0.01,3457670038.203125
12155,-12685353.725,6504,0.01,5343047504.515625
12156,-10473331.125,5910,0.01,5756953776.46875
12157,-4678014.25,3950,0.01,4960910715.4375
12158,-17175906.349999998,7567,0.01,7320596554.875
12159,-5174337.475,4154,0.01,5318674875.125
12160,-1804241.1,2454,0.01,2322758078.8125
12161,-22724784.099999998,8704,0.01,9697119741.15625
12162,-4604898.725,3919,0.01,7104782427.1875
12163,-13541055.85,6719,0.01,8860805242.1875
12164,-5727631.625,4370,0.01,5025097311.6875
12165,-14594241.75,6975,0.01,8167198108.84375
12166,-10344576.799999999,5873,0.01,6376434980.75
12167,-4429829.6,3844,0.01,5135491554.46875
12168,-5910290.75,4440,0.01,4164000997.84375
12169,-13141169.875,6620,0.01,4793278447.859375
12170,-4191422.85,3739,0.01,4024140850.75
12171,-5505413.125,4285,0.01,4017284391.96875
12172,-6912483.125,4801,0.01,3261300867.34375
12173,-6888446.925,4793,0.01,2992856894.859375
12174,-5085849.05,4118,0.01,2791173428.125
12175,-6709831.75,4730,0.01,3217196909.734375
12176,-5925988.875,4446,0.01,2753965745.734375
12177,-10933361.549999999,6038,0.01,3947063042.53125
12178,-10036382.0,5785,0.01,4923897136.0625
12179,-15453755.549999999,7178,0.01,7454429848.65625
12180,-8233662.625,5240,0.01,6779398144.5
12181,-17469863.975,7632,0.01,9591760648.9375
12182,-15523937.6,7194,0.01,9886794316.5
12183,-1671752.225,2362,0.01,4081934936.6875
12184,-3392555.6,3364,0.01,4250063976.40625
12185,-5729117.5,4371,0.01,2697919878.6875
12186,-3425344.875,3380,0.01,1873992289.046875
12187,-14781183.75,7020,0.01,4842815946.078125
12188,-26223304.249999996,9350,0.01,12953540071.0
12189,-3409385.725,3372,0.01,7106028882.8125
12190,-6615566.6,4697,0.01,6740143155.25
12191,-12635837.375,6491,0.01,6469317820.90625
12192,-1952786.975,2552,0.01,2926349942.5
12193,-31737734.999999996,10286,0.01,14867930855.5625
12194,-4091114.725,3694,0.01,7453040836.25
12195,-6539014.375,4670,0.01,9866402395.375
12196,-5492112.625,4280,0.01,4601820733.78125
12197,-10112290.1,5807,0.01,4098810696.453125
12198,-6471625.75,4646,0.01,3836052536.46875
12199,-7227333.975,4909,0.01,4081219089.65625
12200,-3544324.1750000003,3438,0.01,2600099361.25
12201,-6999063.125,4831,0.01,2832938661.53125
12202,-5962464.35,4459,0.01,2841538207.546875
12203,-1906147.85,2522,0.01,1782734050.34375
12204,-23507468.349999998,8852,0.01,9336328127.03125
12205,-21828614.125,8531,0.01,12678380479.6875
12206,-2831106.0500000003,3073,0.01,6663024539.75
12207,-3579015.125,3455,0.01,3862636702.375
12208,-4424212.5,3841,0.01,3120961757.640625
12209,-21498112.624999996,8466,0.01,7323870129.4375
12210,-25188124.1,9164,0.01,17191162111.34375
12211,-3245968.375,3290,0.01,6768588539.625
12212,-6233990.5,4560,0.01,12262857366.625
12213,-5508206.125,4286,0.01,6259237391.90625
12214,-5424370.175,4253,0.01,2881129397.265625
12215,-12907505.0,6560,0.01,4901338217.375
12216,-3702667.85,3514,0.01,3965164982.0625
12217,-7463393.8,4988,0.01,5200594804.40625
12218,-4435546.375,3846,0.01,3058565604.0625
12219,-8832141.85,5427,0.01,3185376270.890625
12220,-5642087.3,4338,0.01,3306920518.4375
12221,-537602.0,1340,0.01,1157121487.96875
12222,-5936299.85,4449,0.01,3878771578.65625
12223,-5954326.125,4456,0.01,3053481343.375
12224,-3205571.25,3270,0.01,1881022528.265625
12225,-3521004.1,3427,0.01,1826134648.1875
12226,-4621668.0,3926,0.01,1948852100.625
12227,-8330070.25,5270,0.01,2689220292.1875
12228,-8439951.75,5305,0.01,4036558603.46875
12229,-11172638.924999999,6103,0.01,5019870866.4375
12230,-11858658.424999999,6288,0.01,6165504652.25
12231,-7505542.925,5003,0.01,6093858043.53125
12232,-4510606.35,3879,0.01,3509153458.0
12233,-3186828.0,3260,0.01,2395021112.8125
12234,-1793283.25,2446,0.01,1381708532.75
12235,-3778565.5,3550,0.01,1542366156.421875
12236,-6201242.175,4548,0.01,2120395791.65625
12237,-6505235.55,4658,0.01,2473149695.359375
12238,-6223473.25,4556,0.01,2938790732.5
12239,-2177975.0,2695,0.01,1867598658.65625
12240,-3083084.475,3207,0.01,1965306188.53125
12241,-5874872.125,4426,0.01,2422784438.0625
12242,-11825314.725,6279,0.01,4030137095.1875
12243,-4203746.225,3744,0.01,3686273560.6875
12244,-9398512.799999999,5598,0.01,5868124549.6875
12245,-5565775.675,4308,0.01,3845700614.53125
12246,-16646317.375,7450,0.01,6437510712.28125
12247,-2670154.975,2984,0.01,4470383024.5
12248,-16714547.75,7465,0.01,7839902227.4375
12249,-9234694.225,5549,0.01,6564741741.65625
12250,-10117979.674999999,5808,0.01,6080704756.6875
12251,-10191151.85,5829,0.01,5914509649.0
12252,-5557095.625,4305,0.01,4517535461.875
12253,-1503609.125,2240,0.01,1541251399.78125
12254,-7424717.125,4976,0.01,2426908238.4375
12255,-8777050.75,5410,0.01,3613402337.59375
12256,-14641766.85,6987,0.01,5800662839.78125
12257,-12170732.25,6370,0.01,7691079207.65625
12258,-6604704.8,4693,0.01,6835994729.1875
12259,-9147349.424999999,5523,0.01,6596304326.53125
12260,-7250712.6,4917,0.01,4286891862.28125
12261,-9605441.35,5659,0.01,4626773950.84375
12262,-5575784.725,4312,0.01,4129639194.53125
12263,-8401298.549999999,5293,0.01,4293873907.78125
12264,-5511150.225,4287,0.01,3405347836.21875
12265,-22891766.624999996,8736,0.01,8635325514.171875
12266,-2291117.5,2765,0.01,5539558488.0625
12267,-8435320.1,5304,0.01,6129868728.78125
12268,-5148140.475,4144,0.01,3753935568.84375
12269,-26718452.299999997,9438,0.01,10340827459.109375
12270,-7397807.85,4967,0.01,9880697075.75
12271,-7068880.125,4855,0.01,10099814473.8125
12272,-3540042.875,3436,0.01,3126295210.875
12273,-9121871.625,5515,0.01,3858028108.625
12274,-7787259.0,5096,0.01,4175674345.40625
12275,-1672079.225,2362,0.01,1672029039.1875
12276,-4903885.975,4044,0.01,2868471284.84375
12277,-5565480.8,4308,0.01,2795417126.921875
12278,-11843682.85,6284,0.01,4081154873.96875
12279,-6234823.25,4560,0.01,4230769675.5
12280,-6188476.8,4543,0.01,4308336159.90625
12281,-3221679.5500000003,3278,0.01,2532206306.625
12282,-3147021.75,3240,0.01,1947922568.078125
12283,-5910854.0,4440,0.01,2258397884.671875
12284,-1503196.5,2240,0.01,1206561871.953125
12285,-1596184.3,2308,0.01,1039625498.921875
12286,-10908502.125,6031,0.01,3381765971.375
12287,-17760661.124999996,7695,0.01,7478390138.84375
12288,-1381196.975,2147,0.01,3490034980.5625
12289,-1686339.1,2372,0.01,2787637415.46875
12290,-2760778.75,3035,0.01,1559160845.265625
12291,-1494121.925,2233,0.01,1019508087.484375
12292,-3268021.375,3301,0.01,1062975551.265625
12293,-2698794.25,3000,0.01,1042627556.125
12294,-1363628.3,2133,0.01,766630977.265625
12295,-15896926.25,7280,0.01,4253732885.7421875
12296,-19341910.874999996,8030,0.01,10981307556.65625
12297,-6760855.3,4748,0.01,7380961013.9375
12298,-11800351.1,6272,0.01,6060884625.3125
12299,-4997420.35,4082,0.01,4513533895.59375
12300,-13593185.975,6732,0.01,7572840655.5625
12301,-2108776.6,2652,0.01,3428832971.375
12302,-5547870.5,4301,0.01,4800586019.09375
12303,-7102312.625,4866,0.01,4270842325.5
12304,-2141399.0500000003,2673,0.01,1982307668.9375
12305,-2895805.1750000003,3108,0.01,2117688326.25
12306,-7344381.725,4949,0.01,2786568836.953125
12307,-4753851.225,3982,0.01,2309995259.8125
12308,-2496143.875,2886,0.01,1670893852.734375
12309,-7405045.225,4969,0.01,2461262358.46875
12310,-5863962.35,4422,0.01,2939371445.78125
12311,-8442923.75,5306,0.01,3354495943.78125
12312,-5418838.625,4251,0.01,3219872324.75
12313,-2843738.0,3080,0.01,2173916991.078125
12314,-1345613.475,2119,0.01,1470725091.09375
12315,-16586061.875,7436,0.01,5455961908.09375
12316,-9539541.0,5640,0.01,7017952691.9375
12317,-10824149.049999999,6008,0.01,6787217399.65625
12318,-6212171.125,4551,0.01,5190063803.96875
12319,-6199106.975,4547,0.01,3756887700.1875
12320,-1499430.225,2237,0.01,1687412180.5625
12321,-3149857.25,3241,0.01,1979938327.53125
12322,-5601534.6,4322,0.01,2232873031.40625
12323,-15660081.625,7226,0.01,4983519849.703125
12324,-5855135.1,4419,0.01,5452633207.625
12325,-13325758.75,6666,0.01,8780040007.96875
12326,-8576111.924999999,5348,0.01,5728106353.65625
12327,-2331034.85,2789,0.01,3725085664.25
12328,-4082766.875,3690,0.01,3387883100.734375
12329,-4554264.85,3897,0.01,2582145762.28125
12330,-15651959.225,7224,0.01,4686110705.328125
12331,-14914497.1,7052,0.01,8565428491.53125
12332,-6207960.625,4550,0.01,7037087745.5
12333,-17380943.474999998,7612,0.01,8158804807.375
12334,-9356770.375,5586,0.01,7386053145.125
12335,-8825619.625,5425,0.01,6880418123.6875
12336,-3825089.6,3572,0.01,3500794100.34375
12337,-3545051.85,3439,0.01,2623704740.5
12338,-5603419.175,4323,0.01,3059402895.078125
12339,-3051308.25,3190,0.01,1829342951.6875
12340,-5708188.3,4363,0.01,2269138480.5
12341,-2852355.875,3085,0.01,1743795261.4375
12342,-3123176.8000000003,3228,0.01,1564398313.40625
12343,-3654413.75,3491,0.01,1554816752.0
12344,-12745880.225,6519,0.01,3531040934.125
12345,-4272749.25,3775,0.01,4098693130.1875
12346,-5488651.675,4278,0.01,4371178790.03125
12347,-3710873.6750000003,3518,0.01,2834128436.421875
12348,-12130007.75,6360,0.01,3824318432.328125
12349,-1211742.375,2011,0.01,2263885136.9375
12350,-10106606.75,5805,0.01,6906404021.75
12351,-9781224.25,5711,0.01,6338953717.8125
12352,-18409595.724999998,7834,0.01,7741072270.28125
12353,-11167374.35,6102,0.01,8547139332.5625
12354,-24168853.374999996,8976,0.01,14143880761.40625
12355,-9573761.0,5650,0.01,9979028834.9375
12356,-7452618.375,4985,0.01,8986880363.6875
12357,-5695093.675,4358,0.01,4207784458.46875
12358,-777237.0,1611,0.01,1503967274.375
12359,-9007925.625,5481,0.01,4113089102.59375
12360,-3904572.35,3609,0.01,3189018087.125
12361,-15251406.0,7131,0.01,4955037216.125
12362,-21678490.475,8502,0.01,10050787050.78125
12363,-1748590.75,2415,0.01,5050552625.5
12364,-34235410.675,10683,0.01,18304216133.21875
12365,-19663587.975,8097,0.01,12657095346.25
12366,-4200718.55,3743,0.01,6723194589.9375
12367,-8674951.475,5379,0.01,6362079268.96875
12368,-30006652.975,10002,0.01,11975927511.5
12369,-3989633.8000000003,3648,0.01,7117100636.8125
12370,-6925598.25,4806,0.01,8361193513.03125
12371,-3452236.1750000003,3393,0.01,4221373495.375
12372,-5803415.6,4399,0.01,3184879503.703125
12373,-13725220.0,6765,0.01,4837914234.15625
12374,-3050337.25,3190,0.01,3752091862.375
12375,-7127076.625,4875,0.01,5541856631.9375
12376,-7356971.175,4953,0.01,4233279335.859375
12377,-8468180.6,5314,0.01,3743265717.53125
12378,-23049537.624999996,8766,0.01,9272218925.90625
12379,-5068375.625,4111,0.01,7699950398.5
12380,-3181428.8000000003,3258,0.01,6792682360.5
12381,-9217641.1,5544,0.01,7217302742.03125
12382,-8334990.975,5272,0.01,4974522650.28125
12383,-9275596.25,5561,0.01,4856530129.5625
12384,-2175510.475,2694,0.01,2560806777.5
12385,-2137618.25,2670,0.01,3007358501.3125
12386,-3427465.875,3381,0.01,3424453400.0
12387,-8580534.975,5349,0.01,2848621385.5
12388,-3405159.375,3370,0.01,2510664575.78125
12389,-36766732.12499999,11071,0.01,15921913800.4375
12390,-31186308.874999996,10196,0.01,28435422328.25
12391,-1257882.1,2049,0.01,5168746117.0625
12392,-34727120.0,10760,0.01,22893911945.09375
12393,-5279473.5,4196,0.01,8231712383.53125
12394,-9190545.125,5536,0.01,14993370165.3125
12395,-9658697.0,5675,0.01,5621631351.21875
12396,-2748664.0500000003,3028,0.01,3022346251.1875
12397,-12954101.1,6572,0.01,8315484478.5
12398,-12965037.125,6575,0.01,6951179577.3125
12399,-3217862.375,3276,0.01,4857871195.40625
12400,-1551151.125,2275,0.01,2715604917.75
12401,-20296703.874999996,8226,0.01,8797513746.890625
12402,-3332548.6,3334,0.01,5620289722.5
12403,-3279368.5500000003,3308,0.01,5849714308.1875
12404,-7637988.725,5047,0.01,6277965477.859375
12405,-6547414.05,4673,0.01,3386294418.671875
12406,-12876815.174999999,6553,0.01,5195853884.859375
12407,-11384711.625,6161,0.01,6488377441.125
12408,-5067840.25,4111,0.01,5229026521.65625
12409,-8499321.549999999,5323,0.01,5795577792.1875
12410,-58680219.875,13986,0.01,24203955157.28125
12411,-5315686.625,4210,0.01,9269299758.0625
12412,-3349011.725,3342,0.01,7741317548.0
12413,-11389423.475,6162,0.01,8435416665.078125
12414,-9808570.6,5719,0.01,6395685652.75
12415,-16535330.25,7425,0.01,7339925448.25
12416,-3376214.25,3356,0.01,5302509941.8125
12417,-8453461.1,5309,0.01,7219311976.28125
12418,-1952399.1,2552,0.01,2952068871.34375
12419,-5986070.425,4468,0.01,2885466414.484375
12420,-725449.125,1556,0.01,968142491.046875
12421,-7369508.6,4957,0.01,3026650344.203125
12422,-9999707.975,5774,0.01,4535946586.6875
12423,-12390851.174999999,6428,0.01,5737913971.28125
12424,-5644638.475,4339,0.01,4758148302.75
12425,-9583100.049999999,5653,0.01,4876376376.6875
12426,-1349963.675,2123,0.01,1813632049.25
12427,-3552791.8000000003,3443,0.01,2760109430.5
12428,-4694378.725,3957,0.01,2459655032.421875
12429,-11880921.6,6294,0.01,3251636779.171875
12430,-6657556.6,4712,0.01,4229144012.75
12431,-1274275.35,2062,0.01,1519126382.09375
12432,-8582308.35,5349,0.01,4407085841.28125
12433,-13588548.5,6731,0.01,5733083357.84375
12434,-7613893.225,5039,0.01,5768986194.875
12435,-14785352.25,7021,0.01,7580259475.46875
12436,-18616274.049999997,7878,0.01,9306527484.8125
12437,-3077467.1,3204,0.01,6288275381.125
12438,-6397122.35,4619,0.01,8207580377.4375
12439,-13881395.924999999,6803,0.01,7514538192.171875
12440,-8950036.924999999,5463,0.01,6854704903.15625
12441,-1966800.225,2562,0.01,3296053626.9375
12442,-4517853.1,3882,0.01,4133738231.125
12443,-10792336.975,5999,0.01,4639973622.5625
12444,-13187970.375,6631,0.01,6062158342.40625
12445,-12915374.1,6562,0.01,7547452229.34375
12446,-8696951.625,5385,0.01,7613187813.71875
12447,-9369624.35,5589,0.01,6541929840.59375
12448,-7484498.75,4996,0.01,4891185097.21875
12449,-4147119.1,3719,0.01,2841034258.40625
12450,-11919034.85,6304,0.01,4974285841.875
12451,-15429540.725,7172,0.01,6896957836.34375
12452,-7032493.3,4843,0.01,6396676887.75
12453,-17224225.674999997,7578,0.01,8893039249.90625
12454,-8141769.0,5211,0.01,6730206298.46875
12455,-4126222.375,3710,0.01,3864727064.3125
12456,-5769069.625,4386,0.01,3843205202.15625
12457,-6526791.625,4665,0.01,3566495452.5625
12458,-2333709.75,2790,0.01,1848102089.609375
12459,-6071907.0,4500,0.01,2903506233.53125
12460,-4338586.35,3804,0.01,2426044805.28125
12461,-8329409.5,5270,0.01,3348985423.765625
12462,-9974875.225,5767,0.01,4273382148.796875
12463,-11344859.875,6150,0.01,5723795893.84375
12464,-11260101.225,6127,0.01,6356339951.1875
12465,-1122986.0,1936,0.01,2464849358.40625
12466,-2248534.35,2739,0.01,4127251889.03125
12467,-8176266.85,5222,0.01,5757392430.90625
12468,-5289217.75,4200,0.01,2979729390.65625
12469,-3956716.975,3632,0.01,2238991974.34375
12470,-6407821.975,4622,0.01,2598444805.734375
12471,-6414548.125,4625,0.01,2899399797.984375
12472,-8831106.1,5427,0.01,3625256224.734375
12473,-1318169.85,2097,0.01,1600057623.9375
12474,-13022690.35,6589,0.01,4856512144.90625
12475,-5214385.5,4170,0.01,4990324529.3125
12476,-6402733.125,4621,0.01,4455647379.9375
12477,-1997781.6,2582,0.01,2107647458.59375
12478,-5948119.85,4454,0.01,2353330087.828125
12479,-5955204.5,4456,0.01,2720033245.765625
12480,-2519831.85,2899,0.01,1744478062.28125
12481,-4883979.75,4036,0.01,2344868182.359375
12482,-5233307.175,4178,0.01,2254899246.953125
12483,-10498398.85,5917,0.01,3501028232.515625
12484,-1897679.375,2516,0.01,2052388261.71875
12485,-6583523.375,4685,0.01,3313485430.0625
12486,-3740233.975,3532,0.01,2748561295.21875
12487,-2722289.3000000003,3013,0.01,1666315925.984375
12488,-14840746.85,7034,0.01,4430568210.84375
12489,-15530583.25,7196,0.01,8916323497.4375
12490,-16473709.5,7411,0.01,10340840776.71875
12491,-9498376.549999999,5628,0.01,8271917754.65625
12492,-4252727.875,3766,0.01,4904989242.3125
12493,-8243804.3,5243,0.01,5214386440.03125
12494,-1159605.475,1967,0.01,1834650947.84375
12495,-2314681.85,2779,0.01,2507471771.3125
12496,-3984397.25,3646,0.01,3043498837.28125
12497,-644248.725,1467,0.01,1104577219.984375
12498,-2901684.625,3111,0.01,1240312223.3671875
12499,-2341686.375,2795,0.01,1012169456.359375
12500,-4221380.85,3752,0.01,1291255196.125
12501,-2841807.725,3079,0.01,1257528965.234375
12502,-4356414.6,3812,0.01,1628616890.59375
12503,-8063505.375,5185,0.01,2570070878.984375
12504,-5570727.875,4310,0.01,2983340162.28125
12505,-7179695.925,4893,0.01,3615367848.4375
12506,-2883122.875,3101,0.01,2190665364.15625
12507,-4953535.975,4064,0.01,2709462333.1875
12508,-6958070.1,4817,0.01,3151016229.421875
12509,-2600195.0,2945,0.01,1951754617.65625
12510,-4780819.425,3993,0.01,2658083762.5625
12511,-2888533.6,3104,0.01,2071704363.640625
12512,-2560979.9250000003,2923,0.01,1445765730.15625
12513,-2383553.0,2820,0.01,1448027853.0
12514,-2078332.3,2633,0.01,1074942266.3125
12515,-5455975.5,4266,0.01,1741436713.59375
12516,-4778503.1,3992,0.01,1956967419.953125
12517,-6337949.225,4597,0.01,2454857670.65625
12518,-9432971.299999999,5608,0.01,3683591582.8125
12519,-10415071.174999999,5893,0.01,5048018395.375
12520,-16683667.049999999,7458,0.01,7193071927.8125
12521,-8887548.725,5444,0.01,6637097357.9375
12522,-3117579.375,3225,0.01,2697079039.375
12523,-4313621.175,3793,0.01,2553723100.03125
12524,-8147624.6,5212,0.01,2534495708.125
12525,-8950301.674999999,5463,0.01,4139355946.59375
12526,-8937270.85,5459,0.01,4896062607.875
12527,-4806685.35,4004,0.01,3627969625.59375
12528,-12649257.35,6494,0.01,5230873917.65625
12529,-5715178.375,4366,0.01,4752862768.6875
12530,-10546596.375,5930,0.01,5500878563.8125
12531,-6355813.35,4604,0.01,4368189497.625
12532,-9317715.725,5574,0.01,5445336122.5625
12533,-8666699.25,5376,0.01,5031069918.09375
12534,-4321409.5,3796,0.01,3590606154.625
12535,-14749920.1,7012,0.01,6727572627.28125
12536,-7037843.725,4844,0.01,5584648682.90625
12537,-1227952.35,2024,0.01,2926866655.125
12538,-20037649.674999997,8173,0.01,9297650213.796875
12539,-5782332.25,4391,0.01,6756375486.9375
12540,-3314749.0,3325,0.01,3903404702.6875
12541,-8935244.924999999,5458,0.01,4367693598.671875
12542,-4167135.9250000003,3728,0.01,3014551232.03125
12543,-16491437.375,7415,0.01,6051414314.421875
12544,-3169310.875,3251,0.01,4773247921.625
12545,-4238722.375,3760,0.01,3464620807.84375
12546,-44468260.5,12175,0.01,18480747800.78125
12547,-5892044.8,4433,0.01,10070860943.3125
12548,-12445508.1,6442,0.01,14307308093.625
12549,-11376594.725,6159,0.01,6459985146.78125
12550,-6655175.75,4711,0.01,4913187700.375
12551,-11764001.799999999,6263,0.01,4962746852.34375
12552,-9303808.625,5570,0.01,5610134076.125
12553,-9210856.725,5542,0.01,5678716704.15625
12554,-6400839.75,4620,0.01,4773121721.21875
12555,-10279329.375,5855,0.01,4836953405.375
12556,-6125874.25,4520,0.01,3993082775.1875
12557,-4964832.85,4069,0.01,2826603158.3125
12558,-10399773.225,5889,0.01,3661594551.703125
12559,-6944387.975,4812,0.01,3870102678.65625
12560,-891071.625,1725,0.01,1368133005.0
12561,-6903850.175,4798,0.01,4212998532.75
12562,-3732098.6750000003,3528,0.01,2937045437.78125
12563,-26617516.749999996,9420,0.01,9264869090.90625
12564,-1978706.6,2569,0.01,5650704924.625
12565,-5530995.1,4294,0.01,11339739626.125
12566,-3342886.975,3339,0.01,8413472923.125
12567,-6989675.3,4828,0.01,3361394252.9375
12568,-4674000.55,3948,0.01,2664265453.53125
12569,-9113542.35,5512,0.01,4161073785.703125
12570,-4306830.75,3790,0.01,3035916133.3125
12571,-2083886.225,2637,0.01,2051171629.1875
12572,-9648095.975,5672,0.01,4653841323.890625
12573,-3610338.875,3470,0.01,3192597162.40625
12574,-8487712.375,5320,0.01,4890148336.0625
12575,-5868927.6,4424,0.01,3741274963.109375
12576,-2171743.35,2692,0.01,1850992332.125
12577,-3302011.975,3319,0.01,2110448764.390625
12578,-3434249.0,3385,0.01,1389708231.03125
12579,-7592590.975,5032,0.01,2020014440.8125
12580,-2240347.35,2734,0.01,1701350802.375
12581,-2694102.5500000003,2998,0.01,1896921350.0625
12582,-4286828.0,3781,0.01,2443906399.421875
12583,-9161799.225,5527,0.01,2672771961.9375
12584,-13724985.25,6765,0.01,5441116664.6875
12585,-2257291.1,2744,0.01,3293032304.0
12586,-884413.0499999999,1718,0.01,1948331604.75
12587,-7516034.75,5006,0.01,3191783006.515625
12588,-2828243.25,3071,0.01,2219113340.0625
12589,-3124178.1750000003,3228,0.01,1946445990.84375
12590,-10972440.424999999,6048,0.01,3175264485.203125
12591,-1566966.975,2287,0.01,2082615617.125
12592,-19445689.35,8052,0.01,7483475799.65625
12593,-5507720.375,4286,0.01,6303182101.0
12594,-5856246.975,4419,0.01,3714753324.28125
12595,-4068853.225,3684,0.01,2463986707.515625
12596,-1264474.475,2054,0.01,1331039484.75
12597,-2235812.0,2731,0.01,1303923511.828125
12598,-1865972.125,2495,0.01,992224182.21875
12599,-2984846.875,3155,0.01,1139345052.328125
12600,-907970.125,1741,0.01,552936363.8203125
12601,-9389321.125,5595,0.01,2088866876.046875
12602,-7176983.35,4892,0.01,3802978772.65625
12603,-7721034.6,5074,0.01,3827542194.90625
12604,-10216432.475,5837,0.01,4475163171.71875
12605,-2214254.9250000003,2718,0.01,2167310440.6875
12606,-1006139.7999999999,1833,0.01,1680987362.03125
12607,-4909286.0,4046,0.01,2185317412.78125
12608,-2814302.975,3064,0.01,1546186077.3125
12609,-1223660.25,2021,0.01,947404190.671875
12610,-1961174.425,2558,0.01,1109428175.75
12611,-14246138.35,6892,0.01,3773840083.0234375
12612,-2632422.5500000003,2963,0.01,3680143232.875
12613,-15200649.225,7119,0.01,8623833088.90625
12614,-3716145.5,3521,0.01,4893413265.9375
12615,-12226957.375,6385,0.01,7915408160.65625
12616,-1372611.5,2140,0.01,2355320718.96875
12617,-6286163.175,4578,0.01,4835489706.15625
12618,-6003511.225,4474,0.01,4344739346.15625
12619,-10493844.625,5915,0.01,4080433055.4375
12620,-15526458.5,7195,0.01,6431991398.4375
12621,-5281374.85,4197,0.01,5647111167.3125
12622,-11261423.549999999,6128,0.01,8265743964.0
12623,-2589486.225,2939,0.01,3005426662.75
12624,-9478691.35,5622,0.01,5449740045.21875
12625,-5355851.375,4226,0.01,4024435273.0625
12626,-8240129.6,5242,0.01,4026073921.71875
12627,-9384879.1,5594,0.01,3881939338.953125
12628,-3783757.475,3552,0.01,3145446693.6875
12629,-1788770.3,2443,0.01,2133864590.6875
12630,-3194395.475,3264,0.01,2865037073.28125
12631,-10824958.299999999,6008,0.01,3251030131.8203125
12632,-1594898.85,2307,0.01,2162971484.125
12633,-17230571.724999998,7579,0.01,8649466927.71875
12634,-11106841.125,6085,0.01,8325938232.71875
12635,-10783519.375,5996,0.01,7675522424.3125
12636,-15209831.0,7121,0.01,8341488527.9375
12637,-9446002.475,5612,0.01,8054714809.6875
12638,-4300917.35,3787,0.01,6403625070.65625
12639,-51597156.87499999,13115,0.01,22883498889.59375
12640,-1931564.05,2538,0.01,7862530708.875
12641,-13710284.25,6761,0.01,30399901403.5
12642,-5588649.975,4317,0.01,6916099755.0625
12643,-17932056.849999998,7732,0.01,6394789265.109375
12644,-7890735.5,5130,0.01,6965023096.1875
12645,-8173893.625,5221,0.01,8049307630.0
12646,-8356338.475,5279,0.01,5184901359.3125
12647,-8479655.549999999,5318,0.01,5128138843.5625
12648,-9120332.375,5515,0.01,5192554421.53125
12649,-12173630.375,6371,0.01,6304077103.8125
12650,-9121153.875,5515,0.01,6411406117.6875
12651,-7418689.35,4974,0.01,5624003963.4375
12652,-3011022.975,3169,0.01,2344671003.3125
12653,-4290914.05,3783,0.01,3127637111.96875
12654,-9051674.725,5494,0.01,3861138589.359375
12655,-13886146.6,6804,0.01,5554509797.875
12656,-3691605.475,3509,0.01,4387280179.8125
12657,-1895410.25,2515,0.01,3208787991.375
12658,-9621435.975,5664,0.01,6371548700.328125
12659,-6968709.0,4821,0.01,4407577219.09375
12660,-3394668.125,3365,0.01,2566851683.78125
12661,-16527068.299999999,7423,0.01,6306718634.046875
12662,-10239295.549999999,5843,0.01,7095742280.34375
12663,-6942973.725,4812,0.01,7156717363.875
12664,-10867903.0,6020,0.01,6232708786.21875
12665,-33998032.62499999,10646,0.01,15184162843.71875
12666,-11532956.875,6201,0.01,15521981040.84375
12667,-8411056.875,5296,0.01,12443259337.40625
12668,-7848424.25,5116,0.01,5061459506.90625
12669,-3820500.625,3570,0.01,2967455282.25
12670,-19368370.625,8036,0.01,7092435120.953125
12671,-30662846.25,10111,0.01,16064547429.25
12672,-11025472.549999999,6063,0.01,9501246981.375
12673,-4978256.625,4075,0.01,4789440775.4375
12674,-4697014.05,3958,0.01,3974595008.71875
12675,-1691619.5,2376,0.01,2199313158.109375
12676,-12813138.75,6536,0.01,4140937636.703125
12677,-2241694.5,2735,0.01,3191526016.5
12678,-4104367.625,3700,0.01,3428563846.875
12679,-3922104.6,3617,0.01,3367824645.734375
12680,-4061108.25,3680,0.01,1657899482.640625
12681,-5991583.75,4470,0.01,2068605057.421875
12682,-6831762.925,4773,0.01,2668938046.390625
12683,-2337274.85,2792,0.01,1751421026.03125
12684,-21296913.999999996,8426,0.01,7996331100.3125
12685,-9814061.5,5720,0.01,10344948154.375
12686,-6874562.05,4788,0.01,8208632991.625
12687,-2953293.975,3139,0.01,2785094244.3125
12688,-2346239.5500000003,2798,0.01,2324008064.09375
12689,-4119724.975,3707,0.01,2196106703.0625
12690,-6190788.6,4544,0.01,2054457171.265625
12691,-4339039.725,3804,0.01,1966617036.9375
12692,-2147870.475,2677,0.01,1674865809.265625
12693,-6045434.75,4490,0.01,2613867545.234375
12694,-11046326.6,6069,0.01,3949903272.21875
12695,-4909027.875,4046,0.01,3592077222.0
12696,-10924159.875,6035,0.01,4734917383.0
12697,-18079125.475,7764,0.01,7116481590.5
12698,-8212852.175,5233,0.01,6968137562.65625
12699,-7437977.75,4980,0.01,4835524229.0625
12700,-2275333.0,2755,0.01,2396788562.625
12701,-12733407.75,6516,0.01,5537129667.015625
12702,-9977047.424999999,5768,0.01,5970502487.84375
12703,-2139491.725,2672,0.01,2296450255.875
12704,-9834600.225,5727,0.01,5614808926.96875
12705,-6053204.425,4493,0.01,4548565392.78125
12706,-9124508.375,5516,0.01,4476727676.75
12707,-5811076.6,4402,0.01,3380593276.546875
12708,-8047487.0,5180,0.01,3415964411.34375
12709,-6854419.5,4781,0.01,3514098075.375
12710,-3797493.475,3559,0.01,2631957396.71875
12711,-5518645.0,4290,0.01,3265436855.953125
12712,-2033514.25,2605,0.01,1805096945.15625
12713,-4832998.25,4015,0.01,2067927475.703125
12714,-27796752.225,9627,0.01,9508102693.0625
12715,-11487349.975,6189,0.01,10609671616.5
12716,-4596785.375,3915,0.01,6387005000.375
12717,-4823389.125,4011,0.01,4507099291.28125
12718,-9100925.975,5509,0.01,4639075682.25
12719,-4628106.1,3929,0.01,3084257904.96875
12720,-4307024.125,3790,0.01,2520860341.15625
12721,-5578520.425,4313,0.01,2856290509.359375
12722,-12865507.875,6550,0.01,3940184695.921875
12723,-4164851.975,3727,0.01,3940380410.9375
12724,-8230859.85,5239,0.01,4997678415.5
12725,-2123636.725,2662,0.01,2140689914.625
12726,-8075395.85,5189,0.01,3173699194.078125
12727,-2573651.5,2930,0.01,2151504413.6875
12728,-28943909.174999997,9823,0.01,11870017705.171875
12729,-2932185.475,3127,0.01,7294992536.3125
12730,-40045041.974999994,11554,0.01,27780311437.6875
12731,-4060468.25,3680,0.01,7789778451.8125
12732,-8379675.625,5286,0.01,6382017444.609375
12733,-7347443.25,4950,0.01,4426882173.21875
12734,-13906263.1,6809,0.01,5665750463.8125
12735,-15458675.6,7179,0.01,8178389765.125
12736,-6426002.975,4629,0.01,7037510400.9375
12737,-5851057.975,4417,0.01,6812400792.4375
12738,-9217295.35,5544,0.01,4367213386.78125
12739,-7567163.425,5023,0.01,4297861556.4375
12740,-4561323.0,3900,0.01,3676431226.40625
12741,-8663583.5,5375,0.01,4636481987.671875
12742,-3742818.9250000003,3533,0.01,2992976288.03125
12743,-7644741.725,5049,0.01,4040020588.0625
12744,-4893824.125,4040,0.01,2939341286.5625
12745,-7144260.75,4881,0.01,3323098825.25
12746,-6275963.625,4575,0.01,3107282806.375
12747,-4026636.75,3665,0.01,2418663758.375
12748,-17492819.35,7637,0.01,5566287596.484375
12749,-3489649.35,3412,0.01,4829760309.8125
12750,-7314479.1,4939,0.01,3670087662.859375
12751,-3108630.75,3220,0.01,2316030427.25
12752,-5049720.725,4104,0.01,2492728118.203125
12753,-4386779.375,3825,0.01,2255230218.8125
12754,-2074798.75,2631,0.01,1332263549.828125
12755,-14507952.5,6955,0.01,4214271471.015625
12756,-7925236.125,5141,0.01,5897497226.46875
12757,-9631110.85,5667,0.01,5883592276.21875
12758,-4886772.475,4037,0.01,3519490366.9375
12759,-4841946.05,4018,0.01,2452331493.90625
12760,-8928222.5,5456,0.01,3312672238.28125
12761,-11941804.5,6310,0.01,5181887620.96875
12762,-39231169.74999999,11436,0.01,18020229934.40625
12763,-8142212.5,5210,0.01,17436541097.25
12764,-8711099.6,5389,0.01,18040238491.5625
12765,-2974592.75,3150,0.01,3372213252.6875
12766,-8533581.0,5335,0.01,4207398973.671875
12767,-9608124.5,5660,0.01,4588040163.96875
12768,-6547759.05,4673,0.01,3775678858.53125
12769,-14713669.725,7004,0.01,5536682448.90625
12770,-10038134.0,5785,0.01,6739630877.875
12771,-1172758.05,1978,0.01,2158151477.875
12772,-3045018.975,3187,0.01,3951048628.78125
12773,-8334533.85,5272,0.01,5148313456.796875
12774,-6233066.475,4559,0.01,3180154061.234375
12775,-10092526.0,5801,0.01,4172502678.21875
12776,-8388261.475,5289,0.01,4642943312.9375
12777,-8211941.425,5233,0.01,4904487316.46875
12778,-8631263.625,5365,0.01,4373486749.78125
12779,-4997801.425,4083,0.01,3311510635.5
12780,-21578410.35,8482,0.01,8458521786.515625
12781,-1728043.25,2401,0.01,4682299530.375
12782,-17612151.05,7663,0.01,16852514839.375
12783,-6306611.625,4586,0.01,6670482390.5625
12784,-2202817.125,2711,0.01,4178548486.75
12785,-3170533.35,3252,0.01,4578971079.890625
12786,-6964946.975,4819,0.01,2721776380.234375
12787,-10026912.1,5782,0.01,4067205750.796875
12788,-5036915.675,4098,0.01,3898014684.46875
12789,-3322192.475,3329,0.01,2848094088.625
12790,-4490486.625,3870,0.01,2616487700.1875
12791,-9172112.125,5530,0.01,3083181857.578125
12792,-11717810.5,6251,0.01,5037111254.1875
12793,-1366984.875,2136,0.01,2326992056.84375
12794,-2764197.225,3037,0.01,3208517302.78125
12795,-11615186.174999999,6223,0.01,5355632698.0
12796,-3487937.375,3411,0.01,3565903427.90625
12797,-5092344.375,4121,0.01,4057689752.09375
12798,-14503920.85,6954,0.01,5480805534.375
12799,-19889865.049999997,8143,0.01,9728897983.53125
12800,-7222944.3,4908,0.01,7803687845.875
12801,-3410988.0500000003,3373,0.01,6220544782.0
12802,-17378334.475,7612,0.01,8580667542.265625
12803,-8161616.475,5217,0.01,7345516543.8125
12804,-5139410.875,4140,0.01,5719616021.625
12805,-11734463.25,6255,0.01,4519145475.6875
12806,-5528806.1,4294,0.01,3888541616.4375
12807,-9394807.475,5597,0.01,4959766230.21875
12808,-6584802.625,4686,0.01,3918487315.15625
12809,-5194058.475,4162,0.01,3132459340.59375
12810,-5162157.725,4149,0.01,2491130627.34375
12811,-10099493.424999999,5803,0.01,3512913686.90625
12812,-12910954.25,6561,0.01,5626230295.15625
12813,-7557433.375,5020,0.01,5510336317.53125
12814,-5580188.475,4314,0.01,4030254956.0
12815,-3423623.475,3379,0.01,2602894147.15625
12816,-8086428.8,5193,0.01,3303381448.8125
12817,-8141712.0,5210,0.01,4095077349.625
12818,-3727613.375,3526,0.01,2860007724.9375
12819,-15829913.75,7265,0.01,6701033088.9375
12820,-15144741.25,7106,0.01,8990185161.875
12821,-27130546.249999996,9510,0.01,14974678441.5625
12822,-14850949.6,7037,0.01,11591925819.71875
12823,-11217901.875,6116,0.01,9941517373.53125
12824,-2298194.1,2769,0.01,3884956664.71875
12825,-15555215.35,7202,0.01,7152992010.125
12826,-3255192.375,3295,0.01,4739596239.0625
12827,-2761617.75,3035,0.01,3309688844.0
12828,-23511559.799999997,8853,0.01,9582394277.140625
12829,-3898871.75,3606,0.01,6731414488.5625
12830,-5024054.675,4093,0.01,7638310903.875
12831,-5734420.8,4373,0.01,5023137138.40625
12832,-10159328.5,5820,0.01,4323158211.4375
12833,-12202979.975,6379,0.01,5346936039.5625
12834,-10142996.25,5816,0.01,5904852786.96875
12835,-2157346.5500000003,2683,0.01,2978352959.03125
12836,-10805850.674999999,6003,0.01,6869855099.28125
12837,-5647870.125,4340,0.01,4709188060.5625
12838,-6624015.5,4700,0.01,3544952815.875
12839,-2692968.975,2997,0.01,2101345235.5
12840,-678297.25,1505,0.01,1055740791.90625
12841,-5272267.175,4193,0.01,2563044778.234375
12842,-7159959.625,4886,0.01,2761830031.234375
12843,-3396621.125,3366,0.01,2063667614.921875
12844,-2175638.6,2694,0.01,1623200665.296875
12845,-4436606.35,3847,0.01,1966621063.671875
12846,-2089037.375,2640,0.01,1086940531.90625
12847,-8392769.25,5290,0.01,2169530932.5
12848,-17751520.299999997,7693,0.01,6267173714.09375
12849,-3197205.0,3266,0.01,4790354512.8125
12850,-3606548.225,3469,0.01,3413239263.71875
12851,-4082127.125,3690,0.01,3042369280.34375
12852,-3622339.125,3476,0.01,1572939158.6875
12853,-1548319.3,2273,0.01,846459373.78125
12854,-3929471.625,3620,0.01,1263452347.984375
12855,-5326092.975,4214,0.01,1785088026.5
12856,-14803538.75,7025,0.01,4632731321.4375
12857,-10438659.25,5900,0.01,6512091299.65625
12858,-6900813.85,4797,0.01,5696233012.0625
12859,-5067609.5,4111,0.01,2904130124.203125
12860,-10522170.424999999,5923,0.01,4325767363.234375
12861,-7502269.225,5002,0.01,3989682618.53125
12862,-6193323.5,4545,0.01,3221966833.78125
12863,-4254392.475,3767,0.01,2668021404.78125
12864,-5442248.25,4260,0.01,2534216468.3125
12865,-5818320.25,4405,0.01,2520505844.125
12866,-6980623.875,4825,0.01,2926782587.859375
12867,-10480658.85,5912,0.01,4072245697.90625
12868,-8070787.675,5188,0.01,4622273685.625
12869,-10107263.625,5805,0.01,5507671931.3125
12870,-6783018.125,4756,0.01,4361925980.25
12871,-4770707.725,3989,0.01,3471854737.78125
12872,-3710533.3000000003,3518,0.01,2548633458.953125
12873,-2892185.5,3106,0.01,2000622189.984375
12874,-12380321.0,6425,0.01,3429434273.515625
12875,-1760073.175,2423,0.01,2642228915.53125
12876,-18625765.749999996,7880,0.01,8817913244.875
12877,-5569985.25,4310,0.01,5981294181.96875
12878,-7387623.3,4963,0.01,4099547302.4375
12879,-1276527.225,2064,0.01,1668490346.6875
12880,-5327417.375,4215,0.01,2842255132.875
12881,-4660299.725,3942,0.01,2344063224.953125
12882,-8567650.375,5345,0.01,2863674034.0
12883,-7273697.5,4925,0.01,3676044024.453125
12884,-9264409.049999999,5558,0.01,4483442723.1875
12885,-6861876.425,4783,0.01,4152530319.96875
12886,-8104119.8,5198,0.01,4542146005.625
12887,-2263672.3000000003,2748,0.01,2050219927.484375
12888,-19246171.374999996,8010,0.01,8211905952.5
12889,-11141896.25,6095,0.01,8211684552.125
12890,-10042799.225,5787,0.01,8555575829.875
12891,-20405388.424999997,8248,0.01,9676326195.84375
12892,-1574296.1,2292,0.01,4427864202.1875
12893,-13672566.975,6752,0.01,13241346716.3125
12894,-25454725.599999998,9212,0.01,11930784063.5625
12895,-3003108.5,3165,0.01,6450823843.1875
12896,-3442766.475,3389,0.01,6445770250.09375
12897,-6351180.85,4602,0.01,6297329231.5
12898,-11413804.475,6169,0.01,4091149980.625
12899,-5540785.725,4299,0.01,4157033293.28125
12900,-18654783.1,7887,0.01,7137298082.0
12901,-6576121.175,4683,0.01,6597735260.40625
12902,-1242224.375,2036,0.01,3593477193.1875
12903,-8067058.125,5186,0.01,7497502785.875
12904,-2787022.725,3049,0.01,3076451585.84375
12905,-12124278.924999999,6358,0.01,5221244451.171875
12906,-10600353.875,5945,0.01,5788169517.6875
12907,-4522104.1,3884,0.01,4015773098.59375
12908,-6751113.875,4745,0.01,3233710018.1875
12909,-3738492.375,3531,0.01,2238967375.046875
12910,-5428644.75,4255,0.01,2177678998.625
12911,-9584081.424999999,5653,0.01,3263051274.75
12912,-3690704.4250000003,3508,0.01,2824391142.375
12913,-5286812.225,4199,0.01,3760851773.0
12914,-1224089.5,2021,0.01,2055388096.0
12915,-11825058.475,6279,0.01,4119442408.09375
12916,-5673783.75,4350,0.01,4893430172.0625
12917,-2130590.25,2666,0.01,2623335272.6875
12918,-1100921.225,1917,0.01,2221748034.0
12919,-8397679.35,5292,0.01,3615685481.03125
12920,-2219347.125,2721,0.01,2310225669.5
12921,-18629154.999999996,7881,0.01,7020319803.875
12922,-1884841.425,2508,0.01,3978642136.1875
12923,-16715442.375,7466,0.01,6428080018.03125
12924,-15594436.75,7211,0.01,8280244819.8125
12925,-3982404.25,3645,0.01,4751526777.3125
12926,-13431617.6,6692,0.01,5904237121.421875
12927,-26119055.975,9332,0.01,11457337651.71875
12928,-9104065.875,5510,0.01,8818346573.59375
12929,-2604776.0500000003,2948,0.01,3338380579.5625
12930,-2712075.9250000003,3008,0.01,2705636831.171875
12931,-1092087.975,1909,0.01,1124734683.640625
12932,-5403685.5,4245,0.01,2043163161.859375
12933,-11756014.0,6261,0.01,3565377222.96875
12934,-3658364.4250000003,3493,0.01,3224905434.21875
12935,-4580271.8,3908,0.01,3687324639.65625
12936,-12169899.375,6370,0.01,4732432541.734375
12937,-15344099.799999999,7153,0.01,6984168260.09375
12938,-6424735.475,4629,0.01,5755708443.5
12939,-13818452.424999999,6788,0.01,5724094551.453125
12940,-5282236.475,4197,0.01,4840032474.8125
12941,-7153495.35,4884,0.01,3311605618.5625
12942,-950215.0,1781,0.01,1329736446.4375
12943,-3496446.875,3415,0.01,2570637912.390625
12944,-4468554.875,3860,0.01,2424913186.671875
12945,-2770544.75,3040,0.01,1506071204.328125
12946,-2866868.6,3092,0.01,1374893470.5
12947,-6996761.375,4830,0.01,2172225670.84375
12948,-6456075.125,4640,0.01,2925328134.21875
12949,-1316486.375,2096,0.01,1541075467.65625
12950,-711366.375,1541,0.01,1284098220.59375
12951,-2291823.875,2765,0.01,2308655136.515625
12952,-4948179.85,4062,0.01,2416267420.7421875
12953,-3855789.875,3586,0.01,1608045513.09375
12954,-1745215.425,2413,0.01,1135737457.59375
12955,-10113661.975,5807,0.01,3000870529.359375
12956,-8461271.975,5312,0.01,4706793612.40625
12957,-6603313.55,4693,0.01,4473499299.0625
12958,-9412902.35,5602,0.01,4611481369.53125
12959,-1674420.8,2363,0.01,2122529968.78125
12960,-6752886.375,4745,0.01,4141748852.4375
12961,-5259568.675,4188,0.01,3664080255.65625
12962,-2255061.8000000003,2743,0.01,1743033610.703125
12963,-6536719.35,4669,0.01,2637551779.828125
12964,-6414245.875,4625,0.01,2869210146.359375
12965,-3214770.0,3275,0.01,2124856607.0625
12966,-8976104.125,5471,0.01,3668677466.671875
12967,-12308540.625,6406,0.01,5509311341.21875
12968,-6492845.675,4653,0.01,5044067661.40625
12969,-4646418.25,3936,0.01,4510289716.5625
12970,-3449664.225,3392,0.01,2975265753.09375
12971,-5929303.225,4447,0.01,2933875815.96875
12972,-1744897.425,2413,0.01,1475997714.359375
12973,-4005695.625,3655,0.01,2243938397.0625
12974,-6071545.25,4500,0.01,2390869492.609375
12975,-16675575.475,7457,0.01,5369731941.015625
12976,-10748185.975,5987,0.01,6944101269.875
12977,-1780544.6,2437,0.01,2427870662.375
12978,-3768798.875,3545,0.01,3027823937.5625
12979,-4850376.35,4022,0.01,2528218051.546875
12980,-13572315.225,6727,0.01,4037699114.421875
12981,-12258806.799999999,6393,0.01,6747397446.90625
12982,-11570638.125,6211,0.01,7192574770.71875
12983,-15018122.75,7076,0.01,8866237753.40625
12984,-13910710.5,6810,0.01,9001135509.90625
12985,-6237965.25,4561,0.01,7503549035.28125
12986,-2466923.475,2869,0.01,3675933664.25
12987,-16135672.375,7335,0.01,7413871845.015625
12988,-15543128.725,7199,0.01,8979630752.375
12989,-3421342.5500000003,3378,0.01,5279910795.75
12990,-10057444.5,5791,0.01,6845949747.03125
12991,-7343773.1,4949,0.01,4394725569.15625
12992,-4725482.375,3970,0.01,3269794814.28125
12993,-13463304.375,6700,0.01,5211254486.90625
12994,-1338154.925,2113,0.01,2487063043.59375
12995,-4663923.725,3944,0.01,3478918684.75
12996,-18309285.549999997,7813,0.01,6115973283.71875
12997,-3205591.25,3270,0.01,5088177533.3125
12998,-10067613.475,5794,0.01,4503639464.15625
12999,-13348943.225,6672,0.01,5808601407.78125
13000,-11931001.225,6307,0.01,6251002010.9375
13001,-4346082.85,3807,0.01,4325388379.3125
13002,-12770759.875,6525,0.01,7379971511.78125
13003,-9546014.85,5642,0.01,5440511732.90625
13004,-4086510.725,3692,0.01,3613535253.15625
13005,-3665349.225,3497,0.01,2717445317.875
13006,-7241515.475,4914,0.01,3154797369.75
13007,-11881078.225,6294,0.01,4424232893.328125
13008,-12757817.975,6522,0.01,6272529461.1875
13009,-3524921.6,3429,0.01,4550894456.8125
13010,-8167139.1,5219,0.01,5946872872.40625
13011,-8204972.875,5231,0.01,4373996486.84375
13012,-3546745.85,3439,0.01,2507604313.25
13013,-1096879.425,1913,0.01,1414256067.0625
13014,-3132176.225,3232,0.01,2244335901.59375
13015,-4548980.125,3895,0.01,1840893081.0390625
13016,-6304324.125,4585,0.01,2207904271.421875
13017,-2317685.0,2781,0.01,1599851066.53125
13018,-6525309.25,4665,0.01,2657351318.65625
13019,-770212.6,1604,0.01,1238348077.65625
13020,-3464068.725,3399,0.01,2115184456.15625
13021,-3184336.475,3259,0.01,1633234635.796875
13022,-5705253.85,4362,0.01,1823205486.3125
13023,-20199261.624999996,8206,0.01,6309551293.234375
13024,-5769866.1,4387,0.01,6431215324.875
13025,-12034491.625,6335,0.01,5880940540.515625
13026,-7385257.425,4963,0.01,4672966458.21875
13027,-9166797.475,5529,0.01,4014782626.03125
13028,-5072230.55,4113,0.01,3367835026.4375
13029,-6491644.175,4653,0.01,3021342306.15625
13030,-11987175.725,6322,0.01,4497809314.25
13031,-17157041.174999997,7563,0.01,7607532478.46875
13032,-5680531.6,4352,0.01,6665353276.4375
13033,-2112767.5,2655,0.01,4626081166.875
13034,-8820669.049999999,5423,0.01,6136497884.015625
13035,-4683757.225,3952,0.01,3457176437.75
13036,-1588969.925,2303,0.01,1909738622.9375
13037,-2880173.75,3100,0.01,2583320691.046875
13038,-17072740.0,7545,0.01,5343976113.734375
13039,-3502049.1750000003,3418,0.01,5053051985.625
13040,-8243930.3,5243,0.01,7788699096.125
13041,-14270109.924999999,6898,0.01,6111310012.765625
13042,-6414098.625,4625,0.01,5065173970.46875
13043,-5188416.0,4160,0.01,4648055030.6875
13044,-1690623.625,2375,0.01,2199662841.296875
13045,-8809839.875,5420,0.01,3721768118.265625
13046,-9495093.35,5627,0.01,4501094374.625
13047,-14604479.174999999,6978,0.01,6689499692.9375
13048,-12364931.625,6421,0.01,7711770123.46875
13049,-5391153.75,4240,0.01,5535605737.90625
13050,-3841043.35,3579,0.01,2474251640.34375
13051,-10160277.75,5820,0.01,4236519860.375
13052,-3501083.1,3417,0.01,3046277868.15625
13053,-8594943.674999999,5353,0.01,4745920452.71875
13054,-1860036.0,2491,0.01,2373397497.40625
13055,-2674107.475,2987,0.01,2425441019.0625
13056,-7537967.35,5014,0.01,3606015395.546875
13057,-2498092.225,2887,0.01,1870881339.15625
13058,-14759901.5,7015,0.01,5602251548.21875
13059,-6565215.6,4679,0.01,5769976772.25
13060,-7218493.875,4906,0.01,5175633411.3125
13061,-3439027.225,3387,0.01,2512792854.78125
13062,-5421011.6,4252,0.01,2723235696.546875
13063,-7879394.0,5126,0.01,3159010260.375
13064,-4185039.0,3736,0.01,2882074339.21875
13065,-10682352.049999999,5968,0.01,4668809524.859375
13066,-2953384.6,3139,0.01,3266181794.53125
13067,-2082201.125,2636,0.01,2619773999.40625
13068,-6888770.175,4793,0.01,4509195609.75
13069,-13156751.674999999,6623,0.01,4986685174.421875
13070,-4216703.875,3750,0.01,4285466674.03125
13071,-4539514.125,3891,0.01,3391530571.96875
13072,-3253158.725,3294,0.01,2223538089.25
13073,-12416340.6,6434,0.01,3749886503.359375
13074,-6450976.175,4638,0.01,4995671816.84375
13075,-834875.0,1670,0.01,1676486764.5
13076,-14751277.049999999,7013,0.01,6491606720.5625
13077,-13074370.174999999,6603,0.01,7899715750.59375
13078,-5357956.6,4227,0.01,5110721273.53125
13079,-3227530.75,3281,0.01,2182321270.078125
13080,-8134981.425,5208,0.01,3305552186.390625
13081,-11111364.6,6087,0.01,4856838358.90625
13082,-4206894.125,3746,0.01,4054730601.625
13083,-747722.125,1580,0.01,1710212489.9375
13084,-8556258.725,5342,0.01,6067060988.8125
13085,-653603.225,1477,0.01,1422011714.8125
13086,-5402531.625,4245,0.01,3623702707.59375
13087,-5599949.225,4322,0.01,2908201832.5
13088,-6080479.675,4503,0.01,2534492967.921875
13089,-8719666.725,5392,0.01,3395886334.609375
13090,-5883254.725,4429,0.01,3062896029.625
13091,-6568204.625,4680,0.01,3318046804.46875
13092,-5613556.725,4327,0.01,2850085395.96875
13093,-3708515.6,3517,0.01,2277784892.359375
13094,-7000000.625,4831,0.01,2978836283.578125
13095,-3083649.725,3207,0.01,2312412494.90625
13096,-7100612.25,4866,0.01,3342793628.0625
13097,-4022529.3000000003,3663,0.01,2678631785.34375
13098,-8199500.225,5229,0.01,3378600841.9375
13099,-4158063.475,3724,0.01,2720984840.25
13100,-6712385.375,4731,0.01,3079249066.203125
13101,-6612995.5,4696,0.01,3031646658.640625
13102,-11325380.625,6145,0.01,4082731637.09375
13103,-10915530.299999999,6033,0.01,5498579733.0
13104,-5867251.175,4423,0.01,4609322622.15625
13105,-12809058.625,6535,0.01,4748561967.609375
13106,-1676491.875,2365,0.01,2477675275.90625
13107,-42129251.74999999,11851,0.01,18643115514.375
13108,-3429693.725,3382,0.01,8336436112.9375
13109,-958559.2999999999,1788,0.01,6809551399.75
13110,-2029539.975,2602,0.01,9485375861.375
13111,-8686773.35,5382,0.01,8293110906.46875
13112,-6196605.75,4546,0.01,3755238940.03125
13113,-3834711.625,3576,0.01,2390928890.640625
13114,-6332130.75,4595,0.01,2659818731.296875
13115,-10175803.0,5825,0.01,3865747289.734375
13116,-6934935.6,4809,0.01,4182292388.8125
13117,-2010925.5,2590,0.01,2433364468.71875
13118,-2553041.0500000003,2918,0.01,2932406638.4375
13119,-9373586.125,5590,0.01,3946618299.65625
13120,-14163146.975,6872,0.01,6366044200.875
13121,-13245165.375,6645,0.01,8777912122.75
13122,-4669431.375,3946,0.01,5905347249.875
13123,-2804836.975,3059,0.01,3762230085.90625
13124,-4688016.975,3954,0.01,3734645882.15625
13125,-3733076.725,3529,0.01,1972717695.578125
13126,-16878204.6,7502,0.01,5212105243.375
13127,-5257200.975,4187,0.01,5529895090.75
13128,-10393037.975,5887,0.01,6698967542.84375
13129,-7905149.975,5134,0.01,4780212795.03125
13130,-3260649.5500000003,3298,0.01,2929794626.1875
13131,-4359731.05,3813,0.01,3205475551.78125
13132,-5651459.25,4341,0.01,2841927167.953125
13133,-2689286.5,2995,0.01,1789355275.203125
13134,-6235195.75,4560,0.01,2874102028.5625
13135,-4228962.375,3756,0.01,2479337748.515625
13136,-4474880.05,3863,0.01,2244030858.78125
13137,-13957090.375,6821,0.01,4827302201.9375
13138,-7327660.3,4943,0.01,5411441937.21875
13139,-8366401.725,5282,0.01,5991384680.0625
13140,-9348284.299999999,5583,0.01,4723606318.625
13141,-1479090.6,2222,0.01,1930615397.53125
13142,-4721588.675,3968,0.01,4001643494.21875
13143,-1119758.925,1933,0.01,1617300937.1875
13144,-7025363.75,4840,0.01,3040071994.0
13145,-7587591.5,5030,0.01,3439381037.671875
13146,-9069391.975,5499,0.01,4114884841.21875
13147,-10310243.549999999,5863,0.01,5194339959.8125
13148,-14985048.549999999,7068,0.01,7426170477.0625
13149,-5607145.225,4324,0.01,6085940315.8125
13150,-12683599.549999999,6503,0.01,8410285753.125
13151,-7630352.1,5044,0.01,5839509712.09375
13152,-6610365.5,4695,0.01,6003560801.40625
13153,-10618017.625,5950,0.01,5485577631.0
13154,-9340149.75,5581,0.01,5200915529.09375
13155,-1894242.1,2514,0.01,2344069461.46875
13156,-11188922.299999999,6108,0.01,5879476577.90625
13157,-10733753.174999999,5983,0.01,6066391960.59375
13158,-7347080.0,4950,0.01,4619858111.8125
13159,-3403640.725,3369,0.01,2749101305.3125
13160,-1400628.85,2162,0.01,1868203883.75
13161,-6480920.85,4649,0.01,3125375935.625
13162,-8839585.475,5429,0.01,3322042317.40625
13163,-11202713.6,6112,0.01,4704601062.90625
13164,-6607163.35,4694,0.01,4899759396.8125
13165,-11394217.1,6164,0.01,6035271533.0
13166,-4595035.5,3915,0.01,3915727808.46875
13167,-13296295.174999999,6658,0.01,6809593079.3125
13168,-8406477.225,5294,0.01,6026173373.0
13169,-3838881.8000000003,3578,0.01,4474915796.8125
13170,-8944916.6,5462,0.01,4175869452.421875
13171,-1860780.475,2492,0.01,1951003660.6875
13172,-4086714.225,3692,0.01,2484166853.546875
13173,-8889450.85,5444,0.01,3254720108.1875
13174,-2568615.975,2927,0.01,2169781034.25
13175,-11813247.75,6276,0.01,4635325005.4375
13176,-9977520.299999999,5768,0.01,5430121223.28125
13177,-12074678.25,6345,0.01,5991632112.40625
13178,-2402421.875,2831,0.01,2867586151.125
13179,-3010509.35,3169,0.01,2891837119.3125
13180,-9563675.475,5647,0.01,3108611202.953125
13181,-2704915.6,3004,0.01,2422748270.8125
13182,-4316455.475,3794,0.01,2473706579.6875
13183,-12937726.299999999,6568,0.01,4116152888.609375
13184,-9608178.75,5660,0.01,6010207999.46875
13185,-23021165.625,8761,0.01,10126615323.375
13186,-2294984.35,2767,0.01,5969046101.4375
13187,-26425549.499999996,9386,0.01,15577556139.75
13188,-6803085.05,4763,0.01,10788262289.3125
13189,-3732863.35,3529,0.01,7581662867.25
13190,-7616035.875,5040,0.01,5062616752.0625
13191,-13885726.475,6804,0.01,5090072684.875
13192,-26340733.124999996,9371,0.01,12260505304.8125
13193,-4331674.625,3801,0.01,7107632659.5625
13194,-8933477.424999999,5458,0.01,11922464192.5625
13195,-6865022.375,4785,0.01,5005475893.34375
13196,-4096655.85,3697,0.01,2595017713.375
13197,-7535505.425,5013,0.01,3114674857.5625
13198,-6197921.375,4546,0.01,2985159681.9375
13199,-36220717.175000004,10988,0.01,14530415309.953125
13200,-4335064.975,3802,0.01,8594844640.4375
13201,-14861060.225,7039,0.01,15883141859.0625
13202,-6676024.3,4718,0.01,6340931639.4375
13203,-8669632.225,5377,0.01,6219994284.25
13204,-13146278.375,6621,0.01,5560911453.59375
13205,-1670643.875,2361,0.01,2572968538.5
13206,-2613455.8000000003,2953,0.01,3299653016.96875
13207,-1474190.175,2218,0.01,1683061112.46875
13208,-991194.1,1819,0.01,1179427284.9375
13209,-2976207.625,3151,0.01,1144122893.71875
13210,-990675.475,1819,0.01,565378656.234375
13211,-4251789.875,3766,0.01,1082942762.4453125
13212,-11053891.375,6071,0.01,3113817975.1875
13213,-20920639.249999996,8351,0.01,7702380265.59375
13214,-2356854.975,2804,0.01,5167215483.9375
13215,-9712118.5,5691,0.01,11225284896.6875
13216,-27214731.374999996,9525,0.01,12170146800.0625
13217,-36869905.725,11087,0.01,21418558183.8125
13218,-24884085.049999997,9108,0.01,19906346044.875
13219,-8856129.225,5434,0.01,12649178060.5
13220,-2758784.4250000003,3033,0.01,7941197707.6875
13221,-2872771.5,3096,0.01,5539695401.3125
13222,-7092696.175,4863,0.01,5208393753.09375
13223,-19124170.374999996,7985,0.01,6685501123.9375
13224,-12914331.1,6562,0.01,9033236531.1875
13225,-18871785.974999998,7932,0.01,11926487962.28125
13226,-3498332.375,3416,0.01,6136235091.5
13227,-7030920.725,4842,0.01,6190042377.0
13228,-14354470.799999999,6918,0.01,6125745460.171875
13229,-5605410.05,4323,0.01,5710858425.875
13230,-9686703.799999999,5683,0.01,5950198245.5625
13231,-8387524.8,5288,0.01,4302450070.328125
13232,-7738856.5,5080,0.01,4948426373.25
13233,-23414251.874999996,8835,0.01,9206738565.03125
13234,-29451899.35,9909,0.01,19655072625.8125
13235,-12025464.35,6332,0.01,10885995726.9375
13236,-7964715.05,5153,0.01,8424312380.25
13237,-4569541.475,3904,0.01,4970199302.78125
13238,-2177498.375,2695,0.01,2705810169.0
13239,-9094288.725,5507,0.01,3630836583.671875
13240,-7300504.85,4934,0.01,4214936339.1875
13241,-20076507.1,8182,0.01,7799825388.875
13242,-7796695.1,5099,0.01,7031092411.40625
13243,-7346649.375,4950,0.01,4486535134.03125
13244,-3252014.225,3294,0.01,2631682304.46875
13245,-2453292.875,2861,0.01,2079579776.6875
13246,-6083764.85,4504,0.01,2196935967.6875
13247,-2519871.225,2899,0.01,1736921397.40625
13248,-7482002.75,4995,0.01,2652457222.109375
13249,-9813886.625,5720,0.01,4190064440.25
13250,-5898316.25,4435,0.01,3437723454.6875
13251,-7082932.625,4860,0.01,3606829806.34375
13252,-18525312.975,7859,0.01,6958903882.234375
13253,-24959402.099999998,9122,0.01,14133656214.625
13254,-11420336.125,6171,0.01,10568344667.1875
13255,-10112475.85,5807,0.01,8674274124.375
13256,-6525102.625,4665,0.01,5588769740.03125
13257,-17512480.374999996,7641,0.01,7035883447.578125
13258,-11196576.0,6110,0.01,8461338346.625
13259,-5331412.85,4217,0.01,5677566137.3125
13260,-7559469.5,5021,0.01,4129525336.875
13261,-5647888.375,4340,0.01,2784342588.578125
13262,-10824727.799999999,6008,0.01,3666919398.75
13263,-15435984.85,7174,0.01,6331552677.3125
13264,-17087615.05,7548,0.01,8852020542.0
13265,-11119905.975,6089,0.01,8447120462.0
13266,-7090240.225,4862,0.01,6283464832.28125
13267,-14604385.424999999,6978,0.01,7895502239.6875
13268,-1709567.175,2388,0.01,3177644918.6875
13269,-7599381.6,5034,0.01,6848645952.90625
13270,-9714257.875,5691,0.01,6165598433.859375
13271,-6057154.85,4494,0.01,3934409150.53125
13272,-9808628.1,5719,0.01,4839133958.34375
13273,-4845299.0,4020,0.01,3289558854.5
13274,-5743388.725,4377,0.01,3423217000.28125
13275,-9067446.1,5499,0.01,3739289243.21875
13276,-8760417.25,5405,0.01,3962937313.65625
13277,-4129084.75,3711,0.01,2777715480.34375
13278,-2555157.125,2920,0.01,1922634195.828125
13279,-4236492.35,3759,0.01,2278228002.5625
13280,-2194949.5,2706,0.01,1295754111.4375
13281,-5750267.725,4379,0.01,2126144256.84375
13282,-14401523.975,6929,0.01,4421214716.265625
13283,-6446107.5,4636,0.01,5457173781.4375
13284,-10757686.975,5989,0.01,6924658075.0
13285,-6607526.85,4694,0.01,4584648962.0
13286,-15754465.174999999,7248,0.01,7074842267.5
13287,-12376757.85,6424,0.01,7969647324.0
13288,-6342438.35,4599,0.01,5932613542.15625
13289,-5385486.425,4238,0.01,4960206323.875
13290,-6030600.225,4484,0.01,3549460021.265625
13291,-8337412.35,5272,0.01,3720439891.109375
13292,-5647800.625,4340,0.01,3408190488.15625
13293,-3512871.3000000003,3423,0.01,2601284039.0
13294,-2651494.475,2974,0.01,2390850262.046875
13295,-7809169.925,5103,0.01,2987389030.03125
13296,-9627643.5,5666,0.01,4119741112.875
13297,-13955497.75,6821,0.01,6122302772.09375
13298,-5257364.1,4187,0.01,5286272128.78125
13299,-9397426.549999999,5598,0.01,7339553287.09375
13300,-3954930.6,3632,0.01,3406138727.5625
13301,-1989153.75,2576,0.01,2407981113.5625
13302,-10559820.85,5934,0.01,4652090053.4375
13303,-7377435.25,4960,0.01,4760475354.28125
13304,-16842795.975,7494,0.01,6952029342.65625
13305,-16414207.299999999,7398,0.01,9328007030.96875
13306,-4812330.125,4006,0.01,6199841581.6875
13307,-3265488.75,3300,0.01,3913166431.96875
13308,-10804287.85,6002,0.01,5702117956.25
13309,-6171754.475,4537,0.01,4313451719.34375
13310,-9693021.875,5685,0.01,4864675022.25
13311,-4500305.975,3874,0.01,3253521982.375
13312,-4333392.1,3802,0.01,2881395293.5625
13313,-3757455.125,3540,0.01,2042840058.046875
13314,-6469416.75,4645,0.01,2209685101.9375
13315,-7153478.725,4884,0.01,2889042390.421875
13316,-4804421.8,4003,0.01,2652018228.25
13317,-2238796.0500000003,2733,0.01,1819282859.40625
13318,-6856935.6,4782,0.01,3055517203.453125
13319,-10652220.0,5960,0.01,4236479435.15625
13320,-7974049.975,5157,0.01,4617157526.09375
13321,-1952003.1,2552,0.01,2315735592.6875
13322,-16655716.35,7452,0.01,7274904238.25
13323,-2683653.85,2992,0.01,4637964689.75
13324,-11596092.049999999,6218,0.01,8752894422.9375
13325,-2739816.3000000003,3023,0.01,3330833257.875
13326,-878825.2999999999,1713,0.01,1700270097.71875
13327,-5413836.725,4249,0.01,3118724283.6015625
13328,-13430498.85,6692,0.01,4554335542.359375
13329,-3626420.5500000003,3478,0.01,3870881483.5625
13330,-3185968.5,3260,0.01,3134436547.28125
13331,-9972611.25,5766,0.01,5426267629.0
13332,-5435359.1,4257,0.01,4015925016.59375
13333,-19128496.875,7986,0.01,7594473084.359375
13334,-1504832.875,2241,0.01,3884222348.8125
13335,-6112564.375,4515,0.01,7716980702.5625
13336,-17556286.625,7651,0.01,9422710513.09375
13337,-11105603.25,6085,0.01,7595156989.625
13338,-7239429.3,4913,0.01,5201081220.84375
13339,-3413185.225,3374,0.01,3468985239.4375
13340,-16207996.375,7351,0.01,6224031932.75
13341,-3527997.125,3430,0.01,4524219925.3125
13342,-3421688.4250000003,3378,0.01,4635124492.0625
13343,-9462478.225,5617,0.01,6153041019.203125
13344,-12548579.049999999,6468,0.01,6180901536.0
13345,-18676834.749999996,7891,0.01,9317590756.625
13346,-3543981.8000000003,3438,0.01,6558100646.875
13347,-2273202.225,2754,0.01,4793185687.625
13348,-10514917.5,5921,0.01,7378463758.453125
13349,-8783628.725,5412,0.01,5166423033.46875
13350,-7385713.3,4963,0.01,4444376148.8125
13351,-1220421.175,2018,0.01,1723430752.125
13352,-16102677.475,7327,0.01,6806787857.875
13353,-11540559.424999999,6203,0.01,9104843828.9375
13354,-29292848.724999998,9882,0.01,14438782365.125
13355,-16049811.5,7315,0.01,15177184660.875
13356,-51055338.12499999,13046,0.01,28985745794.90625
13357,-16748372.85,7472,0.01,33933947417.125
13358,-18804393.425,7918,0.01,17353349458.15625
13359,-17420956.499999996,7621,0.01,11340914329.3125
13360,-17010053.625,7531,0.01,10720181000.3125
13361,-4182623.125,3735,0.01,6733692083.5625
13362,-1766845.3,2428,0.01,2420144766.953125
13363,-5236720.1,4179,0.01,3832073409.75
13364,-3141413.85,3237,0.01,1924100923.34375
13365,-9471725.875,5620,0.01,3183320709.421875
13366,-4461924.3,3858,0.01,3261546937.375
13367,-15938902.25,7290,0.01,6313008589.0625
13368,-3692139.1,3509,0.01,4700906704.1875
13369,-1964948.375,2560,0.01,2826570807.8125
13370,-5290189.25,4200,0.01,3711059450.90625
13371,-7530225.0,5011,0.01,2880623200.1875
13372,-1760638.85,2424,0.01,1680731998.53125
13373,-18323074.75,7816,0.01,6608429318.703125
13374,-7065396.725,4854,0.01,7662733791.25
13375,-8862735.5,5436,0.01,7539223718.21875
13376,-7444711.6,4982,0.01,4612575599.90625
13377,-8507261.25,5326,0.01,4439407214.5
13378,-8021324.475,5172,0.01,4530352102.90625
13379,-4213842.6,3749,0.01,3112903259.6875
13380,-5723879.35,4369,0.01,3121915917.328125
13381,-11066630.125,6075,0.01,3953184143.484375
13382,-4578720.8,3908,0.01,3331489900.40625
13383,-18262978.299999997,7803,0.01,6298029631.0
13384,-22318888.124999996,8626,0.01,12612055170.5
13385,-21629102.85,8492,0.01,15624603256.84375
13386,-11759751.1,6262,0.01,11273735418.375
13387,-6760622.425,4748,0.01,6084701221.6875
13388,-3798230.225,3559,0.01,4685485853.03125
13389,-2110269.0500000003,2653,0.01,2910761528.5
13390,-6118693.725,4517,0.01,3932444583.859375
13391,-8169008.975,5219,0.01,3435753892.484375
13392,-2370327.35,2812,0.01,2103309904.21875
13393,-12474902.475,6449,0.01,5864899645.75
13394,-1596429.175,2308,0.01,2844889734.0
13395,-1811846.35,2459,0.01,2920208917.9375
13396,-4874042.6,4032,0.01,3999319446.03125
13397,-6618797.8,4698,0.01,2611795535.609375
13398,-1907816.55,2523,0.01,1504511219.21875
13399,-3821486.625,3570,0.01,2118218855.6875
13400,-6128474.25,4521,0.01,2536165866.0625
13401,-8441496.0,5306,0.01,3042213209.40625
13402,-10853751.25,6016,0.01,4528021636.15625
13403,-1760665.35,2424,0.01,2215797937.0
13404,-18260209.175,7803,0.01,7629739771.90625
13405,-17413563.5,7620,0.01,9621113598.40625
13406,-3229317.85,3282,0.01,5320110198.5625
13407,-11034831.25,6066,0.01,5426970214.328125
13408,-5040793.375,4100,0.01,4405290761.96875
13409,-12604918.799999999,6483,0.01,5828370472.75
13410,-4168400.725,3729,0.01,3898849048.6875
13411,-15113756.225,7099,0.01,6077934097.671875
13412,-6237324.0,4561,0.01,5346338632.03125
13413,-1152215.375,1961,0.01,1529809216.5625
13414,-14826947.375,7031,0.01,6029926254.0
13415,-15760678.6,7249,0.01,8570081454.8125
13416,-3125718.225,3229,0.01,4938548089.5625
13417,-2496510.125,2886,0.01,3190933374.59375
13418,-26282888.625,9361,0.01,10437104659.296875
13419,-11581919.225,6214,0.01,10004762840.6875
13420,-4940264.6,4059,0.01,9581765606.625
13421,-14666191.049999999,6993,0.01,7971726479.90625
13422,-1142818.925,1953,0.01,2593271071.3125
13423,-8440781.875,5305,0.01,5476628470.15625
13424,-2801387.1,3057,0.01,3111331458.6875
13425,-2589108.85,2939,0.01,2237309596.90625
13426,-12297685.174999999,6403,0.01,4249528783.984375
13427,-12272857.725,6397,0.01,6294611912.0625
13428,-26485336.975,9397,0.01,11615022585.625
13429,-12617604.5,6486,0.01,10915931582.5
13430,-5526643.8,4293,0.01,7779120508.125
13431,-12325264.125,6410,0.01,8411317370.4375
13432,-6763667.225,4749,0.01,5400154580.46875
13433,-8050009.0,5181,0.01,5813805393.5
13434,-9992565.1,5772,0.01,4973778644.84375
13435,-12427146.475,6437,0.01,6224818864.6875
13436,-6110173.6,4514,0.01,5255758998.5625
13437,-27122819.599999998,9509,0.01,12980628319.4375
13438,-16349238.174999999,7383,0.01,17755763565.4375
13439,-4329276.875,3800,0.01,8863887243.5
13440,-6538850.875,4670,0.01,5773078201.46875
13441,-3176470.5,3255,0.01,3148981641.984375
13442,-8858210.875,5435,0.01,3717759222.359375
13443,-10839703.975,6012,0.01,4937779574.65625
13444,-17479855.599999998,7634,0.01,7815442015.03125
13445,-9009235.5,5481,0.01,7739035751.0625
13446,-27583020.724999998,9589,0.01,15577032850.25
13447,-6195406.125,4545,0.01,8984266790.09375
13448,-2875323.975,3097,0.01,9891389960.25
13449,-6898247.875,4796,0.01,8018205379.0
13450,-5092515.75,4121,0.01,3689410253.640625
13451,-3599706.5,3465,0.01,2492746812.59375
13452,-7245793.0,4916,0.01,3122794722.359375
13453,-11505778.85,6194,0.01,4611807788.5625
13454,-11883771.875,6295,0.01,6428548677.4375
13455,-10010825.049999999,5778,0.01,6583496348.78125
13456,-9225182.125,5546,0.01,5916114945.28125
13457,-12240335.35,6389,0.01,6583999179.25
13458,-25575372.6,9234,0.01,12490636949.9375
13459,-2465739.0500000003,2868,0.01,6183988096.125
13460,-4029438.125,3666,0.01,10541618927.0
13461,-2356906.725,2804,0.01,8554695544.0625
13462,-5011191.55,4088,0.01,2771178846.96875
13463,-16139098.875,7336,0.01,5023094409.375
13464,-6462321.975,4642,0.01,5709081383.1875
13465,-4720074.225,3967,0.01,5779435680.6875
13466,-3986589.5,3646,0.01,3422774664.5625
13467,-3685504.5,3506,0.01,2681783773.375
13468,-17871464.349999998,7719,0.01,5803743319.0
13469,-13606688.0,6735,0.01,9224931955.625
13470,-7025332.625,4840,0.01,7408323610.375
13471,-7255926.475,4919,0.01,4304691233.125
13472,-13618469.85,6739,0.01,5500570505.46875
13473,-10007463.975,5777,0.01,6290705270.71875
13474,-13137945.85,6619,0.01,7143834410.6875
13475,-10601980.75,5946,0.01,6929718908.8125
13476,-2772251.875,3041,0.01,3999887777.4375
13477,-16157383.875,7340,0.01,8400326406.71875
13478,-4492065.375,3871,0.01,5302761351.8125
13479,-10618945.625,5951,0.01,5574996593.625
13480,-4905819.5,4045,0.01,3521041055.90625
13481,-3805805.1750000003,3563,0.01,1998893922.15625
13482,-32423539.975,10397,0.01,11814757397.5625
13483,-4623336.1,3927,0.01,8067002294.75
13484,-16663666.1,7454,0.01,14000756402.4375
13485,-1739595.975,2409,0.01,3651879831.5625
13486,-1118968.85,1932,0.01,3385289863.8125
13487,-1799327.75,2450,0.01,3272976623.5625
13488,-11468636.85,6184,0.01,5268056770.1171875
13489,-21685955.425,8503,0.01,9109105035.5625
13490,-32714772.924999997,10443,0.01,17228802195.6875
13491,-26089415.749999996,9326,0.01,21730329472.875
13492,-18057113.849999998,7759,0.01,15576015558.6875
13493,-4200988.55,3743,0.01,7947138111.25
13494,-11519829.049999999,6198,0.01,10409144546.53125
13495,-10047497.674999999,5788,0.01,6323405261.28125
13496,-9373562.0,5591,0.01,6144968439.5625
13497,-9065586.174999999,5498,0.01,5963778690.4375
13498,-1117251.875,1931,0.01,2038579035.1875
13499,-4350670.35,3809,0.01,4462109924.25
13500,-15475970.174999999,7183,0.01,6965418601.125
13501,-13595709.799999999,6733,0.01,7784225682.65625
13502,-12291579.475,6402,0.01,8330186644.53125
13503,-4853065.675,4023,0.01,5746435153.9375
13504,-5205047.0,4166,0.01,4223870123.1875
13505,-2501701.475,2889,0.01,2397100556.078125
13506,-9785075.725,5712,0.01,3774785294.828125
13507,-4051718.75,3676,0.01,3166036204.5
13508,-2797379.5,3055,0.01,2285760586.46875
13509,-4313116.925,3793,0.01,2678349451.09375
13510,-3287157.0,3311,0.01,1476279771.640625
13511,-6885753.225,4792,0.01,1975116078.59375
13512,-8975355.25,5471,0.01,3440944620.5
13513,-3472158.5500000003,3403,0.01,2434540919.0
13514,-4516546.0,3881,0.01,2325970025.25
13515,-13918414.975,6812,0.01,4521954934.5625
13516,-5871305.625,4425,0.01,4922602295.25
13517,-4579137.55,3908,0.01,3256922535.96875
13518,-4492668.75,3871,0.01,2876155386.046875
13519,-5314299.875,4210,0.01,2621900275.328125
13520,-4256416.55,3768,0.01,2064091631.859375
13521,-9036710.725,5489,0.01,3139189213.265625
13522,-14168996.924999999,6873,0.01,5518717768.65625
13523,-7346675.875,4950,0.01,6010378611.9375
13524,-3252123.225,3294,0.01,3441301576.21875
13525,-7184559.875,4895,0.01,3598047193.1875
13526,-8130446.725,5207,0.01,3569498446.375
13527,-8112683.375,5201,0.01,3661229438.15625
13528,-1889632.5,2511,0.01,2050378126.3125
13529,-3221500.1750000003,3278,0.01,2666492719.6875
13530,-1590476.1,2304,0.01,1405966578.0625
13531,-9526581.875,5636,0.01,2906856162.03125
13532,-31698381.5,10280,0.01,12723016640.75
13533,-13637497.424999999,6743,0.01,16866836751.84375
13534,-8632985.25,5365,0.01,12172836755.375
13535,-7007786.1,4834,0.01,5183501538.71875
13536,-10814644.125,6005,0.01,5449120370.03125
13537,-4581976.35,3909,0.01,3789366022.3125
13538,-2851791.85,3084,0.01,2813126370.65625
13539,-12872413.25,6551,0.01,4925114584.71875
13540,-4174101.875,3731,0.01,4261271828.46875
13541,-3227989.375,3281,0.01,3574312575.625
13542,-8106998.975,5199,0.01,4898989291.140625
13543,-12526692.549999999,6463,0.01,5279653073.25
13544,-28094725.3,9678,0.01,13040236727.34375
13545,-9606319.25,5660,0.01,9790306256.15625
13546,-7194873.55,4898,0.01,7480931634.1875
13547,-9961567.674999999,5763,0.01,5549521089.71875
13548,-3668891.3000000003,3498,0.01,3314662475.8125
13549,-2538488.125,2910,0.01,2737147219.625
13550,-13146607.875,6621,0.01,5227419164.21875
13551,-15449232.6,7177,0.01,8025106134.4375
13552,-5019519.35,4092,0.01,5888739471.75
13553,-13756842.799999999,6773,0.01,7828405205.65625
13554,-6313188.35,4589,0.01,5156473699.5
13555,-9797830.25,5716,0.01,5458720213.59375
13556,-3156740.625,3245,0.01,2951500688.28125
13557,-846322.625,1681,0.01,1646861542.375
13558,-11199355.25,6111,0.01,4093355975.78125
13559,-1837571.625,2476,0.01,2566363668.4375
13560,-5416525.375,4250,0.01,4059952896.5625
13561,-5214675.875,4170,0.01,3642271699.65625
13562,-4640979.85,3934,0.01,2095970290.390625
13563,-5297085.3,4203,0.01,2464075197.78125
13564,-3688992.4250000003,3508,0.01,1907035056.015625
13565,-3462063.9250000003,3398,0.01,1873947330.0625
13566,-5508806.75,4286,0.01,2138667390.09375
13567,-3983268.625,3645,0.01,1935949872.78125
13568,-2833741.85,3074,0.01,1662343518.15625
13569,-10383394.35,5884,0.01,3220061256.25
13570,-12188558.875,6375,0.01,5987102361.40625
13571,-6243861.425,4563,0.01,5538252004.375
13572,-15308160.475,7144,0.01,8305905917.6875
13573,-7910425.75,5136,0.01,7089082857.3125
13574,-5941217.375,4451,0.01,5851761821.25
13575,-1402167.05,2163,0.01,2105086353.84375
13576,-9183364.225,5534,0.01,3961705322.65625
13577,-6276417.25,4575,0.01,3781313820.03125
13578,-7235110.475,4912,0.01,3690314238.46875
13579,-5086900.35,4119,0.01,2665127772.75
13580,-3493786.85,3414,0.01,2053049801.84375
13581,-7645658.85,5049,0.01,3260692761.796875
13582,-14444884.75,6940,0.01,5411752167.03125
13583,-3465162.0,3400,0.01,4223266962.5625
13584,-7076618.05,4858,0.01,5965583327.5
13585,-5021216.35,4092,0.01,3226700074.53125
13586,-2652300.6,2974,0.01,2062497807.78125
13587,-6177229.925,4538,0.01,2615343291.59375
13588,-9874959.424999999,5738,0.01,3991576501.359375
13589,-5363348.85,4229,0.01,3540338419.25
13590,-4111895.5500000003,3703,0.01,3231350644.40625
13591,-13472612.225,6702,0.01,5325234363.15625
13592,-17611919.425,7663,0.01,8498546202.53125
13593,-7027590.25,4841,0.01,7327796408.09375
13594,-13226598.625,6641,0.01,10099529911.71875
13595,-3389145.225,3362,0.01,4343203981.90625
13596,-9670941.299999999,5678,0.01,7031620467.75
13597,-5155278.0,4146,0.01,4055317875.03125
13598,-5731954.725,4372,0.01,3865061281.6875
13599,-20413376.375,8250,0.01,7415636057.640625
13600,-23660347.1,8882,0.01,12115980235.9375
13601,-9287294.0,5565,0.01,9593471034.625
13602,-5614269.725,4327,0.01,8559194292.0625
13603,-6184544.5,4541,0.01,4408466417.21875
13604,-6655427.875,4711,0.01,3802492193.09375
13605,-5871007.0,4425,0.01,3300129250.171875
13606,-6265970.75,4571,0.01,3646526734.171875
13607,-6729869.1,4737,0.01,3445277877.90625
13608,-16379333.375,7390,0.01,6053521840.015625
13609,-6590511.8,4688,0.01,6228226899.3125
13610,-8657704.674999999,5373,0.01,6801808520.65625
13611,-7610291.925,5038,0.01,4310715395.15625
13612,-12782778.975,6529,0.01,5565950424.5625
13613,-5505114.5,4285,0.01,4470360614.375
13614,-6989966.175,4828,0.01,4170319510.25
13615,-1550219.35,2274,0.01,2045636101.1875
13616,-7497756.0,5000,0.01,3665828653.3125
13617,-6350647.725,4602,0.01,3583357699.6875
13618,-3265482.0,3300,0.01,2229535386.125
13619,-12402284.375,6430,0.01,4827788376.453125
13620,-2929764.5,3126,0.01,3648624999.875
13621,-3295784.625,3316,0.01,3515397031.9375
13622,-7656877.675,5053,0.01,4430144261.828125
13623,-759062.6,1592,0.01,1157987468.4375
13624,-3449788.975,3392,0.01,2474443751.9375
13625,-7671463.925,5058,0.01,3975356039.71875
13626,-3503005.5500000003,3418,0.01,2165712745.234375
13627,-1613553.75,2320,0.01,1653395213.4375
13628,-1506570.225,2242,0.01,1605653376.84375
13629,-9154389.125,5525,0.01,3064852812.109375
13630,-6192603.725,4544,0.01,3844050518.65625
13631,-5176540.625,4155,0.01,3250683869.21875
13632,-1894177.725,2514,0.01,1796170109.609375
13633,-5552119.55,4303,0.01,2634079112.03125
13634,-6180207.5,4540,0.01,2790686740.640625
13635,-5006603.5,4086,0.01,2685377009.6875
13636,-10705505.6,5974,0.01,4076212187.109375
13637,-1747588.125,2415,0.01,2185183505.03125
13638,-6802516.175,4763,0.01,4244098964.375
13639,-10457087.125,5905,0.01,4897351930.765625
13640,-16918791.75,7511,0.01,6899218938.03125
13641,-6833815.35,4774,0.01,6954919753.625
13642,-1617389.675,2323,0.01,3867380601.9375
13643,-5428942.25,4255,0.01,6362105416.75
13644,-5710201.975,4364,0.01,3490606701.578125
13645,-4525789.25,3885,0.01,2599886617.421875
13646,-3744761.35,3534,0.01,2194113980.109375
13647,-17083433.724999998,7547,0.01,5841635293.625
13648,-10667975.475,5964,0.01,8417876372.21875
13649,-13190072.35,6632,0.01,9102090419.28125
13650,-3603998.725,3467,0.01,4743628575.75
13651,-4370350.55,3818,0.01,4536952250.96875
13652,-3007179.975,3167,0.01,3372689297.453125
13653,-16833704.6,7492,0.01,5328062142.71875
13654,-31521248.999999996,10251,0.01,17485155721.625
13655,-10653525.125,5960,0.01,10015754075.15625
13656,-8415149.975,5297,0.01,11135947167.625
13657,-9587267.475,5654,0.01,6516309366.0625
13658,-3551758.6,3442,0.01,3169598825.09375
13659,-1207957.8,2008,0.01,1995361291.4375
13660,-9873376.424999999,5738,0.01,4075896089.890625
13661,-5183633.05,4158,0.01,4187130267.59375
13662,-1509054.35,2244,0.01,1810953248.03125
13663,-9617761.424999999,5663,0.01,4664534839.234375
13664,-4207824.75,3746,0.01,3482970096.03125
13665,-22850437.799999997,8728,0.01,9028514310.8125
13666,-10659368.725,5962,0.01,8491933458.78125
13667,-6013220.925,4478,0.01,5310206199.65625
13668,-10942563.625,6040,0.01,6147600516.0625
13669,-11976047.35,6319,0.01,5676323541.84375
13670,-5267294.0,4191,0.01,5093015035.96875
13671,-9638856.475,5669,0.01,6151362671.03125
13672,-1658932.175,2353,0.01,1968333134.75
13673,-16898401.499999996,7506,0.01,6160203653.59375
13674,-4113396.725,3704,0.01,5175602914.5
13675,-8553669.375,5341,0.01,3162483156.203125
13676,-866527.0,1701,0.01,1376823566.09375
13677,-19573279.549999997,8078,0.01,7146327872.25
13678,-13722571.725,6764,0.01,8953272051.59375
13679,-7718446.175,5073,0.01,6060443149.5625
13680,-4838043.725,4017,0.01,4856087249.53125
13681,-6461319.85,4642,0.01,3556867556.96875
13682,-3075735.5500000003,3203,0.01,2012450364.25
13683,-4065214.35,3682,0.01,1962014719.265625
13684,-12098908.5,6351,0.01,3859014057.8125
13685,-9475307.0,5621,0.01,5526512234.03125
13686,-7232632.25,4911,0.01,5063286265.4375
13687,-3469660.85,3402,0.01,3421751218.46875
13688,-13512789.85,6712,0.01,6437604396.390625
13689,-6739274.75,4741,0.01,5052691612.84375
13690,-8733939.975,5397,0.01,4553542642.5625
13691,-10660355.35,5962,0.01,4928584399.28125
13692,-9418632.6,5604,0.01,5019010678.84375
13693,-7589654.625,5031,0.01,4715592533.28125
13694,-6488431.125,4651,0.01,4283994467.875
13695,-4608398.0,3920,0.01,3071863812.71875
13696,-3046088.4250000003,3188,0.01,2375244606.375
13697,-14569141.0,6970,0.01,4613832655.578125
13698,-11486222.225,6189,0.01,6392647059.0
13699,-5456514.625,4266,0.01,4358094817.53125
13700,-8080576.5,5191,0.01,4947261684.1875
13701,-18692112.599999998,7894,0.01,6963084323.25
13702,-5385946.425,4238,0.01,7362537978.5625
13703,-2139694.6,2672,0.01,4689440161.0625
13704,-3624359.1,3477,0.01,5330386049.8125
13705,-5697774.975,4359,0.01,2428641463.8828125
13706,-10783097.625,5996,0.01,3556204619.921875
13707,-5949430.225,4454,0.01,3943035872.3125
13708,-5528963.1,4294,0.01,4202018955.4375
13709,-9536348.975,5639,0.01,4318351921.734375
13710,-5010783.05,4088,0.01,3219413110.84375
13711,-25966874.125,9305,0.01,9554036645.515625
13712,-2640531.9250000003,2968,0.01,6226994363.5625
13713,-8544429.299999999,5338,0.01,8635203028.5
13714,-8606895.475,5357,0.01,5958836604.46875
13715,-7302821.0,4935,0.01,4462021846.6875
13716,-19187248.799999997,7998,0.01,7065461258.28125
13717,-14047928.6,6844,0.01,9468622613.03125
13718,-6172916.225,4537,0.01,6588023225.3125
13719,-4901462.675,4043,0.01,3784037415.90625
13720,-14769307.225,7017,0.01,6029320210.8125
13721,-8208600.35,5232,0.01,5637277342.8125
13722,-5364998.25,4230,0.01,4574576040.09375
13723,-3670061.1,3499,0.01,2636359555.84375
13724,-3973108.25,3640,0.01,2286078454.90625
13725,-5874108.25,4426,0.01,1976223078.828125
13726,-13113758.725,6612,0.01,4380433470.03125
13727,-13905997.6,6809,0.01,7695332204.4375
13728,-10526290.975,5924,0.01,7404691694.875
13729,-5901960.375,4436,0.01,5535997165.625
13730,-9885963.625,5741,0.01,5438447334.75
13731,-8683516.375,5381,0.01,4900523779.5
13732,-5797540.35,4397,0.01,4479668428.1875
13733,-760242.9249999999,1593,0.01,1374638618.09375
13734,-16586916.5,7436,0.01,7036116113.3125
13735,-5001834.975,4084,0.01,6030505846.0
13736,-5164623.625,4150,0.01,5726154295.90625
13737,-13254335.299999999,6648,0.01,5513470888.625
13738,-10259417.725,5849,0.01,6122519633.96875
13739,-6756377.6,4747,0.01,5686209667.1875
13740,-2625959.0,2960,0.01,2649308463.21875
13741,-7046010.85,4847,0.01,3819045136.9375
13742,-28309808.125,9715,0.01,10505005329.3125
13743,-11922557.25,6305,0.01,14858791319.3125
13744,-5001402.475,4084,0.01,10605121827.25
13745,-9775312.1,5709,0.01,4318583937.75
13746,-11044130.049999999,6068,0.01,5860551586.59375
13747,-5918764.175,4443,0.01,4952992678.15625
13748,-17973522.249999996,7741,0.01,8814214748.84375
13749,-1483061.75,2225,0.01,3642917925.4375
13750,-5265832.625,4191,0.01,6110505090.6875
13751,-2807191.625,3060,0.01,4173160408.328125
13752,-6109907.35,4514,0.01,2089999856.6875
13753,-2995569.625,3161,0.01,1680819005.65625
13754,-4516948.375,3881,0.01,1957560009.4375
13755,-3033384.0,3181,0.01,1908045037.734375
13756,-9304187.5,5570,0.01,2773598474.15625
13757,-4102640.1,3699,0.01,2998252576.5
13758,-4426334.975,3842,0.01,3000590809.15625
13759,-13581634.475,6729,0.01,5217692324.09375
13760,-3903807.3000000003,3608,0.01,4355423385.4375
13761,-13876788.35,6802,0.01,8059691108.75
13762,-4121428.225,3707,0.01,4773110291.15625
13763,-8320924.475,5267,0.01,7324719054.53125
13764,-6026421.55,4483,0.01,4037707077.09375
13765,-8538597.375,5336,0.01,4441270396.46875
13766,-3987561.725,3647,0.01,2860523306.78125
13767,-4097482.1,3697,0.01,2401009483.796875
13768,-19868475.1,8139,0.01,6080989911.46875
13769,-13266442.25,6651,0.01,8464494695.6875
13770,-8340143.475,5274,0.01,8151058002.40625
13771,-3051034.875,3190,0.01,3592167976.3125
13772,-6837469.875,4775,0.01,3828324591.078125
13773,-2380477.0500000003,2818,0.01,2064825543.46875
13774,-4830357.225,4014,0.01,2620495772.53125
13775,-5663207.125,4346,0.01,2763916246.421875
13776,-1073712.675,1893,0.01,1232279822.125
13777,-3794402.35,3557,0.01,2142270580.5
13778,-5028602.5,4095,0.01,2154760617.234375
13779,-4561684.0,3900,0.01,1961628288.40625
13780,-4293219.85,3784,0.01,2012914700.4375
13781,-2506858.975,2892,0.01,1688934105.59375
13782,-3651165.5,3490,0.01,1736118571.09375
13783,-3367772.1,3352,0.01,1414488983.78125
13784,-991322.85,1819,0.01,739799792.03125
13785,-4058052.85,3679,0.01,1367527512.359375
13786,-5761313.675,4383,0.01,1853474029.5
13787,-1328022.5,2105,0.01,1106414528.609375
13788,-2591405.0,2940,0.01,1547497301.28125
13789,-8252353.0,5246,0.01,2716340626.171875
13790,-3890457.1,3602,0.01,2440578004.5
13791,-14793135.424999999,7023,0.01,4884450222.6875
13792,-26538609.499999996,9406,0.01,12331462057.6875
13793,-17220716.224999998,7577,0.01,16467970286.0
13794,-6695439.25,4725,0.01,7958827417.9375
13795,-2589959.975,2939,0.01,2412804623.5625
13796,-18391311.249999996,7830,0.01,7235440072.40625
13797,-10643397.475,5957,0.01,8801538146.375
13798,-2888410.6,3104,0.01,5940336673.1875
13799,-6825373.875,4771,0.01,5789657786.75
13800,-5726458.125,4370,0.01,3799746310.0625
13801,-9922511.35,5752,0.01,4344441611.84375
13802,-5694008.675,4358,0.01,3603590739.53125
13803,-1674776.225,2364,0.01,1786837243.0
13804,-7529899.875,5011,0.01,4111328374.78125
13805,-5156439.35,4147,0.01,3018885877.625
13806,-7686851.05,5063,0.01,3519071304.609375
13807,-4974389.675,4073,0.01,2977013950.578125
13808,-12050874.725,6339,0.01,4916813576.125
13809,-4824006.25,4011,0.01,3985962330.0625
13810,-14988924.35,7069,0.01,7841168875.40625
13811,-3773895.1750000003,3548,0.01,4698840920.46875
13812,-1434699.8,2188,0.01,2335023933.125
13813,-7592459.475,5032,0.01,5733510790.21875
13814,-6897675.875,4796,0.01,3483517518.40625
13815,-2899325.5,3110,0.01,2098108203.0
13816,-10582747.25,5940,0.01,3521860868.828125
13817,-2734313.25,3020,0.01,2764137587.46875
13818,-6885125.725,4792,0.01,4187088104.4375
13819,-6806143.475,4764,0.01,3610181845.859375
13820,-4807638.475,4004,0.01,2575729449.59375
13821,-13778907.924999999,6778,0.01,4701433925.765625
13822,-8934112.799999999,5458,0.01,6049369309.0
13823,-10313273.85,5864,0.01,7089286918.78125
13824,-6783684.125,4756,0.01,5153126839.40625
13825,-19255319.849999998,8012,0.01,8619265160.65625
13826,-3687279.6,3507,0.01,5751454432.1875
13827,-8162448.85,5217,0.01,9550145108.0625
13828,-10545746.875,5930,0.01,5841559024.21875
13829,-1247953.75,2041,0.01,2140687346.46875
13830,-10079067.1,5797,0.01,6366443672.1875
13831,-9691727.875,5685,0.01,5609194482.5
13832,-2448945.0500000003,2858,0.01,2241095841.34375
13833,-2346602.5500000003,2798,0.01,2401511140.8125
13834,-11663565.5,6236,0.01,4863957061.3125
13835,-2208624.475,2714,0.01,2859092706.21875
13836,-8342282.475,5274,0.01,5602767390.375
13837,-6616346.725,4697,0.01,4486427738.96875
13838,-9723077.975,5694,0.01,4672163754.65625
13839,-21448055.749999996,8456,0.01,9129687921.3125
13840,-3182663.3000000003,3258,0.01,6173521824.875
13841,-8558195.85,5342,0.01,11747783683.1875
13842,-4855285.725,4024,0.01,5220639544.5
13843,-2946133.0,3135,0.01,2672762725.65625
13844,-3756412.0,3540,0.01,2312691986.625
13845,-4272317.0,3775,0.01,2042084600.859375
13846,-9381435.924999999,5593,0.01,3011856200.234375
13847,-4861747.1,4027,0.01,3160324332.84375
13848,-994148.725,1822,0.01,1624264628.125
13849,-5759340.3,4383,0.01,3536539871.75
13850,-7959584.35,5152,0.01,3101227406.953125
13851,-12050012.299999999,6338,0.01,4990742761.875
13852,-4405301.425,3833,0.01,4074543477.21875
13853,-5372266.675,4233,0.01,4035599639.78125
13854,-2729248.35,3017,0.01,2336625233.9375
13855,-1155762.475,1964,0.01,1292935049.078125
13856,-4286413.25,3781,0.01,2182443166.5625
13857,-11346441.625,6151,0.01,3450059196.765625
13858,-3888039.375,3601,0.01,3303011889.375
13859,-9717333.475,5692,0.01,5709161030.875
13860,-4486326.55,3868,0.01,3317921801.0625
13861,-10463740.6,5907,0.01,5097760073.1875
13862,-5957786.6,4457,0.01,3883233666.625
13863,-2115038.625,2656,0.01,2284105634.65625
13864,-6037875.6,4487,0.01,4044909068.421875
13865,-6565421.85,4679,0.01,3207646025.484375
13866,-5980019.625,4465,0.01,2842706663.46875
13867,-8002572.0,5166,0.01,3322950419.5625
13868,-17709799.474999998,7684,0.01,6547549604.78125
13869,-31849773.849999998,10304,0.01,16973003258.9375
13870,-1261947.35,2052,0.01,5259194998.0
13871,-27201191.675,9523,0.01,22154824943.0625
13872,-13311638.225,6662,0.01,9752594074.65625
13873,-7837736.35,5112,0.01,7833808812.25
13874,-2233921.1,2729,0.01,3609333906.0
13875,-3381248.8000000003,3358,0.01,3714131308.84375
13876,-8351219.6,5277,0.01,3805591245.0625
13877,-9812106.5,5720,0.01,4031041969.96875
13878,-26253084.624999996,9355,0.01,11183787374.8125
13879,-15183166.875,7115,0.01,16972440108.25
13880,-10562709.35,5934,0.01,9204098474.0
13881,-22939053.249999996,8745,0.01,9681565362.5
13882,-14209617.174999999,6883,0.01,12012789762.0625
13883,-4302225.675,3788,0.01,6601763064.0625
13884,-3336715.125,3336,0.01,2336661157.125
13885,-5611691.875,4326,0.01,2518924174.8125
13886,-10539853.174999999,5928,0.01,3755074059.3125
13887,-5243592.475,4182,0.01,3689976436.53125
13888,-1711949.875,2390,0.01,1722409307.8125
13889,-3036942.0500000003,3183,0.01,2112890709.921875
13890,-3210148.475,3272,0.01,1382748856.984375
13891,-299749.125,1001,0.01,500677986.109375
13892,-733336.75,1565,0.01,606924875.125
13893,-8864780.975,5437,0.01,2405188306.234375
13894,-8629538.725,5364,0.01,4593659109.125
13895,-2716691.5,3010,0.01,2492455775.09375
13896,-677488.975,1504,0.01,1525011418.78125
13897,-4188076.975,3737,0.01,2559508070.53125
13898,-2741478.225,3024,0.01,1715771647.015625
13899,-2825218.75,3070,0.01,1294386105.859375
13900,-4678987.375,3950,0.01,1682431760.34375
13901,-3618117.975,3474,0.01,1485810594.6875
13902,-5311770.475,4209,0.01,1897565125.8125
13903,-3273120.85,3304,0.01,1753240600.640625
13904,-10921382.475,6034,0.01,3282987119.953125
13905,-9512486.225,5632,0.01,5139730494.34375
13906,-7548034.475,5017,0.01,5083254612.875
13907,-8036724.225,5177,0.01,4042973846.765625
13908,-38456776.800000004,11323,0.01,15363212325.5625
13909,-1530468.0,2260,0.01,5423591684.75
13910,-11357380.1,6154,0.01,8412518911.25
13911,-5836526.475,4412,0.01,5764715700.09375
13912,-14709823.049999999,7003,0.01,6485910213.40625
13913,-25763832.425,9268,0.01,12039374840.125
13914,-7674784.225,5059,0.01,8634007648.6875
13915,-12726907.725,6514,0.01,8369513178.9375
13916,-1499268.35,2237,0.01,2427864874.5625
13917,-14075181.375,6851,0.01,5612156019.203125
13918,-968518.2999999999,1798,0.01,2604189095.8125
13919,-1655075.125,2350,0.01,3062348826.625
13920,-3364334.125,3350,0.01,2772272925.71875
13921,-3501968.1750000003,3418,0.01,2190460346.203125
13922,-5887340.5,4431,0.01,1674678591.96875
13923,-11160088.625,6100,0.01,3626595449.046875
13924,-3587093.1,3459,0.01,3266469290.15625
13925,-6228860.3,4558,0.01,4219783135.71875
13926,-2610310.0,2951,0.01,2355089961.859375
13927,-14292301.299999999,6903,0.01,4644191643.03125
13928,-34267604.8,10688,0.01,17000516424.375
13929,-6579247.35,4684,0.01,10968637792.0
13930,-12352590.299999999,6418,0.01,14712405745.90625
13931,-9459613.5,5616,0.01,5832300501.78125
13932,-5018577.25,4091,0.01,3608322785.78125
13933,-11598575.725,6219,0.01,4226197757.984375
13934,-8712167.125,5390,0.01,4429829137.8125
13935,-7923528.75,5140,0.01,4316437161.09375
13936,-6091293.35,4507,0.01,3219187466.15625
13937,-3612404.625,3471,0.01,2470556477.0
13938,-5016086.5,4090,0.01,2709632455.625
13939,-1096503.05,1913,0.01,982977251.21875
13940,-11628395.225,6227,0.01,3549922506.890625
13941,-4031920.85,3667,0.01,3902584604.625
13942,-6564092.1,4679,0.01,4352484560.0625
13943,-2088002.725,2639,0.01,2134079733.984375
13944,-2950183.475,3137,0.01,1989524659.0
13945,-9298643.549999999,5568,0.01,3083504644.125
13946,-3365587.75,3350,0.01,2615903229.5
13947,-10329533.475,5869,0.01,4518260529.9375
13948,-4063305.5,3681,0.01,3231096778.65625
13949,-1589830.175,2303,0.01,1916955343.09375
13950,-2321791.5500000003,2783,0.01,2413363600.375
13951,-5992375.75,4470,0.01,2249330549.75
13952,-1200254.25,2001,0.01,1179197920.3125
13953,-5271891.425,4193,0.01,2364539484.4375
13954,-5426383.225,4254,0.01,2490261064.5625
13955,-5454291.625,4265,0.01,2232672888.234375
13956,-5050640.35,4104,0.01,2473137417.9375
13957,-9372155.75,5590,0.01,3437865433.75
13958,-9641422.625,5670,0.01,4901447640.4375
13959,-3554097.1750000003,3443,0.01,3317451448.8125
13960,-12926010.875,6565,0.01,6064314434.4375
13961,-12290413.725,6402,0.01,6385674410.03125
13962,-9212697.674999999,5543,0.01,6082577760.15625
13963,-1391033.375,2155,0.01,2026924634.625
13964,-5806209.375,4400,0.01,4303669328.9375
13965,-3901794.475,3607,0.01,2535688058.921875
13966,-9341911.375,5581,0.01,3213249318.515625
13967,-18148220.924999997,7778,0.01,6911359050.3125
13968,-4284636.25,3780,0.01,5971644387.4375
13969,-10788652.725,5997,0.01,10263211096.6875
13970,-7144294.75,4881,0.01,4745171653.375
13971,-3033908.125,3181,0.01,2762605807.15625
13972,-3284690.75,3310,0.01,2396196889.734375
13973,-7200063.125,4900,0.01,2863472644.328125
13974,-12530757.6,6464,0.01,4602581199.640625
13975,-5531613.125,4295,0.01,4848501585.34375
13976,-7675109.225,5059,0.01,5508736125.65625
13977,-1932526.725,2539,0.01,2086855540.625
13978,-17612598.3,7663,0.01,7258172277.59375
13979,-11394336.975,6164,0.01,7472339935.03125
13980,-4467208.0,3860,0.01,4515725934.875
13981,-1376304.8,2143,0.01,2273400362.9375
13982,-4899416.35,4042,0.01,3677732696.390625
13983,-3579323.0,3455,0.01,1700991528.171875
13984,-4098212.975,3697,0.01,1707313369.25
13985,-12508443.799999999,6458,0.01,3558085220.34375
13986,-66526954.975,14892,0.01,27779807264.28125
13987,-2777407.85,3044,0.01,7584512769.4375
13988,-12122954.799999999,6358,0.01,14842690954.390625
13989,-4076358.725,3687,0.01,5456673512.1875
13990,-2581902.375,2935,0.01,2684019450.78125
13991,-1599284.5,2310,0.01,1975201905.3125
13992,-8852194.174999999,5433,0.01,3063626237.328125
13993,-2424446.6,2844,0.01,2377687683.59375
13994,-16045266.225,7314,0.01,6760193190.96875
13995,-7756171.125,5086,0.01,6684899663.59375
13996,-5921861.85,4444,0.01,6711623326.53125
13997,-7575092.25,5026,0.01,4404377426.65625
13998,-1427989.925,2183,0.01,1865560463.96875
13999,-7380767.875,4961,0.01,3514064763.78125
14000,-10615830.975,5949,0.01,4672428665.75
14001,-4340924.875,3805,0.01,3375307639.0
14002,-5889668.475,4432,0.01,3994206461.53125
14003,-12226609.125,6385,0.01,4757383057.6875
14004,-16830704.625,7491,0.01,7380033314.59375
14005,-7866507.1,5122,0.01,7102252938.5
14006,-4018488.375,3661,0.01,4337458775.3125
14007,-4137504.375,3715,0.01,3534470018.5
14008,-4482708.725,3867,0.01,2564431265.640625
14009,-21814606.049999997,8528,0.01,7067557868.875
14010,-7004999.925,4833,0.01,7307507924.8125
14011,-7535996.55,5013,0.01,10024267332.625
14012,-2799428.5,3056,0.01,2839011997.0625
14013,-4978814.125,4075,0.01,3460060207.8125
14014,-1730141.675,2403,0.01,1797173113.671875
14015,-6224114.5,4556,0.01,1940995316.515625
14016,-6487763.75,4651,0.01,2606896797.375
14017,-13732872.85,6767,0.01,4995116402.40625
14018,-23284532.375,8811,0.01,10607880317.65625
14019,-9843718.1,5729,0.01,10655043068.0625
14020,-13945920.6,6819,0.01,10683733932.6875
14021,-8059102.6,5184,0.01,6751731004.375
14022,-7835399.0,5111,0.01,6660864632.90625
14023,-3286993.125,3311,0.01,2758775723.0625
14024,-6268290.475,4572,0.01,3998032855.84375
14025,-7548833.225,5017,0.01,4005916343.828125
14026,-17480210.224999998,7634,0.01,6828590379.90625
14027,-14492146.375,6951,0.01,9489061955.3125
14028,-3187877.125,3261,0.01,6261818663.5625
14029,-19582153.749999996,8080,0.01,12654551379.40625
14030,-13374889.424999999,6678,0.01,10235668439.9375
14031,-10515389.625,5921,0.01,9110302482.75
14032,-28066936.299999997,9673,0.01,14113229703.96875
14033,-6008702.25,4476,0.01,9386182687.875
14034,-9404061.5,5600,0.01,15391653962.75
14035,-4754996.225,3982,0.01,3701496837.96875
14036,-19347027.999999996,8031,0.01,8310471855.21875
14037,-11176098.475,6104,0.01,9812779622.3125
14038,-7583983.225,5029,0.01,8100814637.3125
14039,-11813299.875,6276,0.01,7026660234.875
14040,-2698018.875,3000,0.01,3704669081.0625
14041,-10087932.25,5800,0.01,6264808817.1875
14042,-4626694.425,3928,0.01,4080338196.5625
14043,-3018669.8000000003,3173,0.01,2836897307.1875
14044,-13059873.975,6599,0.01,5436939498.1875
14045,-8619004.25,5361,0.01,5759421405.3125
14046,-18852822.049999997,7928,0.01,9157303639.25
14047,-27731043.499999996,9615,0.01,15652441786.375
14048,-7118056.975,4872,0.01,8204512002.28125
14049,-12680826.1,6502,0.01,6495019974.6875
14050,-4530770.35,3887,0.01,4341374342.65625
14051,-7358255.6,4954,0.01,5691945261.78125
14052,-3602355.125,3466,0.01,2930353133.125
14053,-4635662.35,3932,0.01,2575206375.234375
14054,-4870156.125,4030,0.01,2118517231.015625
14055,-9771945.174999999,5708,0.01,3345956885.859375
14056,-6240643.85,4562,0.01,4026035365.46875
14057,-13768415.625,6776,0.01,6320022154.375
14058,-4720855.675,3968,0.01,5192506881.5625
14059,-4614098.175,3923,0.01,4206218270.71875
14060,-13748465.875,6771,0.01,5277269040.03125
14061,-4162394.5,3726,0.01,4248909968.9375
14062,-6394086.8,4618,0.01,5851321770.3125
14063,-5081978.225,4117,0.01,3490639606.59375
14064,-17149894.975,7562,0.01,5849001826.5
14065,-12974071.1,6577,0.01,8325508573.1875
14066,-14379384.6,6924,0.01,9136072085.75
14067,-5317511.5,4211,0.01,6119328824.6875
14068,-4113483.975,3704,0.01,4603191168.96875
14069,-3242493.1,3289,0.01,3162264791.140625
14070,-1039941.9249999999,1863,0.01,1317945104.921875
14071,-5650679.375,4341,0.01,2384095684.015625
14072,-4550728.75,3896,0.01,1964948846.953125
14073,-15101837.625,7096,0.01,4700715557.640625
14074,-8186258.5,5225,0.01,5823488734.15625
14075,-19698176.85,8104,0.01,10705052673.84375
14076,-23609009.225,8872,0.01,13284629079.59375
14077,-8298794.625,5261,0.01,8282855583.78125
14078,-33176186.1,10517,0.01,14007751664.9375
14079,-11222700.975,6117,0.01,9802381734.28125
14080,-5480453.75,4275,0.01,6658997088.78125
14081,-5387984.1,4239,0.01,5021274732.03125
14082,-7821189.35,5107,0.01,3732299685.578125
14083,-36108644.85,10972,0.01,14420852148.28125
14084,-26856180.224999998,9462,0.01,21817623461.21875
14085,-29273018.225,9879,0.01,21846935086.875
14086,-5015639.75,4090,0.01,7870055776.125
14087,-14698180.0,7000,0.01,9569708717.09375
14088,-8548232.1,5339,0.01,6501511164.21875
14089,-4821549.125,4010,0.01,4945506751.21875
14090,-2196493.35,2707,0.01,2143298423.03125
14091,-748540.0,1581,0.01,1143210604.8125
14092,-2824370.475,3069,0.01,1962280020.328125
14093,-3504103.85,3419,0.01,1670160666.4375
14094,-8715395.875,5391,0.01,2273275836.1875
14095,-3364297.0,3350,0.01,2284591675.40625
14096,-15865180.924999999,7273,0.01,6461574969.625
14097,-733709.375,1565,0.01,2244441230.4375
14098,-7297984.925,4933,0.01,5643633365.03125
14099,-6081630.925,4503,0.01,4463347559.09375
14100,-26695699.6,9434,0.01,9831274072.59375
14101,-2564371.875,2925,0.01,6135137076.875
14102,-1817065.1,2462,0.01,4179965570.6875
14103,-7475447.35,4992,0.01,7264407062.75
14104,-9317196.725,5574,0.01,3653433813.4375
14105,-19475689.3,8058,0.01,7615639009.1875
14106,-6327370.1,4594,0.01,6761022783.9375
14107,-8079705.625,5191,0.01,4588701495.0
14108,-2052315.0,2616,0.01,1956683339.78125
14109,-17034497.749999996,7536,0.01,5889703878.90625
14110,-6394743.425,4618,0.01,6104233830.4375
14111,-6548470.425,4673,0.01,4591855615.25
14112,-4874233.475,4032,0.01,2858515139.84375
14113,-5239062.0,4180,0.01,2915727084.828125
14114,-11396274.6,6164,0.01,4307582990.75
14115,-6621892.35,4699,0.01,4432346924.375
14116,-12844408.1,6544,0.01,6378893935.34375
14117,-19063518.599999998,7972,0.01,9359213002.3125
14118,-22527413.874999996,8666,0.01,15642590022.375
14119,-2741633.1,3024,0.01,6697854472.3125
14120,-8273683.8,5253,0.01,12623357219.625
14121,-4804218.05,4003,0.01,5690642708.40625
14122,-1821220.625,2465,0.01,2041799361.96875
14123,-6477594.05,4648,0.01,3357205922.734375
14124,-2966685.625,3146,0.01,2232976108.03125
14125,-15572410.625,7206,0.01,5617447991.5
14126,-16427715.5,7401,0.01,8935574316.75
14127,-6436371.675,4633,0.01,7554892860.0
14128,-5855706.975,4419,0.01,4999877806.71875
14129,-19017163.675,7963,0.01,7076850394.578125
14130,-21182066.35,8404,0.01,12071345276.5
14131,-6765494.375,4750,0.01,8680901129.5625
14132,-5437470.925,4258,0.01,8276618887.4375
14133,-7386662.675,4963,0.01,5025733683.53125
14134,-18853863.674999997,7928,0.01,7567839029.578125
14135,-9529318.35,5637,0.01,8751383759.8125
14136,-19004681.249999996,7960,0.01,11623398326.875
14137,-7486063.0,4996,0.01,8474379031.3125
14138,-11402511.75,6166,0.01,9279880838.75
14139,-4352178.5,3810,0.01,4108293600.25
14140,-11429812.174999999,6173,0.01,6839691538.8125
14141,-8815611.6,5422,0.01,5698064157.9375
14142,-10197638.5,5831,0.01,5913179555.84375
14143,-5714238.375,4365,0.01,4331701893.90625
14144,-11498049.475,6192,0.01,5695271206.3125
14145,-6857420.225,4782,0.01,4434842435.6875
14146,-12771769.5,6526,0.01,5669061365.21875
14147,-6677970.475,4719,0.01,4858004648.28125
14148,-9095770.85,5507,0.01,5551957267.3125
14149,-16075813.5,7321,0.01,6983625336.6875
14150,-2178637.25,2696,0.01,4288727591.9375
14151,-6191902.975,4544,0.01,6883119612.6875
14152,-8013448.975,5169,0.01,5532997324.359375
14153,-5476852.475,4274,0.01,3283161347.84375
14154,-10025877.1,5782,0.01,4730805826.375
14155,-4754411.975,3982,0.01,3712692858.1875
14156,-6664669.975,4714,0.01,4537828316.0
14157,-4755033.475,3982,0.01,2975105166.59375
14158,-7968581.75,5155,0.01,3665904499.28125
14159,-6329021.725,4594,0.01,3473092637.46875
14160,-4268554.55,3773,0.01,2751122572.3125
14161,-10521263.924999999,5923,0.01,4182860999.078125
14162,-10348472.225,5874,0.01,5652009986.8125
14163,-18267585.349999998,7804,0.01,8534412029.125
14164,-3594812.9250000003,3463,0.01,5722374606.125
14165,-4262458.75,3771,0.01,5493166905.8125
14166,-3619637.0,3475,0.01,3906339849.3125
14167,-3424797.5,3380,0.01,1909337971.921875
14168,-16039331.299999999,7313,0.01,5012615679.328125
14169,-2707986.125,3006,0.01,4233094493.0
14170,-9982983.5,5770,0.01,8832174922.4375
14171,-12573719.875,6475,0.01,6974971271.3125
14172,-3334785.75,3335,0.01,4031856043.5625
14173,-3744625.725,3534,0.01,4028539851.125
14174,-17863071.099999998,7717,0.01,7434773509.53125
14175,-7154366.225,4884,0.01,6916530469.0
14176,-21546719.0,8476,0.01,12185995962.46875
14177,-7505410.925,5003,0.01,7891603910.46875
14178,-12734772.125,6516,0.01,11260497327.875
14179,-6137967.6,4524,0.01,6100079653.34375
14180,-10429033.1,5897,0.01,7445172606.03125
14181,-35427825.300000004,10868,0.01,15464692667.5
14182,-11059041.975,6072,0.01,13338142202.0
14183,-10135987.799999999,5813,0.01,12215683188.9375
14184,-4169643.725,3729,0.01,4562304541.875
14185,-4260893.5,3770,0.01,3724131696.28125
14186,-6754582.0,4746,0.01,3375798716.78125
14187,-7039965.5,4845,0.01,3124500000.3125
14188,-5153761.625,4146,0.01,2648716161.3125
14189,-5454289.75,4265,0.01,2609394208.578125
14190,-7638530.225,5047,0.01,3341160109.484375
14191,-10247658.125,5845,0.01,4473118100.59375
14192,-2453844.75,2861,0.01,2518033540.875
14193,-13327850.125,6666,0.01,6833348524.03125
14194,-1441164.925,2193,0.01,2762936943.3125
14195,-16388072.975,7392,0.01,8919733704.15625
14196,-3466284.125,3400,0.01,5099731535.6875
14197,-6726801.875,4736,0.01,5982364887.59375
14198,-2864176.5,3091,0.01,2920304980.59375
14199,-3966035.725,3637,0.01,2146926848.703125
14200,-2298530.725,2769,0.01,1564869234.3125
14201,-4445441.875,3850,0.01,1782217953.140625
14202,-3479944.6,3407,0.01,1703673706.34375
14203,-2035253.375,2606,0.01,1209640892.5625
14204,-12203498.6,6379,0.01,3614964057.015625
14205,-5911292.5,4440,0.01,4676881794.375
14206,-14200888.25,6881,0.01,7050449845.53125
14207,-5709123.8,4363,0.01,5118825654.84375
14208,-4923754.1,4052,0.01,4294154395.78125
14209,-1059138.25,1880,0.01,2052401822.296875
14210,-7617867.5,5040,0.01,3203913589.78125
14211,-4714287.75,3965,0.01,3069057443.75
14212,-5515469.725,4289,0.01,2808446767.875
14213,-1970132.35,2564,0.01,1690163329.03125
14214,-4532826.55,3888,0.01,2259697788.546875
14215,-2640839.0500000003,2968,0.01,1747573487.75
14216,-2203071.875,2711,0.01,1147244912.265625
14217,-9491887.75,5626,0.01,2475180513.34375
14218,-7867084.225,5122,0.01,4026513659.9375
14219,-13084484.25,6605,0.01,5006320721.453125
14220,-50734822.37499999,13005,0.01,22724213907.40625
14221,-3742391.5500000003,3533,0.01,7981701508.8125
14222,-19244757.874999996,8010,0.01,30650631577.375
14223,-8472996.875,5315,0.01,8977410623.8125
14224,-15056814.625,7085,0.01,10045371152.125
14225,-17799795.6,7704,0.01,9687235194.125
14226,-18530297.124999996,7860,0.01,11539226681.9375
14227,-3407209.875,3371,0.01,5870975941.375
14228,-7142517.5,4880,0.01,6848353024.59375
14229,-25060504.374999996,9140,0.01,10725967950.140625
14230,-3174561.1,3254,0.01,6319025233.9375
14231,-5173293.175,4153,0.01,11299590430.375
14232,-3797465.6,3559,0.01,6384387174.234375
14233,-9719888.424999999,5693,0.01,3518339484.9375
14234,-2347014.6750000003,2798,0.01,2284758643.5
14235,-12818636.225,6537,0.01,6115681143.6875
14236,-16463690.725,7409,0.01,8134866647.375
14237,-3555785.85,3444,0.01,5269292729.875
14238,-25532232.374999996,9226,0.01,13582164120.3125
14239,-12229479.375,6386,0.01,10380197562.09375
14240,-6650084.35,4709,0.01,6654684445.8125
14241,-2916634.225,3119,0.01,3984661390.375
14242,-5853267.05,4418,0.01,4069848117.234375
14243,-10159527.125,5820,0.01,4442776389.640625
14244,-7247808.75,4916,0.01,4440071190.875
14245,-8757317.475,5404,0.01,5428337363.03125
14246,-2467306.225,2869,0.01,2288885879.34375
14247,-7072067.375,4856,0.01,4833599686.3125
14248,-2631867.3000000003,2963,0.01,2707074664.4375
14249,-10538703.549999999,5928,0.01,4378693379.421875
14250,-2127178.725,2664,0.01,2624415375.34375
14251,-12041689.875,6336,0.01,6368920301.9375
14252,-8008784.175,5168,0.01,5867511585.5625
14253,-6339346.3,4598,0.01,4790694736.75
14254,-13206042.25,6636,0.01,5258502237.875
14255,-5032992.6,4097,0.01,4819546568.125
14256,-4343709.875,3806,0.01,3487229284.03125
14257,-2525580.475,2902,0.01,2095738713.015625
14258,-5446796.725,4262,0.01,2399443646.046875
14259,-6889608.55,4793,0.01,2817296965.046875
14260,-5666618.1,4347,0.01,3013611436.8125
14261,-1348594.75,2121,0.01,1488132333.53125
14262,-3989456.725,3647,0.01,2870403516.875
14263,-8758533.6,5404,0.01,3112477847.75
14264,-8487641.875,5320,0.01,3993303007.46875
14265,-658334.7999999999,1483,0.01,1290006166.65625
14266,-11117298.049999999,6088,0.01,5398089655.84375
14267,-5994397.75,4471,0.01,5171990563.65625
14268,-13099712.35,6609,0.01,6382005771.96875
14269,-13834825.475,6792,0.01,7493115672.0
14270,-28400429.125,9731,0.01,13911012691.96875
14271,-2555499.5,2920,0.01,6665120777.4375
14272,-8114038.6,5202,0.01,10868607095.46875
14273,-7542203.5,5015,0.01,6053045901.015625
14274,-6235497.5,4560,0.01,3343091216.5
14275,-3683767.625,3505,0.01,2774680264.0
14276,-12988287.5,6581,0.01,5115325525.484375
14277,-5522562.35,4292,0.01,4607631106.03125
14278,-1309900.75,2091,0.01,1948711439.90625
14279,-7701166.55,5068,0.01,5031085700.46875
14280,-19243571.625,8010,0.01,7208571816.8125
14281,-4595777.625,3915,0.01,6134557543.5625
14282,-5214386.25,4170,0.01,8009710330.0625
14283,-3488373.75,3411,0.01,4368372594.921875
14284,-991035.6,1819,0.01,1449077609.859375
14285,-3326281.375,3331,0.01,2021117051.953125
14286,-3457205.5,3396,0.01,1791253251.25
14287,-1383964.975,2149,0.01,1059642421.390625
14288,-3987604.85,3647,0.01,1347046080.5
14289,-5450380.675,4263,0.01,1875230279.59375
14290,-1667614.225,2359,0.01,1165417252.0
14291,-9487768.125,5625,0.01,3066833704.234375
14292,-14015562.25,6836,0.01,5931547005.1875
14293,-6669987.25,4716,0.01,5448543943.71875
14294,-1189013.35,1992,0.01,2469322001.75
14295,-7617815.125,5040,0.01,6104414858.78125
14296,-17566578.8,7653,0.01,7403171752.59375
14297,-42691424.5,11930,0.01,21449175903.625
14298,-9632208.975,5667,0.01,12626663564.6875
14299,-2707180.0,3005,0.01,16857902900.75
14300,-19058690.499999996,7971,0.01,15292034456.0
14301,-9774437.85,5709,0.01,9217586812.8125
14302,-3354927.0,3345,0.01,5035797189.125
14303,-5262609.475,4189,0.01,4591029088.90625
14304,-4932047.875,4056,0.01,3596113261.84375
14305,-809608.725,1644,0.01,1069560518.421875
14306,-6036213.6,4487,0.01,2536945083.375
14307,-10910220.975,6032,0.01,4152734259.84375
14308,-61564095.875,14326,0.01,25792131454.0
14309,-6232881.35,4559,0.01,14430423028.1875
14310,-9187583.375,5535,0.01,25126176499.625
14311,-2674064.975,2987,0.01,3583365648.125
14312,-4189267.9250000003,3738,0.01,3288761707.765625
14313,-5037702.85,4099,0.01,2808693529.3125
14314,-1387409.6,2152,0.01,1138891888.28125
14315,-6063300.6,4497,0.01,2331224894.34375
14316,-9351202.85,5584,0.01,3515576413.78125
14317,-9857892.174999999,5733,0.01,4489576809.1875
14318,-19335378.85,8029,0.01,8465703554.1875
14319,-26790415.625,9451,0.01,14912194897.84375
14320,-6935692.1,4809,0.01,9373113067.8125
14321,-2798257.375,3055,0.01,5482749722.84375
14322,-2091075.25,2641,0.01,5288952286.90625
14323,-6234741.0,4560,0.01,3004969170.953125
14324,-6610479.125,4695,0.01,2691955028.546875
14325,-20693113.624999996,8306,0.01,7009317094.75
14326,-31085942.749999996,10180,0.01,19653430353.90625
14327,-12212445.5,6381,0.01,14386698432.0625
14328,-14655228.875,6990,0.01,10953513939.53125
14329,-9810890.25,5720,0.01,7370980665.8125
14330,-8404983.6,5294,0.01,5794793003.09375
14331,-1726335.375,2400,0.01,2510641859.1875
14332,-5766196.5,4385,0.01,4661087527.96875
14333,-2750116.85,3029,0.01,2761567103.140625
14334,-3391279.8000000003,3363,0.01,1974970305.859375
14335,-15552705.875,7201,0.01,4820935795.65625
14336,-3799032.5,3560,0.01,4446215714.71875
14337,-8848156.6,5432,0.01,7029760872.25
14338,-12593400.375,6480,0.01,5525607967.65625
14339,-6342582.475,4599,0.01,4862862752.59375
14340,-5307455.975,4207,0.01,4055023037.875
14341,-4449280.85,3852,0.01,2719970060.703125
14342,-9772160.549999999,5708,0.01,3543330507.546875
14343,-29357396.674999997,9893,0.01,11753267636.125
14344,-6425366.225,4629,0.01,9767029947.1875
14345,-9691054.0,5685,0.01,14900066054.90625
14346,-2015439.675,2593,0.01,2478963544.03125
14347,-2184035.225,2699,0.01,3213463920.34375
14348,-3142184.975,3237,0.01,3499207509.5625
14349,-24346896.099999998,9009,0.01,8794476348.882812
14350,-6875230.425,4788,0.01,7839251550.1875
14351,-4062287.25,3681,0.01,9136214357.0625
14352,-6567471.375,4680,0.01,5847258993.453125
14353,-8806639.975,5419,0.01,4612547995.984375
14354,-2634842.5,2965,0.01,2222112532.65625
14355,-3900872.225,3607,0.01,2872554752.15625
14356,-15434537.725,7174,0.01,5233971681.609375
14357,-6386104.875,4615,0.01,5328736180.8125
14358,-5823149.225,4407,0.01,4682849404.0
14359,-3220914.1750000003,3278,0.01,2171285099.90625
14360,-8804583.924999999,5418,0.01,2799357658.078125
14361,-10098635.674999999,5803,0.01,4512411827.78125
14362,-3020748.975,3174,0.01,2882492271.34375
14363,-3400788.4250000003,3368,0.01,3186349330.625
14364,-12807935.875,6535,0.01,5252769759.703125
14365,-16145570.225,7337,0.01,7689608102.96875
14366,-15435082.1,7174,0.01,8792070769.40625
14367,-12727988.1,6514,0.01,10615406029.375
14368,-7679575.25,5061,0.01,7170835744.53125
14369,-11276713.475,6132,0.01,6662734888.625
14370,-7136669.55,4878,0.01,4893870678.0625
14371,-5553441.425,4303,0.01,4230859775.4375
14372,-5589261.35,4317,0.01,3387367410.46875
14373,-9200656.225,5539,0.01,4081093625.5
14374,-3002721.25,3165,0.01,2598630229.59375
14375,-13808955.75,6785,0.01,6466490362.5
14376,-6540304.375,4670,0.01,5385613296.3125
14377,-10190504.225,5829,0.01,7436109406.25
14378,-6751635.375,4745,0.01,4230589735.1875
14379,-2288159.9250000003,2763,0.01,2093583441.34375
14380,-2777909.475,3044,0.01,2625681210.34375
14381,-4896344.0,4041,0.01,2322901370.921875
14382,-2323529.225,2784,0.01,1422545181.453125
14383,-4300859.85,3787,0.01,1681216250.0
14384,-5932876.05,4448,0.01,2157609609.9375
14385,-11618207.225,6224,0.01,4032631004.640625
14386,-20657139.85,8299,0.01,9056492286.09375
14387,-5931623.475,4447,0.01,8466288359.25
14388,-7930012.85,5142,0.01,7600367363.0625
14389,-2566062.125,2926,0.01,2680114294.1875
14390,-7253197.3,4918,0.01,4109438028.0625
14391,-13355329.924999999,6673,0.01,5355815148.5
14392,-4463233.175,3858,0.01,4504269724.1875
14393,-7342547.3,4948,0.01,5997881295.65625
14394,-2142067.6750000003,2673,0.01,2435944483.0
14395,-24550083.6,9047,0.01,9708560631.8125
14396,-9387024.375,5595,0.01,8497304757.0
14397,-3699198.5500000003,3513,0.01,4387369307.65625
14398,-4602733.175,3918,0.01,4113272254.90625
14399,-8430840.725,5302,0.01,3890990871.546875
14400,-15994534.924999999,7303,0.01,6211325790.0
14401,-2027759.25,2601,0.01,3858677340.625
14402,-5171378.925,4153,0.01,6694108509.375
14403,-3247060.375,3291,0.01,4938516193.046875
14404,-8898758.475,5447,0.01,3117045666.671875
14405,-7759798.6,5087,0.01,3910921177.46875
14406,-2694469.1750000003,2998,0.01,2392681115.25
14407,-5213790.375,4170,0.01,3622086859.4375
14408,-14426736.5,6936,0.01,5282536294.28125
14409,-35736599.37499999,10915,0.01,17130792411.75
14410,-3682126.725,3504,0.01,8119647526.6875
14411,-6022855.75,4481,0.01,10154170868.09375
14412,-11302797.35,6139,0.01,6945236600.90625
14413,-14213367.6,6884,0.01,6470809642.8125
14414,-8883187.049999999,5443,0.01,7118541644.46875
14415,-4571424.0,3905,0.01,5574292984.3125
14416,-5451046.725,4264,0.01,4189902313.5625
14417,-2722582.975,3014,0.01,2326897379.25
14418,-13744361.6,6769,0.01,4744912178.109375
14419,-5211418.85,4169,0.01,4972505579.3125
14420,-12165704.475,6369,0.01,7836381268.59375
14421,-10832257.5,6010,0.01,6110668082.28125
14422,-5403571.625,4245,0.01,5506493774.6875
14423,-6981763.0,4825,0.01,4060037370.71875
14424,-12189803.625,6375,0.01,5295394291.84375
14425,-8129360.625,5206,0.01,5396786481.71875
14426,-7852771.975,5117,0.01,5569659242.5625
14427,-8570580.25,5346,0.01,5119565928.0625
14428,-2066698.125,2626,0.01,2416690159.90625
14429,-16584712.625,7436,0.01,7493521666.40625
14430,-2860099.6,3089,0.01,4754701610.25
14431,-15555835.725,7202,0.01,7414140168.8125
14432,-2017909.875,2595,0.01,3327892043.6875
14433,-2184798.0,2700,0.01,2098392109.390625
14434,-4768814.675,3988,0.01,1674691049.75
14435,-1967328.85,2562,0.01,1079482671.921875
14436,-5077251.875,4115,0.01,1664881693.703125
14437,-8123708.75,5205,0.01,2866557711.796875
14438,-2131588.1,2667,0.01,1737173688.6875
14439,-3293882.75,3315,0.01,2322241286.96875
14440,-5490258.225,4279,0.01,2259228876.09375
14441,-6483543.0,4650,0.01,2314642491.5
14442,-8467328.225,5314,0.01,3403762042.53125
14443,-2469341.25,2870,0.01,2090798026.625
14444,-2549475.75,2916,0.01,2120208894.90625
14445,-3235659.0,3285,0.01,2299721723.03125
14446,-16371373.049999999,7388,0.01,4484374094.6796875
14447,-20405838.174999997,8248,0.01,9622709616.21875
14448,-12694899.375,6506,0.01,9531588089.125
14449,-5087570.725,4119,0.01,5775808712.5625
14450,-12313523.424999999,6408,0.01,7114535909.96875
14451,-7424606.875,4976,0.01,4802562279.0
14452,-9856313.674999999,5733,0.01,5444459256.96875
14453,-2256585.1,2744,0.01,2498276835.5625
14454,-12464259.85,6447,0.01,5868991486.78125
14455,-8595904.85,5354,0.01,5599216526.1875
14456,-5420886.35,4252,0.01,3926197425.96875
14457,-10732780.1,5982,0.01,4418433760.171875
14458,-2823286.6,3069,0.01,2528675255.59375
14459,-9475500.5,5621,0.01,5617134039.3125
14460,-8424536.75,5300,0.01,5011470799.40625
14461,-6585220.5,4686,0.01,4135375247.71875
14462,-7043398.0,4846,0.01,3884848458.125
14463,-14184418.725,6877,0.01,5948663510.203125
14464,-26694645.6,9434,0.01,13404540587.65625
14465,-4896841.625,4041,0.01,7826506853.625
14466,-7694814.0,5065,0.01,6795764350.75
14467,-5581112.1,4314,0.01,3716580666.78125
14468,-26622199.624999996,9421,0.01,10046309424.046875
14469,-18480705.474999998,7849,0.01,17313930027.5625
14470,-13379516.1,6679,0.01,10113480459.21875
14471,-6886372.225,4792,0.01,5971719813.1875
14472,-7799471.875,5100,0.01,5655872718.0625
14473,-5758542.85,4382,0.01,3860455600.625
14474,-11628983.975,6227,0.01,4632837193.40625
14475,-6150835.725,4529,0.01,4182997072.1875
14476,-8680447.125,5380,0.01,5316502922.375
14477,-11137238.85,6094,0.01,4762983417.5
14478,-2515620.975,2897,0.01,2923467961.71875
14479,-10168176.674999999,5823,0.01,5786409542.65625
14480,-3304608.5,3320,0.01,3557240283.71875
14481,-10398435.799999999,5888,0.01,5370040239.75
14482,-3795846.4250000003,3558,0.01,3457695131.0625
14483,-13209245.125,6636,0.01,6146387278.9375
14484,-5997510.975,4472,0.01,5146339110.6875
14485,-14541509.174999999,6963,0.01,7396055901.0625
14486,-22760495.125,8711,0.01,11990136619.5
14487,-5254093.875,4186,0.01,7693872638.0
14488,-12258678.174999999,6393,0.01,13184542313.78125
14489,-6854352.0,4781,0.01,4953961133.0625
14490,-8798749.1,5417,0.01,5490682680.53125
14491,-32981730.125,10486,0.01,14164647295.140625
14492,-4248680.85,3764,0.01,7856952136.1875
14493,-18508940.375,7856,0.01,24876282728.6875
14494,-6860100.675,4783,0.01,7839538229.0
14495,-5157348.35,4147,0.01,7027711852.625
14496,-11979649.125,6320,0.01,5853020795.234375
14497,-6927094.0,4806,0.01,4775494229.3125
14498,-10931171.85,6037,0.01,5511117920.5625
14499,-6802879.05,4763,0.01,4683100483.59375
14500,-13394982.424999999,6683,0.01,7040839642.90625
14501,-835336.125,1670,0.01,2126345259.0
14502,-12353488.174999999,6418,0.01,8286785894.5
14503,-1550727.75,2275,0.01,3601544898.375
14504,-4962058.05,4068,0.01,3397083528.625
14505,-4007497.5,3656,0.01,1954096080.125
14506,-3492139.1750000003,3413,0.01,1639920987.71875
14507,-11881566.225,6294,0.01,3462750308.8125
14508,-5550382.35,4302,0.01,4071909327.09375
14509,-10786691.85,5997,0.01,5143823510.9375
14510,-4921213.125,4051,0.01,3889000405.6875
14511,-10760668.375,5990,0.01,6011448133.46875
14512,-1277153.475,2064,0.01,2075242997.78125
14513,-8533090.725,5334,0.01,5571219394.125
14514,-14208612.549999999,6883,0.01,6511443598.5
14515,-6350364.725,4602,0.01,5624054794.21875
14516,-5815227.1,4404,0.01,6177778003.84375
14517,-11725623.549999999,6253,0.01,5190180085.625
14518,-2476042.85,2874,0.01,2801243678.0
14519,-22135347.25,8591,0.01,10170763308.5625
14520,-1501254.8,2238,0.01,4516874698.875
14521,-41295561.3,11733,0.01,23055842400.5
14522,-15751072.85,7247,0.01,13572683103.65625
14523,-5554710.225,4304,0.01,8930172171.125
14524,-1408309.8,2168,0.01,3528214343.9375
14525,-11929594.225,6307,0.01,8712985057.875
14526,-7994632.175,5163,0.01,5737661730.78125
14527,-11561652.85,6209,0.01,5796492730.65625
14528,-14966746.975,7064,0.01,7516138673.125
14529,-13085178.875,6605,0.01,8529141548.0625
14530,-8611925.725,5359,0.01,7207704915.375
14531,-3019814.475,3174,0.01,4395869576.34375
14532,-1359480.75,2130,0.01,2454077015.65625
14533,-2770337.25,3040,0.01,2638455779.1875
14534,-2961349.6750000003,3143,0.01,1746238656.1640625
14535,-3374863.375,3355,0.01,1241958873.0078125
14536,-6607261.35,4694,0.01,1788232772.25
14537,-9583229.424999999,5653,0.01,3344587504.953125
14538,-3844511.375,3581,0.01,2762013321.84375
14539,-1874626.5,2501,0.01,1968044928.65625
14540,-3725474.75,3525,0.01,2731603082.5
14541,-4177657.0500000003,3733,0.01,1550523059.15625
14542,-18034056.349999998,7754,0.01,5194453964.609375
14543,-8437346.35,5304,0.01,7006438145.1875
14544,-6477751.55,4648,0.01,7918465695.5625
14545,-9502237.85,5629,0.01,5407107920.375
14546,-1828462.125,2470,0.01,2176573377.9375
14547,-13415682.424999999,6688,0.01,8103576340.25
14548,-4447475.125,3851,0.01,5239486996.25
14549,-8465453.299999999,5313,0.01,6781175543.3125
14550,-7664443.875,5055,0.01,4777547328.84375
14551,-4778650.85,3992,0.01,3731848691.25
14552,-9171655.0,5530,0.01,4438184543.953125
14553,-2275072.125,2755,0.01,2273771245.875
14554,-4847808.25,4021,0.01,3311905598.15625
14555,-2990544.1750000003,3158,0.01,2492200843.8125
14556,-17355611.225,7607,0.01,4896359587.390625
14557,-2204528.225,2712,0.01,4058034868.5
14558,-1144931.625,1955,0.01,3006879415.4375
14559,-12487598.424999999,6453,0.01,8726513823.84375
14560,-3193748.225,3264,0.01,3858255796.75
14561,-1783927.375,2440,0.01,1771029061.8125
14562,-23936860.549999997,8933,0.01,8699405623.984375
14563,-4241015.375,3761,0.01,6709946938.8125
14564,-7271474.85,4924,0.01,5742569374.25
14565,-13270837.225,6652,0.01,5771980489.0
14566,-27235623.85,9529,0.01,12749312091.09375
14567,-5645586.6,4339,0.01,9513898094.375
14568,-10830619.1,6009,0.01,15022750405.375
14569,-12158566.725,6367,0.01,6232125375.1875
14570,-14146895.924999999,6868,0.01,8703163847.625
14571,-6537331.725,4669,0.01,6590322356.125
14572,-10160452.375,5820,0.01,7738988997.46875
14573,-2961075.225,3142,0.01,3488818891.03125
14574,-9570576.975,5649,0.01,6348787980.3125
14575,-7533299.35,5012,0.01,4814727174.03125
14576,-4996214.6,4082,0.01,3101148337.9375
14577,-13398587.35,6684,0.01,4492934526.015625
14578,-3727139.125,3526,0.01,3671309540.6875
14579,-7349145.25,4950,0.01,5112681600.28125
14580,-2033307.725,2604,0.01,2276583964.953125
14581,-6786703.475,4757,0.01,3219747431.5
14582,-9175466.125,5531,0.01,4069035973.0625
14583,-11133244.674999999,6093,0.01,5010845341.84375
14584,-9612179.1,5662,0.01,5538939817.0625
14585,-2128407.125,2665,0.01,2570838917.625
14586,-5046862.925,4103,0.01,3836056226.875
14587,-4062043.25,3681,0.01,2601958108.90625
14588,-4964201.975,4069,0.01,2226056418.75
14589,-18530198.374999996,7860,0.01,5982283797.09375
14590,-8587623.625,5351,0.01,7679338067.4375
14591,-1735159.125,2406,0.01,4405048028.6875
14592,-7810306.425,5103,0.01,7265536664.59375
14593,-1239329.1,2034,0.01,2435394565.4375
14594,-8650796.875,5371,0.01,4469672322.5
14595,-2048313.725,2614,0.01,2742388758.59375
14596,-14599390.85,6977,0.01,6555393741.234375
14597,-10854109.625,6016,0.01,7868499673.25
14598,-9998231.975,5774,0.01,6523723720.28125
14599,-8490650.625,5321,0.01,5232718896.96875
14600,-6960405.05,4818,0.01,4350741917.5625
14601,-1284959.0,2071,0.01,1475897822.5625
14602,-2415637.975,2839,0.01,1985628631.3125
14603,-5795241.0,4396,0.01,2193670885.5703125
14604,-4602468.05,3918,0.01,2089105369.734375
14605,-7309003.225,4937,0.01,2539610423.59375
14606,-10937821.35,6039,0.01,4074812134.75
14607,-4448972.475,3852,0.01,3904543850.46875
14608,-2115092.5,2656,0.01,2500788534.625
14609,-17322507.724999998,7599,0.01,7834939333.609375
14610,-4532736.3,3888,0.01,5722107386.25
14611,-5960723.85,4459,0.01,3921690060.84375
14612,-5055497.625,4106,0.01,3058225001.015625
14613,-6350643.6,4602,0.01,2590746194.703125
14614,-4240956.25,3761,0.01,2440603284.53125
14615,-3448963.6,3392,0.01,2153171768.515625
14616,-3142595.1750000003,3238,0.01,1871042804.25
14617,-2779893.125,3045,0.01,1422495628.109375
14618,-3266254.875,3301,0.01,1233937470.078125
14619,-11821390.799999999,6278,0.01,3357523913.96875
14620,-8052105.35,5182,0.01,5143839922.40625
14621,-16676245.475,7457,0.01,7968906786.625
14622,-1897087.625,2516,0.01,4001253232.0
14623,-1875988.975,2502,0.01,3460952157.3125
14624,-13867512.75,6800,0.01,8888354244.4375
14625,-5183808.175,4158,0.01,5189506807.84375
14626,-12403896.875,6431,0.01,7008704604.75
14627,-4526475.5,3885,0.01,4226151875.78125
14628,-13567917.375,6726,0.01,7888644702.375
14629,-16762175.125,7476,0.01,8778064325.15625
14630,-12875829.975,6552,0.01,8821474322.0625
14631,-13718815.924999999,6763,0.01,8764571740.03125
14632,-8211474.8,5233,0.01,6854025958.1875
14633,-5183867.925,4158,0.01,6008016161.6875
14634,-5606761.1,4324,0.01,4164449731.71875
14635,-6469863.0,4645,0.01,3100736541.46875
14636,-9297539.049999999,5568,0.01,3977091784.9375
14637,-6205227.475,4549,0.01,3855615791.625
14638,-7873997.85,5124,0.01,4267904597.75
14639,-4050173.75,3675,0.01,2904323840.59375
14640,-2651836.35,2974,0.01,2314217597.125
14641,-12974865.1,6577,0.01,5423779366.46875
14642,-16093273.625,7325,0.01,8400202218.71875
14643,-5567741.35,4309,0.01,6324893151.0
14644,-8575903.85,5347,0.01,6921005529.59375
14645,-19509042.875,8065,0.01,7959275725.21875
14646,-3310492.8000000003,3323,0.01,5407791150.125
14647,-3719135.475,3522,0.01,6904574006.375
14648,-1487570.05,2228,0.01,4300769991.21875
14649,-2157435.4250000003,2683,0.01,2112115752.015625
14650,-6372449.75,4610,0.01,2372093069.96875
14651,-2192339.725,2704,0.01,1564945000.296875
14652,-15808700.375,7260,0.01,5457894021.34375
14653,-12898011.799999999,6558,0.01,8010098427.40625
14654,-12527187.674999999,6463,0.01,7417268388.5
14655,-3748399.75,3536,0.01,4163845921.71875
14656,-2352280.5,2801,0.01,3124909890.125
14657,-4688252.85,3954,0.01,3297830672.046875
14658,-16261590.174999999,7363,0.01,5384106143.0
14659,-18312855.725,7814,0.01,10303595049.875
14660,-6463729.425,4643,0.01,7431267194.5
14661,-5800028.05,4398,0.01,6057188430.78125
14662,-4555621.675,3898,0.01,3452518694.65625
14663,-16205113.5,7351,0.01,5621348065.140625
14664,-27008763.599999998,9489,0.01,14366219438.375
14665,-4584061.75,3910,0.01,7628953660.21875
14666,-19754596.749999996,8115,0.01,13464629137.28125
14667,-8283140.5,5255,0.01,7631911606.9375
14668,-5047809.175,4103,0.01,4121995783.0
14669,-3421870.85,3379,0.01,2601859972.40625
14670,-12050223.6,6339,0.01,4141496920.78125
14671,-9895445.225,5744,0.01,5375242992.625
14672,-8152728.225,5214,0.01,5374426386.84375
14673,-2716197.5,3010,0.01,2485857564.4375
14674,-17737551.499999996,7690,0.01,7342780320.1875
14675,-3479985.1,3407,0.01,5575809075.3125
14676,-6977844.475,4824,0.01,7782970228.625
14677,-1970274.475,2564,0.01,3041751130.140625
14678,-7262850.75,4921,0.01,3823476209.5
14679,-4497491.55,3873,0.01,3048940085.125
14680,-10736334.799999999,5983,0.01,4418331148.46875
14681,-11339225.35,6149,0.01,5617325003.375
14682,-20383418.975,8244,0.01,9834271331.125
14683,-11705712.85,6247,0.01,9017174505.46875
14684,-10240199.174999999,5843,0.01,10452793521.46875
14685,-7419603.35,4974,0.01,6226740924.6875
14686,-3844559.5,3581,0.01,4157402138.90625
14687,-3981494.975,3644,0.01,3696029489.5625
14688,-4884791.25,4036,0.01,3063831647.140625
14689,-4327812.6,3799,0.01,2031386824.671875
14690,-5109042.8,4128,0.01,2260126904.9375
14691,-5638805.625,4336,0.01,2528957580.953125
14692,-13272183.725,6652,0.01,4990859961.09375
14693,-4167306.0500000003,3728,0.01,4219572617.71875
14694,-19075609.625,7975,0.01,10431506974.28125
14695,-6752532.75,4745,0.01,7474526442.75
14696,-14260911.625,6895,0.01,8662744654.46875
14697,-16953773.424999997,7518,0.01,9783837949.90625
14698,-5890423.85,4432,0.01,7107654327.5
14699,-10763595.5,5991,0.01,9085123933.3125
14700,-17240117.35,7582,0.01,7777718785.125
14701,-3576720.475,3454,0.01,5459005516.625
14702,-7147945.85,4882,0.01,6121640169.53125
14703,-5287603.975,4199,0.01,3324288496.828125
14704,-2092536.975,2642,0.01,1803553321.375
14705,-7443469.225,4982,0.01,3763795152.890625
14706,-9991840.975,5772,0.01,4503166282.75
14707,-6082311.225,4504,0.01,3901471282.21875
14708,-4034783.9250000003,3668,0.01,2814521467.59375
14709,-5984023.725,4467,0.01,2911788494.5625
14710,-8115782.85,5202,0.01,3283340946.078125
14711,-5449593.175,4263,0.01,3165477043.125
14712,-11242452.049999999,6123,0.01,4621812138.15625
14713,-8033659.75,5176,0.01,4934515413.5
14714,-9667461.674999999,5678,0.01,5245595109.6875
14715,-17507160.624999996,7640,0.01,7464662721.34375
14716,-9332017.049999999,5578,0.01,7645786554.75
14717,-12703872.299999999,6508,0.01,8617471092.125
14718,-17389389.974999998,7614,0.01,9050684407.59375
14719,-3073901.35,3202,0.01,5611275953.4375
14720,-6108274.675,4513,0.01,7995666675.5
14721,-3469828.1,3402,0.01,4571441166.90625
14722,-13321710.25,6665,0.01,4604350011.546875
14723,-30197678.725,10034,0.01,13386750660.90625
14724,-2405288.9250000003,2833,0.01,6454673430.3125
14725,-29063785.6,9844,0.01,15593782117.0625
14726,-5700718.5,4360,0.01,7913388821.8125
14727,-3951336.5,3630,0.01,4021903920.921875
14728,-12443830.0,6441,0.01,5600555118.9375
14729,-8055663.175,5183,0.01,4991525680.59375
14730,-4029801.5,3666,0.01,4027658407.25
14731,-9664909.225,5677,0.01,4961435534.109375
14732,-11142242.75,6095,0.01,5638375829.75
14733,-7133444.1,4877,0.01,4805785550.3125
14734,-11068516.75,6075,0.01,5328046883.84375
14735,-17808579.625,7706,0.01,7886165140.875
14736,-916973.25,1750,0.01,3114785988.375
14737,-2857058.225,3087,0.01,3933350204.0
14738,-17657251.05,7673,0.01,5668449387.765625
14739,-8606368.725,5357,0.01,7657379659.125
14740,-12982158.725,6579,0.01,8930412570.875
14741,-4526414.75,3885,0.01,5206784727.84375
14742,-12371280.674999999,6423,0.01,8133429109.9375
14743,-6911611.125,4801,0.01,5272875458.4375
14744,-2795974.85,3054,0.01,3078935233.09375
14745,-4591658.05,3913,0.01,3451901043.21875
14746,-11039510.225,6067,0.01,4214366373.65625
14747,-7199783.25,4900,0.01,4650517673.46875
14748,-8105658.1,5199,0.01,4650483519.21875
14749,-7645034.725,5049,0.01,4026172579.3125
14750,-19373036.35,8037,0.01,7455696026.78125
14751,-6309759.475,4587,0.01,6681466448.1875
14752,-1387008.0,2151,0.01,3818786098.4375
14753,-5211897.225,4169,0.01,6654212240.9375
14754,-5111949.35,4129,0.01,3211714227.8125
14755,-3840696.35,3579,0.01,2093726342.25
14756,-15808901.25,7260,0.01,4813297196.484375
14757,-14139291.75,6866,0.01,8376544491.90625
14758,-2535416.1750000003,2908,0.01,4750547313.375
14759,-6649092.1,4709,0.01,6493577751.96875
14760,-1901968.1,2519,0.01,3411997338.828125
14761,-4277431.1,3777,0.01,2278815265.25
14762,-6367829.425,4608,0.01,2284882321.765625
14763,-9824950.35,5724,0.01,3463502748.625
14764,-1480619.175,2223,0.01,1764741397.0
14765,-2358132.0,2805,0.01,2530084290.09375
14766,-5801896.725,4399,0.01,2812537399.609375
14767,-12922567.35,6564,0.01,4210383777.15625
14768,-5634276.5,4335,0.01,4499100314.84375
14769,-10504034.299999999,5918,0.01,5151098701.5625
14770,-9095788.6,5507,0.01,4684668191.8125
14771,-4620790.25,3925,0.01,3859429015.71875
14772,-12386266.125,6426,0.01,6090240055.78125
14773,-6791107.725,4759,0.01,4403304202.875
14774,-2024482.225,2599,0.01,2187069901.71875
14775,-3467359.75,3401,0.01,2963160204.0
14776,-2657294.975,2977,0.01,1861806913.796875
14777,-16220889.725,7354,0.01,4299747376.8828125
14778,-5853133.925,4418,0.01,5653319070.125
14779,-2687233.475,2994,0.01,3774671823.875
14780,-10437547.475,5899,0.01,5814565597.984375
14781,-4937741.05,4058,0.01,3873991701.71875
14782,-8143479.75,5211,0.01,3542359113.3125
14783,-15927157.1,7287,0.01,5862633188.9375
14784,-3149295.25,3241,0.01,4485487849.3125
14785,-9098171.174999999,5508,0.01,5890221503.484375
14786,-2491454.8000000003,2883,0.01,2717174801.8125
14787,-2943059.1750000003,3133,0.01,2764528898.0
14788,-5171334.55,4153,0.01,3423141354.828125
14789,-12146361.35,6364,0.01,3845322538.25
14790,-1602352.475,2312,0.01,2233494224.21875
14791,-18140048.35,7777,0.01,9555713333.5
14792,-4158019.85,3724,0.01,5594392127.5
14793,-7946519.175,5148,0.01,3356323898.046875
14794,-3030113.725,3179,0.01,2611700208.4375
14795,-4042564.625,3671,0.01,2691614422.375
14796,-15321871.975,7147,0.01,5260646481.703125
14797,-5397816.425,4243,0.01,5168882545.8125
14798,-3785962.975,3554,0.01,4241937962.71875
14799,-380164.475,1127,0.01,1571130356.21875
14800,-2459536.35,2864,0.01,2577298971.328125
14801,-7685241.1,5062,0.01,2754075935.53125
14802,-2837913.975,3077,0.01,2156127903.25
14803,-16136957.625,7335,0.01,6155037209.28125
14804,-12525991.424999999,6463,0.01,7885887239.21875
14805,-4227651.375,3755,0.01,6233396747.875
14806,-3356222.5,3346,0.01,3840306888.6875
14807,-3290378.4250000003,3313,0.01,3575130036.84375
14808,-10325471.924999999,5868,0.01,3211295761.1875
14809,-1883582.475,2507,0.01,2134814568.5625
14810,-10994152.25,6055,0.01,5554790244.90625
14811,-10946271.0,6041,0.01,6326739439.9375
14812,-10582823.375,5940,0.01,6030183278.28125
14813,-13196566.674999999,6633,0.01,7229384685.5625
14814,-4864032.3,4028,0.01,5461783675.5
14815,-12600962.225,6482,0.01,7975669710.375
14816,-7076701.675,4858,0.01,5346550726.28125
14817,-14301888.75,6905,0.01,7349477180.03125
14818,-16573347.174999999,7433,0.01,9712548913.0
14819,-4451005.925,3853,0.01,6254018696.0
14820,-5111190.3,4128,0.01,6621036984.3125
14821,-6509759.35,4659,0.01,4531994839.546875
14822,-13222898.0,6640,0.01,5518367829.859375
14823,-5319719.725,4212,0.01,5094800654.6875
14824,-2881029.125,3100,0.01,3802000453.8125
14825,-9160800.35,5527,0.01,5920029644.90625
14826,-7897981.35,5132,0.01,4729494677.40625
14827,-12047472.799999999,6338,0.01,5658631265.28125
14828,-13752423.35,6772,0.01,6756520460.4375
14829,-10444862.725,5902,0.01,7238656958.96875
14830,-11338322.725,6149,0.01,7322035567.96875
14831,-16888261.725,7504,0.01,7718703328.65625
14832,-2903267.225,3112,0.01,5052835685.125
14833,-13809805.0,6786,0.01,10247064071.3125
14834,-6403862.625,4621,0.01,6005644392.1875
14835,-1500911.175,2238,0.01,2904962701.90625
14836,-19795594.725,8124,0.01,9966369188.78125
14837,-7231707.125,4911,0.01,7513246505.40625
14838,-3246881.25,3291,0.01,6405311685.75
14839,-1841530.85,2479,0.01,4599056042.46875
14840,-5502717.225,4284,0.01,3471421985.109375
14841,-983233.725,1812,0.01,1009236787.5
14842,-4553338.6,3897,0.01,2081537243.71875
14843,-8449774.549999999,5308,0.01,3039081081.1875
14844,-12055079.25,6340,0.01,5020254665.75
14845,-7516477.85,5007,0.01,5180508947.28125
14846,-13771766.625,6776,0.01,5760335392.859375
14847,-13968946.375,6825,0.01,7644140625.46875
14848,-4257273.925,3768,0.01,5117557991.75
14849,-2969661.1,3147,0.01,2643893467.34375
14850,-25524457.25,9225,0.01,9137529485.734375
14851,-8595726.225,5354,0.01,8488078697.5
14852,-3820796.875,3570,0.01,7132354995.59375
14853,-3437204.25,3386,0.01,3823771802.1875
14854,-5595786.25,4320,0.01,2890350634.140625
14855,-3186289.5,3260,0.01,2083955038.265625
14856,-19562101.25,8076,0.01,6965524122.328125
14857,-62546406.75,14440,0.01,29843829546.3125
14858,-6094269.8,4508,0.01,12856970385.1875
14859,-7491390.55,4998,0.01,37375526663.625
14860,-4537283.375,3890,0.01,6529328727.1875
14861,-11346312.25,6151,0.01,5608922227.265625
14862,-4339617.1,3804,0.01,4017882802.15625
14863,-857613.1,1692,0.01,1631456640.15625
14864,-10208042.975,5834,0.01,6142876098.78125
14865,-9325085.375,5576,0.01,5363198797.0
14866,-1865702.875,2495,0.01,2211514969.65625
14867,-8629969.225,5364,0.01,4319902663.609375
14868,-2725378.625,3015,0.01,2957033936.375
14869,-5389915.875,4240,0.01,3505039516.8125
14870,-7827419.85,5109,0.01,3686761509.984375
14871,-3062654.875,3196,0.01,2359296860.15625
14872,-2619940.875,2956,0.01,2194311703.875
14873,-2076319.35,2632,0.01,1899515751.25
14874,-6509255.225,4659,0.01,2195138068.7109375
14875,-4060318.375,3680,0.01,2082410778.859375
14876,-2186703.5,2701,0.01,1474166279.015625
14877,-12922716.475,6564,0.01,3903193677.859375
14878,-7205000.225,4902,0.01,5181759006.46875
14879,-12980343.85,6579,0.01,6370546183.21875
14880,-2310097.25,2776,0.01,3067647516.6875
14881,-9781920.875,5711,0.01,5806965529.71875
14882,-4773312.125,3990,0.01,3726022866.3125
14883,-7303343.75,4935,0.01,3258768115.28125
14884,-7508378.35,5004,0.01,3495847234.5625
14885,-10438821.375,5900,0.01,4350136251.28125
14886,-11417380.625,6170,0.01,5691472675.625
14887,-15590721.75,7210,0.01,7622553424.375
14888,-4744689.8,3978,0.01,5738821012.625
14889,-3167953.125,3251,0.01,4052452304.09375
14890,-4360508.1,3814,0.01,3891644252.703125
14891,-5943536.725,4452,0.01,2663230714.25
14892,-1373977.375,2141,0.01,1394377096.5
14893,-5483308.875,4276,0.01,2609684389.765625
14894,-76238621.225,15942,0.01,29169458111.5625
14895,-1537619.25,2265,0.01,7803970329.75
14896,-20166461.0,8200,0.01,46553034567.0
14897,-1527718.3,2258,0.01,4542138762.625
14898,-4937957.8,4058,0.01,4128848299.828125
14899,-5726773.375,4370,0.01,3030767558.5625
14900,-3001140.35,3164,0.01,1738979810.203125
14901,-2331728.475,2789,0.01,1445567825.203125
14902,-7645462.35,5049,0.01,2232017107.1171875
14903,-3330595.6750000003,3333,0.01,2055793843.9375
14904,-26463857.55,9393,0.01,9046049352.25
14905,-7735586.475,5079,0.01,9591407205.65625
14906,-14310874.1,6907,0.01,15087880386.5
14907,-2373399.725,2814,0.01,4464306846.0625
14908,-9584653.299999999,5653,0.01,8062699743.75
14909,-3342771.35,3339,0.01,3727727640.59375
14910,-16083725.299999999,7323,0.01,6778854060.40625
14911,-13698284.299999999,6758,0.01,8746193916.5625
14912,-6372506.375,4610,0.01,6857333507.625
14913,-13678014.975,6754,0.01,7990496504.34375
14914,-2270174.975,2752,0.01,3049211306.9375
14915,-8445746.1,5307,0.01,5770407958.65625
14916,-6147992.925,4528,0.01,4125992841.8125
14917,-5764987.75,4385,0.01,3190211893.125
14918,-8952894.475,5464,0.01,3599395163.171875
14919,-6416927.5,4626,0.01,3467186197.125
14920,-4875140.475,4032,0.01,3026424416.21875
14921,-8950207.549999999,5463,0.01,3934862739.125
14922,-7687114.175,5063,0.01,4223855568.46875
14923,-21376825.724999998,8442,0.01,8921001088.53125
14924,-29768372.599999998,9962,0.01,20630017087.5625
14925,-28058597.6,9672,0.01,17860424922.71875
14926,-4579641.425,3908,0.01,8907618239.15625
14927,-12427295.85,6437,0.01,18645462298.6875
14928,-8247860.1,5244,0.01,6176061930.5625
14929,-16322866.225,7377,0.01,7250808838.09375
14930,-19816003.299999997,8128,0.01,11438799457.0625
14931,-5340508.125,4220,0.01,8134134058.4375
14932,-1790847.1,2444,0.01,4907700205.1875
14933,-16509343.725,7419,0.01,10406213793.921875
14934,-10081529.424999999,5798,0.01,8551790027.4375
14935,-1756345.125,2421,0.01,3575476972.0625
14936,-4711326.1,3964,0.01,4048159549.15625
14937,-642662.75,1465,0.01,1010849313.640625
14938,-14893596.35,7047,0.01,5612968080.53125
14939,-5513652.175,4288,0.01,6023882610.9375
14940,-8593395.674999999,5353,0.01,7219864917.5625
14941,-7730374.475,5077,0.01,4596098892.5
14942,-6115050.125,4516,0.01,3423529496.78125
14943,-8613267.975,5359,0.01,3783006683.46875
14944,-11244145.549999999,6123,0.01,4705732466.03125
14945,-4750194.625,3980,0.01,4455871580.75
14946,-11819793.174999999,6278,0.01,6459337692.03125
14947,-9653971.725,5674,0.01,5169253703.625
14948,-13112333.975,6612,0.01,6606872303.125
14949,-7312897.05,4938,0.01,5571468034.5
14950,-6125999.375,4520,0.01,6030824996.125
14951,-20736616.349999998,8314,0.01,8216646894.8125
14952,-21204442.674999997,8408,0.01,13488487212.125
14953,-7900525.55,5133,0.01,9766725146.0625
14954,-4166370.9250000003,3728,0.01,6802036795.0625
14955,-11914972.549999999,6303,0.01,5883811651.96875
14956,-34375517.99999999,10705,0.01,15107059503.78125
14957,-2058025.25,2620,0.01,6491128832.125
14958,-16442934.975,7404,0.01,26090086459.9375
14959,-8347354.75,5276,0.01,7073390562.21875
14960,-1981168.875,2571,0.01,3210840418.6875
14961,-20598267.85,8287,0.01,9337819668.0625
14962,-12036449.75,6335,0.01,11038242061.5
14963,-14013202.125,6835,0.01,9702195155.53125
14964,-19494639.975,8062,0.01,10524960770.625
14965,-19962977.549999997,8158,0.01,16139719823.0625
14966,-23731292.25,8895,0.01,16333094601.28125
14967,-6634614.975,4704,0.01,8399841506.375
14968,-6013283.8,4478,0.01,7152548040.25
14969,-9821317.924999999,5723,0.01,4666592339.75
14970,-6686897.35,4722,0.01,4018396026.6875
14971,-6290223.25,4580,0.01,4211204446.46875
14972,-12909880.125,6561,0.01,5412304788.90625
14973,-10414067.799999999,5893,0.01,5778019641.40625
14974,-4955333.25,4065,0.01,4232293351.0
14975,-9768202.35,5707,0.01,4938476223.6875
14976,-6534516.175,4668,0.01,4131037824.9375
14977,-9665065.975,5677,0.01,4851487091.40625
14978,-26499225.349999998,9399,0.01,10484108599.125
14979,-2156236.225,2682,0.01,5936028087.3125
14980,-8912940.725,5452,0.01,14489642672.625
14981,-5179107.375,4156,0.01,6397468867.59375
14982,-4984010.725,4077,0.01,3376251877.40625
14983,-4903563.35,4044,0.01,2905985153.0
14984,-8966109.549999999,5468,0.01,3440562048.015625
14985,-10055230.25,5790,0.01,4646598002.46875
14986,-6384499.975,4614,0.01,4589808914.90625
14987,-16198709.225,7349,0.01,6501270092.625
14988,-19031591.375,7966,0.01,9478744464.90625
14989,-3204605.975,3269,0.01,6390282902.875
14990,-5315491.125,4210,0.01,5999057675.8125
14991,-6678489.975,4719,0.01,3990575409.265625
14992,-6761367.225,4749,0.01,3335800305.5625
14993,-10771412.799999999,5993,0.01,4077053912.375
14994,-9333459.225,5579,0.01,4933368978.46875
14995,-7522556.925,5008,0.01,4901819730.1875
14996,-4272454.75,3775,0.01,3309577734.40625
14997,-9104002.0,5510,0.01,4594593302.140625
14998,-3531982.35,3432,0.01,2926982782.3125
14999,-6000516.675,4473,0.01,3467518764.421875
15000,-1985612.475,2574,0.01,2038217357.4375
15001,-1738992.85,2409,0.01,1203321417.625
15002,-4986206.8,4078,0.01,1990298963.546875
15003,-11722417.475,6252,0.01,3592074195.046875
15004,-31626025.924999997,10268,0.01,14056247823.6875
15005,-26060409.124999996,9321,0.01,22279958753.5625
15006,-4899490.1,4042,0.01,8677719370.25
15007,-8530606.049999999,5333,0.01,16991444914.6875
15008,-3678170.3000000003,3503,0.01,4564806033.53125
15009,-3002630.5,3165,0.01,3025583340.09375
15010,-2647241.225,2972,0.01,2726930701.6875
15011,-1132292.475,1944,0.01,919789294.4296875
15012,-4014419.225,3659,0.01,1715174544.40625
15013,-4567784.175,3903,0.01,1752615454.703125
15014,-2941183.975,3132,0.01,1502643626.265625
15015,-3823602.375,3571,0.01,1585802854.1875
15016,-7575683.5,5026,0.01,2366933542.828125
15017,-6370091.85,4609,0.01,3023555046.59375
15018,-1070124.625,1890,0.01,1418891516.625
15019,-5603015.05,4323,0.01,3251694987.125
15020,-2267944.25,2751,0.01,1828180580.9375
15021,-2453414.5,2861,0.01,1551201665.15625
15022,-15777059.299999999,7253,0.01,4386274138.296875
15023,-16064846.725,7319,0.01,8992319745.5625
15024,-4502842.125,3875,0.01,6157931422.125
15025,-9561845.5,5646,0.01,8494550548.59375
15026,-2560723.4250000003,2923,0.01,2866988336.96875
15027,-2167512.6,2689,0.01,2450452937.5
15028,-4376780.5,3821,0.01,3443348956.28125
15029,-7220858.35,4907,0.01,2348820283.078125
15030,-17032336.625,7536,0.01,5627308950.828125
15031,-2541473.225,2912,0.01,4337864723.25
15032,-5927093.625,4446,0.01,7545053512.5625
15033,-4856716.25,4025,0.01,5087234989.6875
15034,-13624620.0,6740,0.01,5007073276.46875
15035,-6309134.725,4587,0.01,4970382864.78125
15036,-7030731.225,4842,0.01,5589428461.90625
15037,-2062429.3,2623,0.01,2118524266.46875
15038,-6351691.1,4602,0.01,2946672771.34375
15039,-7816479.625,5105,0.01,3340880577.03125
15040,-45116825.725,12264,0.01,18385953525.3125
15041,-25203471.999999996,9166,0.01,27292563612.5625
15042,-28268713.675,9708,0.01,19721387798.21875
15043,-2741820.1,3024,0.01,7626199551.0625
15044,-10354699.25,5876,0.01,16999592773.0
15045,-5302663.875,4205,0.01,6015275190.8125
15046,-6517577.475,4662,0.01,4331694884.96875
15047,-11273413.75,6131,0.01,4258365164.90625
15048,-3903637.0500000003,3608,0.01,3606446840.71875
15049,-5264791.375,4190,0.01,4303889131.75
15050,-10583005.625,5940,0.01,4703453238.046875
15051,-4785543.5,3995,0.01,3615993408.28125
15052,-5148462.475,4144,0.01,3659792794.5625
15053,-1855599.675,2488,0.01,1891349053.109375
15054,-8010514.3,5168,0.01,2943412298.71875
15055,-33270814.85,10532,0.01,13525190691.1875
15056,-2606856.725,2949,0.01,6772784961.25
15057,-7034357.8,4843,0.01,17693998936.0
15058,-7557760.0,5020,0.01,8434947984.375
15059,-5916425.475,4442,0.01,3640524839.3125
15060,-6118706.35,4517,0.01,3379486122.421875
15061,-6434234.725,4632,0.01,2973703540.796875
15062,-7640295.1,5047,0.01,3604480780.265625
15063,-4673857.8,3948,0.01,3033603552.0
15064,-3320490.1750000003,3328,0.01,2455146116.828125
15065,-6704346.925,4728,0.01,3128117350.46875
15066,-9304883.625,5570,0.01,3725334994.34375
15067,-11311705.25,6141,0.01,5187136334.25
15068,-2965515.625,3145,0.01,3375338915.21875
15069,-21154317.549999997,8398,0.01,10387689577.15625
15070,-3905726.35,3609,0.01,6486946987.5625
15071,-2211597.375,2716,0.01,5627237629.125
15072,-4903014.475,4044,0.01,7687979100.515625
15073,-6221412.625,4555,0.01,2539360234.09375
15074,-5423342.8,4253,0.01,2556337933.84375
15075,-732671.35,1564,0.01,1163785096.625
15076,-9447592.424999999,5613,0.01,4051000888.03125
15077,-2472552.6,2872,0.01,2975348481.5625
15078,-2880687.125,3100,0.01,2617368049.21875
15079,-11039050.85,6067,0.01,4473169317.953125
15080,-836300.375,1671,0.01,1617127346.65625
15081,-3981083.1,3644,0.01,3064506073.59375
15082,-6516597.225,4662,0.01,2672898496.78125
15083,-1496778.75,2235,0.01,1232347363.59375
15084,-4368091.975,3817,0.01,1632461860.640625
15085,-4626249.05,3928,0.01,1585261119.75
15086,-11752373.5,6260,0.01,3447812771.453125
15087,-4046075.975,3674,0.01,3598464882.375
15088,-2460062.25,2865,0.01,2530930679.46875
15089,-2310080.625,2776,0.01,2348133530.6875
15090,-5584813.375,4315,0.01,1888028344.015625
15091,-6995663.375,4830,0.01,2512964389.09375
15092,-8832733.225,5427,0.01,3529566412.625
15093,-7759843.35,5087,0.01,4107456852.8125
15094,-5216665.75,4171,0.01,3758928121.75
15095,-2730955.1750000003,3018,0.01,2131772966.25
15096,-13253837.475,6647,0.01,5039933978.328125
15097,-9157401.75,5526,0.01,6120311971.15625
15098,-4767720.175,3988,0.01,4246369917.40625
15099,-6441893.625,4635,0.01,2961161165.765625
15100,-7568685.975,5024,0.01,2896786388.609375
15101,-8122622.1,5204,0.01,3453427956.359375
15102,-9290633.75,5566,0.01,3983779413.90625
15103,-21643116.375,8495,0.01,8383503940.0
15104,-12542827.475,6467,0.01,9251838044.46875
15105,-10068488.475,5794,0.01,6849911067.625
15106,-4824891.375,4011,0.01,4128343702.21875
15107,-7781948.85,5094,0.01,3511070513.03125
15108,-6284264.925,4578,0.01,3598902584.90625
15109,-6183316.25,4541,0.01,3310731006.921875
15110,-1864168.35,2494,0.01,1632455730.28125
15111,-16293961.875,7370,0.01,5723880540.125
15112,-4935413.6,4057,0.01,5583319271.9375
15113,-4645234.375,3936,0.01,5568726764.875
15114,-4711037.475,3964,0.01,3730100654.953125
15115,-3066601.8000000003,3198,0.01,2175401933.15625
15116,-10128662.5,5811,0.01,3597919840.0625
15117,-15471281.1,7182,0.01,6886623995.75
15118,-2557773.875,2921,0.01,4167982111.6875
15119,-15751715.475,7247,0.01,9708163260.25
15120,-2624792.6,2959,0.01,4657755001.25
15121,-5310762.925,4208,0.01,5005996837.9375
15122,-4881959.5,4035,0.01,3709128355.15625
15123,-4227309.5,3755,0.01,1973414469.265625
15124,-6255712.8,4568,0.01,2456002975.203125
15125,-14530418.75,6961,0.01,4912570135.359375
15126,-8487181.125,5320,0.01,5902527675.25
15127,-14398626.6,6929,0.01,7132446997.90625
15128,-5347403.925,4223,0.01,5325531468.875
15129,-3212686.35,3274,0.01,3899458450.0625
15130,-3537580.5,3435,0.01,3364044199.65625
15131,-15277084.725,7137,0.01,5179537057.953125
15132,-6857872.725,4782,0.01,5881467219.46875
15133,-6068544.6,4499,0.01,5987716437.6875
15134,-1826890.975,2469,0.01,2263013602.25
15135,-16181634.25,7345,0.01,7301904460.015625
15136,-7988147.0,5161,0.01,6694990933.25
15137,-16701147.6,7462,0.01,9353583951.5
15138,-8502953.25,5325,0.01,7097816742.03125
15139,-10705911.25,5975,0.01,8604970690.0625
15140,-9307260.25,5571,0.01,5946577529.5625
15141,-2665927.725,2982,0.01,3313201609.0
15142,-9815290.125,5721,0.01,5542010803.8125
15143,-8071732.925,5188,0.01,4851650652.6875
15144,-21692361.099999998,8504,0.01,8554044717.9375
15145,-2789915.125,3051,0.01,5532599340.3125
15146,-13725360.5,6765,0.01,13486556051.6875
15147,-18177560.25,7785,0.01,9828589153.25
15148,-8767586.6,5407,0.01,8016441770.1875
15149,-5377695.375,4235,0.01,5268424269.0625
15150,-14266445.725,6897,0.01,6242302133.59375
15151,-1626655.125,2330,0.01,2931304037.0625
15152,-30059915.375,10011,0.01,17576026374.78125
15153,-21426300.35,8452,0.01,16206112845.09375
15154,-31940554.849999998,10319,0.01,20935921721.15625
15155,-4513865.75,3880,0.01,7737436489.75
15156,-5013454.1,4089,0.01,9893071325.875
15157,-5642108.925,4338,0.01,6338709145.25
15158,-2098415.75,2646,0.01,1912288771.375
15159,-6145583.725,4527,0.01,2803046159.09375
15160,-2845649.375,3081,0.01,2057789513.453125
15161,-14283220.375,6901,0.01,4767907043.40625
15162,-5368844.5,4231,0.01,5056599686.5
15163,-4487162.55,3868,0.01,4487843107.125
15164,-8408248.625,5295,0.01,4329835243.515625
15165,-5758181.1,4382,0.01,3217692397.78125
15166,-12969794.625,6576,0.01,5775424397.5
15167,-1385514.375,2150,0.01,2324386140.625
15168,-10253280.85,5847,0.01,5025177494.25
15169,-11356440.674999999,6153,0.01,6517249284.84375
15170,-2159548.85,2684,0.01,2960076551.71875
15171,-38634591.849999994,11349,0.01,18063144864.203125
15172,-5567130.6,4309,0.01,10168467535.5625
15173,-983722.475,1812,0.01,8464258283.5
15174,-6097609.85,4509,0.01,15927577463.96875
15175,-16628291.75,7446,0.01,7461328754.5
15176,-4822411.5,4010,0.01,5551957291.6875
15177,-7729304.975,5077,0.01,7903713633.6875
15178,-3873763.85,3594,0.01,3278574689.21875
15179,-5708313.55,4363,0.01,3477429130.71875
15180,-5242214.875,4181,0.01,3271739801.78125
15181,-51661512.925,13123,0.01,21005140971.328125
15182,-19364986.124999996,8035,0.01,22647289521.5
15183,-4998875.425,4083,0.01,15287192971.0
15184,-5887297.375,4431,0.01,9261190915.59375
15185,-2776382.4250000003,3043,0.01,3680490713.546875
15186,-1190192.3,1993,0.01,1786303264.8125
15187,-7141411.5,4880,0.01,2608672815.53125
15188,-1221715.1,2019,0.01,1263752308.1875
15189,-14700738.5,7001,0.01,5453376140.40625
15190,-15913897.1,7284,0.01,8935141643.53125
15191,-24755402.25,9085,0.01,14839005958.1875
15192,-22581710.975,8677,0.01,14647763095.125
15193,-4917758.625,4050,0.01,9614067804.78125
15194,-5634983.5,4335,0.01,9159987879.6875
15195,-12305065.75,6405,0.01,6858174675.8515625
15196,-3460295.1,3397,0.01,3739116017.6875
15197,-22991600.874999996,8755,0.01,12082936181.96875
15198,-6672876.1,4717,0.01,7801595676.75
15199,-3419982.1,3377,0.01,7195053310.625
15200,-8392998.75,5290,0.01,6534613512.984375
15201,-11813220.375,6276,0.01,6012667765.46875
15202,-9474463.125,5621,0.01,5925249997.6875
15203,-6886779.1,4792,0.01,5624423927.65625
15204,-2669998.85,2984,0.01,3028156409.59375
15205,-2045669.35,2612,0.01,2385797394.59375
15206,-7648326.625,5050,0.01,3261210515.875
15207,-8491491.25,5321,0.01,3698146589.1875
15208,-8149329.05,5213,0.01,4087401082.15625
15209,-723736.0,1555,0.01,1241510727.90625
15210,-12099718.975,6352,0.01,5547192719.96875
15211,-6834302.725,4774,0.01,5321148013.28125
15212,-10309528.299999999,5863,0.01,4200103371.34375
15213,-4071583.875,3685,0.01,3442379746.625
15214,-35415187.0,10866,0.01,15362320638.03125
15215,-845377.625,1680,0.01,4629529949.75
15216,-4243431.6,3762,0.01,9420850830.4375
15217,-13330806.225,6667,0.01,11436400135.46875
15218,-4081136.35,3689,0.01,4235748088.65625
15219,-6895569.125,4795,0.01,4813213868.375
15220,-5313748.375,4210,0.01,3239858635.3125
15221,-20529126.924999997,8273,0.01,6694758649.171875
15222,-10516406.25,5921,0.01,9697697651.5625
15223,-7491333.3,4998,0.01,7723353986.9375
15224,-3110143.625,3221,0.01,2831992955.46875
15225,-14129986.85,6864,0.01,5228427975.25
15226,-7938955.0,5145,0.01,5346046187.46875
15227,-12158101.6,6367,0.01,5506398561.46875
15228,-3962035.625,3635,0.01,3888693775.53125
15229,-8262332.225,5249,0.01,4867684941.1875
15230,-2472841.975,2872,0.01,2386080927.375
15231,-6096414.975,4509,0.01,3188272242.140625
15232,-14973675.125,7066,0.01,5821061699.453125
15233,-11052639.25,6071,0.01,6547851095.875
15234,-5198946.6,4164,0.01,6185784442.9375
15235,-6020368.625,4481,0.01,4885623357.78125
15236,-10951869.549999999,6043,0.01,5316811261.765625
15237,-7389649.225,4964,0.01,4890218869.25
15238,-8158697.25,5216,0.01,5057444869.90625
15239,-8198154.1,5229,0.01,4192930444.6875
15240,-8861612.375,5436,0.01,4801223462.625
15241,-10806915.049999999,6003,0.01,5250902663.75
15242,-4182155.625,3735,0.01,3722256366.53125
15243,-7092221.8,4863,0.01,4675426243.78125
15244,-2258496.0,2745,0.01,2402641542.671875
15245,-2850797.6,3084,0.01,2066463182.390625
15246,-5099740.1,4124,0.01,2704322280.984375
15247,-4087187.85,3692,0.01,1911935070.796875
15248,-5041704.875,4100,0.01,2202495560.984375
15249,-11277324.225,6132,0.01,3879915870.578125
15250,-8923636.25,5455,0.01,4696917906.8125
15251,-2222957.6750000003,2723,0.01,2898237889.53125
15252,-14410627.125,6931,0.01,6459340308.0
15253,-10375790.725,5882,0.01,6989461389.03125
15254,-9527290.0,5636,0.01,6332487783.53125
15255,-7065209.475,4854,0.01,4976996501.03125
15256,-10258692.1,5849,0.01,5187866005.9375
15257,-9064065.299999999,5498,0.01,4881555569.78125
15258,-18728657.099999998,7902,0.01,7640397799.0
15259,-3132670.475,3232,0.01,5253607774.75
15260,-6691813.225,4724,0.01,8644965510.75
15261,-2502048.85,2889,0.01,4060843805.28125
15262,-13600343.6,6734,0.01,5660734417.53125
15263,-12354268.299999999,6418,0.01,7230974491.0625
15264,-12119328.475,6357,0.01,7957806979.125
15265,-10247165.875,5845,0.01,7326030846.1875
15266,-6795031.875,4760,0.01,5836057155.5625
15267,-8052447.475,5182,0.01,4832406051.5625
15268,-6540825.625,4670,0.01,3702093461.4375
15269,-5696000.675,4358,0.01,3203934065.6875
15270,-9995741.049999999,5773,0.01,4280499405.046875
15271,-21377025.224999998,8442,0.01,8731349023.375
15272,-25832782.999999996,9280,0.01,16243950050.1875
15273,-5593313.1,4319,0.01,8594518985.25
15274,-2330003.3000000003,2788,0.01,6328727158.75
15275,-20739989.249999996,8315,0.01,11951245759.703125
15276,-5209387.675,4168,0.01,6778983872.125
15277,-9320423.125,5575,0.01,7016147745.8125
15278,-12438255.375,6440,0.01,5892955749.46875
15279,-3578621.25,3455,0.01,4345899401.53125
15280,-2871795.125,3095,0.01,3456558606.46875
15281,-9400679.475,5599,0.01,4877582833.359375
15282,-11767156.299999999,6263,0.01,5630758138.1875
15283,-26587433.75,9415,0.01,12154022343.8125
15284,-4857596.75,4025,0.01,7833876155.75
15285,-15310573.75,7145,0.01,14706356167.75
15286,-4304361.225,3789,0.01,5308975267.375
15287,-4805152.175,4003,0.01,4816192318.375
15288,-9550157.299999999,5643,0.01,4092088393.390625
15289,-4344477.5,3806,0.01,3407554807.46875
15290,-2600986.0,2945,0.01,2393080054.125
15291,-10525747.1,5924,0.01,4653771552.0
15292,-10815854.625,6005,0.01,5671432117.3125
15293,-2144046.475,2674,0.01,2927669338.59375
15294,-9500407.924999999,5628,0.01,6557444914.34375
15295,-7405147.1,4969,0.01,5511287590.59375
15296,-12771830.0,6526,0.01,6241915936.84375
15297,-1848954.225,2484,0.01,2799373708.03125
15298,-5639643.475,4337,0.01,5385279803.21875
15299,-7577893.35,5027,0.01,4849737901.578125
15300,-8064762.875,5186,0.01,3421917488.78125
15301,-8976186.25,5471,0.01,4327247490.65625
15302,-13295842.799999999,6658,0.01,5796299913.84375
15303,-9115053.549999999,5513,0.01,6537701966.78125
15304,-5940947.25,4451,0.01,5391541908.625
15305,-14724281.225,7007,0.01,6219367632.6875
15306,-17244159.675,7583,0.01,8316849214.84375
15307,-25461142.174999997,9213,0.01,12812020431.34375
15308,-4683060.6,3952,0.01,7466475567.875
15309,-6413805.75,4625,0.01,5340133866.0
15310,-8067484.6,5187,0.01,4194929845.171875
15311,-12958846.049999999,6573,0.01,5640906005.40625
15312,-6511940.0,4660,0.01,5169065253.1875
15313,-11003431.975,6057,0.01,6624149413.09375
15314,-4618194.225,3924,0.01,4222657821.0
15315,-14154063.475,6869,0.01,7199967578.71875
15316,-7870583.925,5123,0.01,5769840108.21875
15317,-26997227.224999998,9487,0.01,12716279760.625
15318,-16769049.725,7477,0.01,15777858843.34375
15319,-8212521.05,5233,0.01,9786443121.4375
15320,-11736217.125,6256,0.01,8037371127.0625
15321,-7163300.725,4887,0.01,5315827271.65625
15322,-13243564.125,6645,0.01,7209575154.875
15323,-4530735.225,3887,0.01,4581746405.3125
15324,-3256753.5,3296,0.01,4027692845.0
15325,-2097001.25,2645,0.01,3567593400.25
15326,-4126590.625,3710,0.01,2042705260.359375
15327,-5493019.25,4280,0.01,2233341056.125
15328,-11567832.0,6210,0.01,3648149602.5625
15329,-11776193.875,6266,0.01,6060399638.875
15330,-11302800.725,6139,0.01,7155324174.25
15331,-12021572.75,6331,0.01,7738003559.6875
15332,-6249465.75,4565,0.01,6122721090.34375
15333,-10068294.975,5794,0.01,6915803573.03125
15334,-5652088.75,4341,0.01,4240930341.875
15335,-19518696.85,8067,0.01,8338539387.6875
15336,-4725202.625,3970,0.01,6554157294.0625
15337,-13562551.0,6725,0.01,9646546183.625
15338,-7380011.25,4961,0.01,5057274622.15625
15339,-3509778.35,3422,0.01,3052935421.375
15340,-3258388.225,3297,0.01,2584756832.328125
15341,-11347168.125,6151,0.01,4318655954.109375
15342,-13949281.75,6820,0.01,6608283779.90625
15343,-6966228.375,4820,0.01,5949768804.21875
15344,-13256819.674999999,6648,0.01,8026766556.15625
15345,-8297856.875,5260,0.01,5955049536.8125
15346,-11404616.625,6166,0.01,7231028330.65625
15347,-2813092.6750000003,3063,0.01,3179859486.625
15348,-10147068.225,5817,0.01,5867635576.25
15349,-7117562.6,4872,0.01,4388139361.03125
15350,-22070849.924999997,8578,0.01,8495174914.78125
15351,-1927528.0,2536,0.01,5223053250.0625
15352,-6606341.975,4694,0.01,9799598095.75
15353,-1955037.725,2554,0.01,4989238569.40625
15354,-5892939.3,4433,0.01,2715529883.9375
15355,-3234748.875,3285,0.01,2003272753.265625
15356,-1827072.6,2469,0.01,1333797590.09375
15357,-6048549.0,4491,0.01,2335373150.59375
15358,-1499729.6,2237,0.01,1340099637.75
15359,-5096148.55,4123,0.01,2373865552.921875
15360,-4405170.425,3833,0.01,2414565666.890625
15361,-5858462.75,4420,0.01,2236537099.765625
15362,-502900.25,1296,0.01,834191130.03125
15363,-1502694.35,2239,0.01,1352273503.65625
15364,-4410686.5,3835,0.01,2312811118.828125
15365,-4164882.975,3727,0.01,1975240142.015625
15366,-8839633.725,5429,0.01,2596976205.859375
15367,-2101654.6750000003,2648,0.01,1971427416.0
15368,-9213601.174999999,5543,0.01,4341716949.90625
15369,-6059181.5,4495,0.01,3703115778.125
15370,-4363603.875,3815,0.01,2406595594.953125
15371,-7003605.05,4833,0.01,2999738372.96875
15372,-5150412.6,4144,0.01,2622446790.40625
15373,-4986792.3,4078,0.01,2849558122.65625
15374,-9535082.975,5639,0.01,3434324349.171875
15375,-7227162.725,4909,0.01,3764316015.71875
15376,-4262839.0,3770,0.01,3262295962.78125
15377,-8219151.5,5235,0.01,3701649111.40625
15378,-8430322.85,5302,0.01,4002588427.75
15379,-7469204.25,4991,0.01,4150542178.03125
15380,-5759759.675,4383,0.01,3024101367.46875
15381,-14443203.35,6939,0.01,4789496995.734375
15382,-15819640.725,7262,0.01,7753106349.21875
15383,-7808581.725,5102,0.01,7390677462.625
15384,-1590719.1,2304,0.01,3535676130.625
15385,-5520531.25,4291,0.01,5765771592.875
15386,-5291908.875,4201,0.01,3193031458.3125
15387,-7193718.425,4898,0.01,3082973967.15625
15388,-2022872.925,2598,0.01,1788391793.875
15389,-13426682.625,6691,0.01,5208269676.0625
15390,-1477463.5,2220,0.01,2878434317.625
15391,-2390748.225,2824,0.01,3546762152.0
15392,-8739299.549999999,5398,0.01,5234500719.96875
15393,-24001351.499999996,8945,0.01,8743013320.21875
15394,-16817103.3,7488,0.01,13157199650.75
15395,-5622270.125,4330,0.01,7976175984.25
15396,-13403054.25,6685,0.01,5940854930.71875
15397,-19979766.975,8162,0.01,9785024932.09375
15398,-4231803.1,3757,0.01,7115334573.9375
15399,-801741.5,1636,0.01,3233559510.9375
15400,-19046412.975,7969,0.01,11633228470.375
15401,-17840141.849999998,7712,0.01,11093401903.75
15402,-5092444.5,4121,0.01,7283241701.8125
15403,-14543080.799999999,6963,0.01,9565404107.40625
15404,-2245842.225,2737,0.01,3861543461.6875
15405,-8294517.225,5259,0.01,7000791188.21875
15406,-3043211.375,3186,0.01,3584841359.96875
15407,-5101555.25,4125,0.01,2588911484.203125
15408,-7461854.3,4988,0.01,2384017703.78125
15409,-6846161.3,4778,0.01,3039418693.3125
15410,-10787682.049999999,5998,0.01,4452345323.3125
15411,-10231273.125,5841,0.01,5614633000.59375
15412,-5421682.225,4252,0.01,4172727877.125
15413,-8091027.6,5194,0.01,5018824891.90625
15414,-5057854.725,4107,0.01,3140697971.65625
15415,-13390173.975,6682,0.01,5718066621.4375
15416,-10078012.85,5797,0.01,6454675815.28125
15417,-10012768.549999999,5778,0.01,6468179638.34375
15418,-8750265.85,5402,0.01,5171076414.8125
15419,-1977510.725,2569,0.01,2356885765.71875
15420,-3232707.725,3284,0.01,2725083334.953125
15421,-1204843.75,2005,0.01,978930860.890625
15422,-6257299.175,4568,0.01,2106268924.9453125
15423,-5741597.5,4376,0.01,2420273995.90625
15424,-9114784.924999999,5513,0.01,3494271951.90625
15425,-4251985.25,3766,0.01,2876092044.375
15426,-4324459.3,3798,0.01,2683249053.875
15427,-7215214.375,4905,0.01,3061248903.921875
15428,-3330463.6750000003,3333,0.01,2078377959.5
15429,-19244453.874999996,8010,0.01,6609762204.546875
15430,-4228262.375,3755,0.01,5709769878.125
15431,-13357844.799999999,6673,0.01,6207150173.9375
15432,-13827085.0,6790,0.01,6698737069.375
15433,-9698555.6,5687,0.01,6459472166.375
15434,-8777623.25,5410,0.01,6499899515.5
15435,-8600259.625,5355,0.01,4601687652.40625
15436,-10878489.549999999,6023,0.01,5240602755.0625
15437,-3937746.975,3624,0.01,3695465099.46875
15438,-18913987.125,7941,0.01,8133870859.46875
15439,-7338889.975,4947,0.01,7010094861.75
15440,-8096319.75,5196,0.01,8496904471.0
15441,-6378739.975,4612,0.01,3878581297.09375
15442,-9477992.975,5622,0.01,3975703729.53125
15443,-2088709.125,2640,0.01,2146173387.875
15444,-2091974.725,2642,0.01,2197513289.5625
15445,-10077525.85,5797,0.01,3551187483.59375
15446,-7374625.35,4959,0.01,4111975806.46875
15447,-24264645.099999998,8994,0.01,9318354744.625
15448,-7862012.75,5120,0.01,8549277941.625
15449,-3755706.475,3539,0.01,9572647253.75
15450,-5672338.35,4349,0.01,5444485461.84375
15451,-12282161.6,6399,0.01,5354037648.453125
15452,-18715408.099999998,7899,0.01,9342302771.375
15453,-10698057.924999999,5973,0.01,9693165724.5
15454,-7311991.55,4938,0.01,7558081649.53125
15455,-9141433.375,5521,0.01,4438115041.8125
15456,-10386544.75,5885,0.01,4974749058.09375
15457,-13936640.1,6817,0.01,6460670440.6875
15458,-3268164.725,3302,0.01,4292399713.5
15459,-1127583.0,1940,0.01,1631661997.1875
15460,-10261384.975,5849,0.01,5073845891.5625
15461,-17878353.499999996,7720,0.01,7785814154.8125
15462,-2615746.725,2954,0.01,4680560531.9375
15463,-5330217.5,4216,0.01,7035745224.125
15464,-8924712.625,5455,0.01,5963171085.984375
15465,-37931941.99999999,11245,0.01,15684823273.125
15466,-3154608.35,3244,0.01,7202406901.3125
15467,-2496260.375,2886,0.01,11820670787.125
15468,-6436912.925,4633,0.01,13680206771.5625
15469,-4398459.125,3830,0.01,2885554600.203125
15470,-21789264.049999997,8523,0.01,7484473798.921875
15471,-10603275.25,5946,0.01,9765570987.25
15472,-2916668.725,3119,0.01,5806815047.9375
15473,-9802731.725,5717,0.01,6864183034.125
15474,-6324242.6,4592,0.01,5059787989.0625
15475,-9039404.875,5490,0.01,5245157034.53125
15476,-4492033.875,3871,0.01,3279597264.71875
15477,-2434858.75,2850,0.01,2390880562.0625
15478,-5523639.475,4292,0.01,3193678361.140625
15479,-3795467.8000000003,3558,0.01,2048688166.984375
15480,-5453899.25,4265,0.01,2105435849.15625
15481,-5978368.75,4465,0.01,2483891294.0
15482,-20223711.249999996,8211,0.01,6625950398.640625
15483,-4189335.6750000003,3738,0.01,6140584621.5625
15484,-10714967.975,5977,0.01,11548321839.625
15485,-2551317.225,2917,0.01,3438632732.53125
15486,-21727419.124999996,8511,0.01,10700680946.8125
15487,-22897150.224999998,8737,0.01,16369075573.75
15488,-3537552.0,3435,0.01,7070683014.1875
15489,-7280810.975,4927,0.01,10333857086.125
15490,-13367972.5,6676,0.01,6558856346.0625
15491,-14509816.375,6955,0.01,7478970701.125
15492,-8960540.875,5466,0.01,7316047328.6875
15493,-6549128.925,4673,0.01,6379296606.78125
15494,-2900222.125,3110,0.01,3127148999.625
15495,-8166173.425,5218,0.01,4471866265.78125
15496,-16276982.85,7367,0.01,6505193857.09375
15497,-19066232.925,7973,0.01,10769831963.625
15498,-3601032.0,3466,0.01,7057725182.8125
15499,-7688200.35,5064,0.01,8001508899.375
15500,-3780588.0,3551,0.01,3752861638.65625
15501,-7156315.5,4885,0.01,2922802199.421875
15502,-9177600.475,5532,0.01,3865678510.203125
15503,-4819882.975,4009,0.01,3241973923.625
15504,-2913191.975,3117,0.01,2527803108.46875
15505,-13761189.475,6774,0.01,4788200546.75
15506,-17289241.099999998,7592,0.01,8531431662.625
15507,-4102718.725,3699,0.01,5514039318.6875
15508,-13649013.25,6746,0.01,5257184373.65625
15509,-29742364.55,9958,0.01,14132720726.125
15510,-16008542.125,7306,0.01,12650389837.5625
15511,-18341463.375,7820,0.01,11064891410.875
15512,-8397409.975,5292,0.01,7792243776.53125
15513,-5121834.8,4133,0.01,5299242792.65625
15514,-13110888.475,6612,0.01,5419351254.71875
15515,-2892344.25,3106,0.01,3447696913.28125
15516,-4593417.35,3914,0.01,4843609336.625
15517,-7087554.75,4861,0.01,4491443711.375
15518,-9337673.75,5580,0.01,3729916055.46875
15519,-11063759.725,6074,0.01,5163219667.09375
15520,-9430308.674999999,5608,0.01,5584772520.625
15521,-2430809.9250000003,2848,0.01,3070329849.625
15522,-13370133.6,6677,0.01,6774659734.6875
15523,-2488637.75,2881,0.01,3429289898.625
15524,-4572971.125,3905,0.01,4075906367.875
15525,-2978359.85,3152,0.01,2868115830.828125
15526,-4340547.375,3805,0.01,1682879545.875
15527,-6938869.0,4810,0.01,2189111369.640625
15528,-3750840.35,3537,0.01,1979396447.96875
15529,-1595119.85,2307,0.01,1379046334.625
15530,-21875844.874999996,8540,0.01,7044334763.5625
15531,-14061281.725,6847,0.01,9770869331.875
15532,-4453124.6,3854,0.01,7766925875.375
15533,-4097838.225,3697,0.01,5221028253.1875
15534,-23559556.175,8863,0.01,9548024665.6875
15535,-11610721.85,6222,0.01,12821584535.875
15536,-11432214.975,6174,0.01,9574364814.3125
15537,-13991658.25,6830,0.01,6937116072.1875
15538,-6749561.6,4744,0.01,5980312878.5625
15539,-4840097.85,4017,0.01,5619793141.5
15540,-29466231.874999996,9911,0.01,12314219573.53125
15541,-28828410.6,9804,0.01,16749415535.75
15542,-8419244.725,5299,0.01,9591914597.1875
15543,-8545621.674999999,5338,0.01,5417600047.1875
15544,-2786345.6,3049,0.01,2768438513.0625
15545,-8930060.475,5457,0.01,3923463885.75
15546,-4016724.5,3660,0.01,2839875413.6875
15547,-9172649.75,5530,0.01,4486744609.25
15548,-2755522.225,3032,0.01,2450683092.6875
15549,-21803674.375,8526,0.01,8698736280.15625
15550,-17304890.75,7596,0.01,12895801112.84375
15551,-3566520.6,3449,0.01,7629455649.8125
15552,-3229624.1,3282,0.01,5674328213.0
15553,-5671901.1,4349,0.01,5370569183.765625
15554,-8604693.5,5356,0.01,3534095507.3125
15555,-4894888.0,4040,0.01,3146027467.1875
15556,-4578934.425,3908,0.01,3021897901.46875
15557,-4966632.625,4070,0.01,2560726154.375
15558,-3105394.8000000003,3218,0.01,1976737317.796875
15559,-14981070.475,7067,0.01,4749583264.3125
15560,-25024598.975,9134,0.01,12025141462.46875
15561,-32523445.8,10413,0.01,19759586772.65625
15562,-23730974.375,8895,0.01,18519574833.09375
15563,-5121892.675,4133,0.01,9428859101.375
15564,-6939899.625,4811,0.01,7373328098.75
15565,-6070095.85,4499,0.01,4293768809.765625
15566,-12761106.299999999,6523,0.01,4775643326.15625
15567,-3213103.35,3274,0.01,3240136314.125
15568,-9769849.299999999,5708,0.01,4710228409.03125
15569,-11367040.25,6156,0.01,5042987621.53125
15570,-9365241.174999999,5588,0.01,5498725330.65625
15571,-4587092.0,3911,0.01,3916747792.28125
15572,-11574909.6,6212,0.01,5633303406.90625
15573,-7931506.175,5143,0.01,5090999995.3125
15574,-8524506.35,5332,0.01,5585774261.3125
15575,-9248325.049999999,5553,0.01,5198839634.6875
15576,-9011234.375,5481,0.01,5006537144.75
15577,-3597774.475,3464,0.01,3161655705.65625
15578,-17933630.675,7733,0.01,7376604750.15625
15579,-16952415.424999997,7518,0.01,10848086183.5625
15580,-1794861.725,2447,0.01,4782415135.0
15581,-9530156.975,5637,0.01,9535027021.375
15582,-13475841.674999999,6703,0.01,7553795249.40625
15583,-2795751.725,3054,0.01,3701181782.65625
15584,-5303898.625,4206,0.01,4880965250.8125
15585,-3931295.625,3621,0.01,4016831798.140625
15586,-8020076.625,5171,0.01,2947930595.46875
15587,-4617128.85,3924,0.01,2956297128.21875
15588,-9576151.375,5651,0.01,4312835126.09375
15589,-3192009.5500000003,3263,0.01,2834079778.65625
15590,-7647725.375,5050,0.01,3855688370.21875
15591,-5389176.725,4239,0.01,2990244001.921875
15592,-16293750.625,7370,0.01,5081248778.359375
15593,-14594949.875,6976,0.01,7986952417.71875
15594,-11148861.85,6097,0.01,8378677751.6875
15595,-12941561.475,6569,0.01,6641265308.71875
15596,-4638879.175,3933,0.01,4316833583.9375
15597,-2297101.9250000003,2768,0.01,2269508620.796875
15598,-8596898.475,5354,0.01,3361460592.53125
15599,-5015789.25,4090,0.01,3304253719.15625
15600,-10280166.0,5855,0.01,4630251268.3125
15601,-8127590.25,5206,0.01,4460353366.3125
15602,-5100638.85,4124,0.01,3890636354.96875
15603,-14114526.375,6860,0.01,5759821332.53125
15604,-3032389.875,3180,0.01,4020310427.4375
15605,-22929523.674999997,8743,0.01,12845515428.8125
15606,-11340941.1,6149,0.01,13307441591.125
15607,-24445362.3,9028,0.01,13610541985.875
15608,-9343654.35,5582,0.01,9129168479.78125
15609,-1597490.975,2309,0.01,3689716795.875
15610,-8384028.925,5288,0.01,6638763382.71875
15611,-5629459.925,4333,0.01,4082277138.0625
15612,-4093421.5,3695,0.01,2643961848.875
15613,-2130227.5,2666,0.01,1809769994.078125
15614,-1782152.675,2438,0.01,1451297552.65625
15615,-3472444.5500000003,3403,0.01,1659800962.140625
15616,-5861138.5,4421,0.01,1918474518.1796875
15617,-20487965.125,8265,0.01,6429935086.8125
15618,-7338359.85,4947,0.01,7341135566.15625
15619,-6267130.225,4572,0.01,8151133932.0
15620,-2603515.85,2947,0.01,3010701990.3125
15621,-4051383.75,3676,0.01,2821821765.96875
15622,-3955593.1,3632,0.01,2540464585.96875
15623,-6773744.425,4753,0.01,2430202090.375
15624,-4516379.375,3881,0.01,2357883775.890625
15625,-16791985.849999998,7482,0.01,5745932414.625
15626,-9419734.475,5604,0.01,7739981072.6875
15627,-3055215.1,3192,0.01,5152365559.4375
15628,-2774784.35,3042,0.01,3279567971.40625
15629,-1908352.3,2523,0.01,2589408388.875
15630,-7919527.1,5139,0.01,2973884141.1015625
15631,-3998764.1,3652,0.01,2576880903.28125
15632,-9452383.475,5614,0.01,3920128337.53125
15633,-7413149.725,4972,0.01,3696293032.625
15634,-3244597.25,3290,0.01,2367230351.90625
15635,-4211091.425,3748,0.01,2719717264.1875
15636,-16220984.6,7354,0.01,5262861713.625
15637,-6419976.225,4627,0.01,5483198357.65625
15638,-21012725.75,8370,0.01,10661558115.21875
15639,-22952150.55,8748,0.01,16038544485.1875
15640,-2126784.85,2664,0.01,5773778002.3125
15641,-4173833.0,3731,0.01,5549473643.34375
15642,-3731949.9250000003,3528,0.01,3952579300.265625
15643,-5470287.625,4271,0.01,2272776606.28125
15644,-5141879.875,4141,0.01,2610428132.21875
15645,-9854769.475,5732,0.01,3803615307.53125
15646,-16641086.725,7449,0.01,6727476915.375
15647,-4652618.85,3939,0.01,5729315263.375
15648,-7204904.125,4901,0.01,5152762839.625
15649,-6132643.35,4522,0.01,3641431437.03125
15650,-4804754.3,4003,0.01,2821129406.828125
15651,-3171083.1,3252,0.01,2210432008.671875
15652,-8218740.0,5235,0.01,3081187384.96875
15653,-22793299.599999998,8717,0.01,8348649922.78125
15654,-9788807.924999999,5713,0.01,10768959364.5
15655,-13629467.5,6741,0.01,12027869892.03125
15656,-18804429.8,7918,0.01,10266037844.375
15657,-3295491.0,3315,0.01,6646868986.5
15658,-16302703.975,7372,0.01,12275389050.4375
15659,-17043105.299999997,7538,0.01,11263062660.125
15660,-8930855.225,5457,0.01,8345500749.90625
15661,-15191168.225,7117,0.01,8546641675.21875
15662,-2756057.725,3032,0.01,4608974367.875
15663,-4122268.4250000003,3708,0.01,5764305718.625
15664,-4075854.35,3687,0.01,5360375865.46875
15665,-14032477.0,6840,0.01,4734499652.703125
15666,-14472018.25,6946,0.01,7816061992.1875
15667,-7476751.425,4993,0.01,6889583112.125
15668,-12123909.049999999,6358,0.01,8185234096.84375
15669,-14948621.875,7060,0.01,7595811221.125
15670,-2966787.0,3146,0.01,4739818248.5625
15671,-18152650.25,7780,0.01,8752198793.6875
15672,-7042089.625,4846,0.01,6859203949.96875
15673,-4348372.175,3808,0.01,5231505013.125
15674,-42096175.87499999,11846,0.01,17711758610.734375
15675,-6944101.725,4812,0.01,10256138045.0625
15676,-2550328.6,2917,0.01,16592671502.25
15677,-6568492.75,4680,0.01,11793020622.890625
15678,-4243460.85,3762,0.01,4204166468.734375
15679,-2231239.4250000003,2728,0.01,2174856488.28125
15680,-6077806.1,4502,0.01,2909818740.625
15681,-6439949.1,4634,0.01,2905988736.53125
15682,-9348552.299999999,5583,0.01,4065237305.046875
15683,-4602566.675,3918,0.01,3357927777.71875
15684,-5844592.625,4415,0.01,3957141041.71875
15685,-17992640.999999996,7745,0.01,6460980101.171875
15686,-6037796.225,4487,0.01,6418778107.6875
15687,-4325344.675,3798,0.01,5309328811.5625
15688,-5423914.425,4253,0.01,3802426857.171875
15689,-6227294.85,4557,0.01,2961559877.59375
15690,-12881765.725,6554,0.01,4590116498.40625
15691,-11709235.674999999,6248,0.01,6206807835.5625
15692,-13649872.875,6746,0.01,7560345975.0625
15693,-8056694.55,5183,0.01,6313796166.9375
15694,-7581696.55,5028,0.01,5931580455.96875
15695,-18219478.725,7794,0.01,7081807087.125
15696,-10557453.674999999,5933,0.01,8027438263.53125
15697,-10467856.049999999,5908,0.01,7326220424.78125
15698,-7085516.75,4861,0.01,5390850355.9375
15699,-1297884.25,2081,0.01,1693190916.0
15700,-5411432.675,4248,0.01,4049403206.28125
15701,-4064659.225,3682,0.01,2566582043.34375
15702,-2308120.125,2775,0.01,1510168005.828125
15703,-14291462.424999999,6903,0.01,4182493482.59375
15704,-13621181.725,6739,0.01,7908140142.625
15705,-2835788.875,3076,0.01,4477542456.3125
15706,-4174482.875,3731,0.01,2900594340.578125
15707,-4402649.35,3832,0.01,1972250299.75
15708,-9421718.625,5605,0.01,2906214377.71875
15709,-13099478.35,6609,0.01,5466075807.40625
15710,-3177609.625,3256,0.01,3982592458.25
15711,-1213996.175,2013,0.01,1832756356.3125
15712,-6643513.725,4707,0.01,2515385495.9375
15713,-6374782.5,4611,0.01,2638916530.375
15714,-5258677.55,4188,0.01,2400838213.59375
15715,-3114167.0500000003,3223,0.01,1790453887.140625
15716,-3274524.0,3305,0.01,2032916531.0
15717,-7268119.55,4923,0.01,2593946580.1875
15718,-20505649.674999997,8268,0.01,7275309860.34375
15719,-4160858.625,3725,0.01,6489002439.1875
15720,-15963324.75,7296,0.01,12387472101.75
15721,-7510652.0,5005,0.01,6053697603.0625
15722,-9685376.049999999,5683,0.01,5762906436.0625
15723,-5570029.25,4310,0.01,3896523474.78125
15724,-11705242.1,6247,0.01,5666501116.96875
15725,-21275391.224999998,8422,0.01,10204039691.40625
15726,-12181082.674999999,6373,0.01,10454558525.0625
15727,-1835762.375,2475,0.01,5031544246.5
15728,-9956755.975,5762,0.01,7212848698.78125
15729,-4318745.375,3795,0.01,4086709531.25
15730,-449102.875,1225,0.01,982795147.0625
15731,-4591322.3,3913,0.01,3206328334.9375
15732,-14537339.85,6962,0.01,4582080314.578125
15733,-26840067.849999998,9459,0.01,12330606855.25
15734,-4448545.1,3852,0.01,7984141099.125
15735,-11819559.799999999,6278,0.01,15837754366.09375
15736,-9457829.0,5616,0.01,5555378773.09375
15737,-20613806.249999996,8290,0.01,8445024932.25
15738,-6255006.225,4567,0.01,8159088576.0
15739,-11370423.85,6157,0.01,11294987712.53125
15740,-13814164.725,6787,0.01,7052154216.0
15741,-4508046.85,3877,0.01,5094659284.875
15742,-8732815.25,5396,0.01,5839141866.03125
15743,-14219022.5,6885,0.01,6361045006.296875
15744,-8391648.25,5290,0.01,6639689357.875
15745,-18447611.175,7843,0.01,8548631133.25
15746,-16590298.6,7437,0.01,10528110149.6875
15747,-5087921.725,4119,0.01,6619848386.0
15748,-7800977.75,5100,0.01,3956653837.09375
15749,-6356080.225,4604,0.01,3785009072.28125
15750,-8721879.549999999,5393,0.01,4501366649.71875
15751,-12847460.375,6545,0.01,5533814109.9375
15752,-6875319.425,4788,0.01,5314683159.125
15753,-13732539.475,6767,0.01,7680083803.6875
15754,-7702321.925,5068,0.01,5840306732.1875
15755,-9667061.799999999,5678,0.01,6539908823.15625
15756,-4685023.55,3953,0.01,3458074667.4375
15757,-4329410.0,3800,0.01,3129665364.8125
15758,-6679678.0,4720,0.01,3089508274.703125
15759,-20029798.225,8172,0.01,6768988360.109375
15760,-3024932.875,3176,0.01,5367071829.3125
15761,-1279257.875,2066,0.01,3708086313.0625
15762,-4863248.475,4027,0.01,7168431023.9375
15763,-7274732.75,4925,0.01,3251553980.40625
15764,-10714251.35,5977,0.01,3962151720.015625
15765,-14319389.0,6910,0.01,6507439204.625
15766,-3725911.5,3525,0.01,4908820532.375
15767,-12514370.6,6459,0.01,5698410965.40625
15768,-1707797.35,2387,0.01,2671078592.8125
15769,-3587242.225,3459,0.01,3934944720.375
15770,-793920.7999999999,1628,0.01,1987977140.65625
15771,-8316703.75,5266,0.01,3870809896.125
15772,-5744812.475,4377,0.01,3512380009.75
15773,-6540301.5,4670,0.01,3668587001.3125
15774,-3736320.75,3530,0.01,2475526492.25
15775,-4020386.475,3662,0.01,2342045881.234375
15776,-11834241.725,6282,0.01,3743101981.484375
15777,-11926472.375,6306,0.01,5457488532.53125
15778,-2525310.85,2902,0.01,2866893894.0625
15779,-21605843.349999998,8487,0.01,8342212519.1875
15780,-2388796.1750000003,2823,0.01,5128949683.375
15781,-5726170.625,4370,0.01,8916877798.5
15782,-16379276.875,7390,0.01,8553006568.0625
15783,-6319816.125,4591,0.01,5747529315.75
15784,-10727136.625,5981,0.01,5202180726.96875
15785,-14981355.174999999,7068,0.01,6563035019.15625
15786,-14447767.5,6941,0.01,7832698390.78125
15787,-4917579.5,4050,0.01,5958792321.4375
15788,-7430604.425,4978,0.01,5006722380.71875
15789,-3918117.875,3615,0.01,2661762578.515625
15790,-5674000.375,4350,0.01,3210423367.15625
15791,-8490643.25,5321,0.01,3422406941.296875
15792,-20544090.499999996,8276,0.01,7915206553.71875
15793,-5312157.1,4209,0.01,7355531070.125
15794,-11648478.475,6232,0.01,10046806031.9375
15795,-7744796.725,5082,0.01,5428102935.4375
15796,-20877503.049999997,8343,0.01,9340036463.53125
15797,-7395375.625,4966,0.01,8455323805.0625
15798,-10749479.85,5987,0.01,11309991022.0625
15799,-9082505.674999999,5503,0.01,5892413407.90625
15800,-12143198.799999999,6363,0.01,6600493441.0625
15801,-10239156.424999999,5843,0.01,7070736397.6875
15802,-6086571.25,4505,0.01,5589664318.90625
15803,-4225741.6,3754,0.01,3677035563.75
15804,-7453872.625,4985,0.01,3884883428.578125
15805,-40831796.099999994,11667,0.01,16794924021.859375
15806,-6717283.675,4733,0.01,11590063909.6875
15807,-1639169.35,2339,0.01,5917010601.5
15808,-6561715.3,4678,0.01,8460905756.375
15809,-14484564.875,6950,0.01,5433936609.0
15810,-4628664.6,3929,0.01,4424961888.9375
15811,-2566102.0,2925,0.01,3550753048.875
15812,-9151366.85,5524,0.01,5243213097.03125
15813,-1592044.75,2305,0.01,2184090547.4375
15814,-7155872.0,4885,0.01,4502685945.9375
15815,-6224689.75,4556,0.01,3979565413.125
15816,-1472690.725,2217,0.01,1511383374.84375
15817,-3944248.225,3627,0.01,2663759278.59375
15818,-3257340.875,3296,0.01,1934930358.234375
15819,-12613504.25,6485,0.01,3783495094.875
15820,-9198074.174999999,5538,0.01,5933460424.6875
15821,-916167.475,1749,0.01,2048358369.75
15822,-21223295.725,8412,0.01,11176018932.09375
15823,-5903854.225,4437,0.01,6193754807.78125
15824,-13546050.25,6720,0.01,5681302110.59375
15825,-701974.875,1531,0.01,2018819288.59375
15826,-13892675.75,6806,0.01,7249944429.3125
15827,-5295075.85,4202,0.01,5844223711.875
15828,-6917647.3,4803,0.01,4491592805.96875
15829,-4354266.0,3811,0.01,2713221876.1875
15830,-2485953.25,2880,0.01,1707196859.203125
15831,-8532085.35,5334,0.01,3074522424.390625
15832,-2074264.0,2631,0.01,1942751099.59375
15833,-6570266.75,4681,0.01,2962713244.78125
15834,-6145513.475,4527,0.01,2816837476.34375
15835,-5890395.725,4432,0.01,2571924948.609375
15836,-1871771.1,2499,0.01,1646420165.875
15837,-14162773.225,6872,0.01,4862100806.96875
15838,-5299509.475,4204,0.01,4837783205.65625
15839,-2968876.85,3147,0.01,2676807252.125
15840,-31237692.875,10205,0.01,12982614229.5
15841,-3078182.35,3204,0.01,6572162552.4375
15842,-5198335.35,4164,0.01,14193606151.625
15843,-7238573.925,4913,0.01,8699293686.125
15844,-4453208.6,3854,0.01,2858911153.5625
15845,-6278503.5,4576,0.01,2570007022.46875
15846,-6031540.875,4485,0.01,2791345324.421875
15847,-8610716.299999999,5358,0.01,3585298616.578125
15848,-8175081.125,5221,0.01,4115368197.875
15849,-3506621.625,3420,0.01,2969360065.6875
15850,-4352490.125,3810,0.01,3145805044.75
15851,-9137049.75,5520,0.01,4204396436.375
15852,-5025836.225,4094,0.01,3189641269.78125
15853,-15852366.125,7270,0.01,6387079556.375
15854,-3857042.225,3587,0.01,4745732655.0625
15855,-3591245.5,3461,0.01,4338633196.625
15856,-10467871.299999999,5908,0.01,5754220101.71875
15857,-15341838.475,7152,0.01,6711195406.21875
15858,-3917014.625,3615,0.01,5056839077.0625
15859,-7448418.975,4984,0.01,6740754763.46875
15860,-9253879.875,5555,0.01,4841895028.25
15861,-9301650.85,5569,0.01,4637094970.71875
15862,-10414494.924999999,5893,0.01,5527703866.96875
15863,-2935677.6,3129,0.01,3384892289.875
15864,-8635864.125,5366,0.01,4602106361.84375
15865,-3639517.35,3484,0.01,2891800760.765625
15866,-983188.6,1812,0.01,1232928071.875
15867,-7582732.975,5029,0.01,2824624701.484375
15868,-9368422.225,5589,0.01,3968909597.90625
15869,-2638051.0,2966,0.01,2533540960.9375
15870,-24580769.099999998,9052,0.01,10866749879.46875
15871,-5259691.55,4188,0.01,9192412939.1875
15872,-11947992.35,6312,0.01,12565148609.75
15873,-11484551.799999999,6188,0.01,6258824709.375
15874,-7787695.25,5096,0.01,5782594473.71875
15875,-7463334.35,4989,0.01,5293219463.84375
15876,-3302023.225,3319,0.01,2655515596.921875
15877,-1306319.05,2088,0.01,1701911947.0
15878,-13383582.75,6680,0.01,4499432475.890625
15879,-13842848.475,6794,0.01,7396367350.03125
15880,-4140689.625,3716,0.01,5203858432.125
15881,-10033629.475,5784,0.01,5332312308.796875
15882,-8028869.35,5174,0.01,4630363517.53125
15883,-9626775.625,5666,0.01,4348531260.734375
15884,-12155426.875,6366,0.01,5861070420.625
15885,-7386229.425,4963,0.01,5661384651.34375
15886,-3874988.0,3595,0.01,4385260500.625
15887,-6540462.625,4670,0.01,4257279200.421875
15888,-7619187.25,5040,0.01,3573948749.40625
15889,-14133954.0,6865,0.01,5254547488.25
15890,-5057134.6,4107,0.01,4866178464.625
15891,-10231119.25,5841,0.01,5428624577.3125
15892,-14069590.975,6849,0.01,6306590801.53125
15893,-6926660.0,4806,0.01,6090565133.1875
15894,-12089721.725,6349,0.01,6743599456.71875
15895,-6843617.725,4777,0.01,5778237448.5625
15896,-1369721.3,2138,0.01,2338516496.875
15897,-6210131.375,4551,0.01,4025047022.4375
15898,-9909571.924999999,5748,0.01,4171480248.34375
15899,-16017986.799999999,7308,0.01,6569718501.65625
15900,-5821346.875,4406,0.01,6337077586.8125
15901,-1169816.375,1976,0.01,3115935685.8125
15902,-1719134.125,2395,0.01,4340628638.03125
15903,-10132217.475,5812,0.01,4762539620.984375
15904,-7802836.625,5101,0.01,4756146777.0625
15905,-1327893.625,2105,0.01,1697904114.25
15906,-3019972.475,3174,0.01,3487282841.09375
15907,-6964742.85,4819,0.01,3955999001.625
15908,-8635790.25,5366,0.01,3700903696.515625
15909,-7232267.375,4911,0.01,3846001036.15625
15910,-4773098.375,3990,0.01,3139986041.90625
15911,-10472152.6,5909,0.01,4237454218.328125
15912,-24756141.0,9085,0.01,10094143548.5625
15913,-5410737.675,4248,0.01,9369442362.4375
15914,-3304593.5,3320,0.01,8193743386.25
15915,-4530487.1,3887,0.01,6106377379.59375
15916,-11248656.35,6124,0.01,4019870398.96875
15917,-14332939.299999999,6913,0.01,6492067957.625
15918,-4286002.125,3781,0.01,4875478945.3125
15919,-4879038.725,4034,0.01,3575012968.0625
15920,-5497469.6,4282,0.01,3031851423.796875
15921,-11344942.25,6151,0.01,4434514821.84375
15922,-1420164.725,2177,0.01,2045134853.21875
15923,-695555.475,1524,0.01,2056725442.25
15924,-10263766.875,5850,0.01,6658459497.34375
15925,-5523973.725,4292,0.01,4493205249.875
15926,-5013073.6,4089,0.01,3317965750.40625
15927,-13567841.0,6726,0.01,4755146746.21875
15928,-5659957.0,4345,0.01,4990188116.8125
15929,-8242686.8,5243,0.01,6120767809.6875
15930,-10691266.75,5971,0.01,5044539957.0625
15931,-1029693.6,1854,0.01,1729418864.21875
15932,-10947111.35,6042,0.01,4410922904.5625
15933,-2689578.75,2995,0.01,3118636722.46875
15934,-13750244.875,6771,0.01,4715438565.984375
15935,-19265225.974999998,8014,0.01,9000878487.84375
15936,-6159850.35,4532,0.01,7328961731.71875
15937,-7929357.6,5142,0.01,8811539809.1875
15938,-20378912.425,8243,0.01,7968129767.03125
15939,-17744771.725,7692,0.01,10593128213.84375
15940,-3611657.25,3471,0.01,7732450548.9375
15941,-8968796.975,5469,0.01,8775914888.03125
15942,-1283650.625,2070,0.01,2513138971.3125
15943,-7300474.1,4934,0.01,4402897284.15625
15944,-2303103.85,2772,0.01,2624666087.9375
15945,-17477143.174999997,7633,0.01,7012897320.546875
15946,-21362559.599999998,8439,0.01,13090986014.15625
15947,-4838866.225,4017,0.01,8350116387.125
15948,-7234493.475,4912,0.01,10188226569.625
15949,-10243105.6,5844,0.01,5468881703.828125
15950,-21582620.8,8483,0.01,8787711297.65625
15951,-2141390.3000000003,2673,0.01,5182366453.5625
15952,-9814539.375,5721,0.01,10163666372.125
15953,-13376627.799999999,6678,0.01,6781002349.125
15954,-3188279.625,3261,0.01,3673456317.03125
15955,-2726392.125,3016,0.01,3475959678.875
15956,-2498806.725,2887,0.01,3678384955.65625
15957,-8130715.475,5207,0.01,2869677948.96875
15958,-10464955.1,5907,0.01,4327686372.0
15959,-12756771.975,6522,0.01,5962669081.0625
15960,-14878750.174999999,7043,0.01,8144467065.9375
15961,-7972259.75,5156,0.01,6738536850.21875
15962,-13384300.75,6680,0.01,6478581820.5625
15963,-6752459.0,4745,0.01,5427895244.34375
15964,-5816465.35,4404,0.01,4664921882.46875
15965,-3320251.4250000003,3328,0.01,2771884701.328125
15966,-7167941.6,4889,0.01,2940976082.546875
15967,-7585729.225,5029,0.01,3336320784.296875
15968,-14762746.0,7016,0.01,5531997108.78125
15969,-8993482.125,5476,0.01,6890206721.125
15970,-4669237.5,3946,0.01,5914741107.9375
15971,-1408166.05,2168,0.01,1978271682.09375
15972,-8978848.475,5472,0.01,4418834301.75
15973,-9488593.375,5625,0.01,4693115085.0625
15974,-2389884.3000000003,2823,0.01,2289736393.28125
15975,-13666269.0,6750,0.01,6175604370.90625
15976,-31518907.375,10251,0.01,15379464129.34375
15977,-1274433.1,2062,0.01,4901237269.1875
15978,-3475569.0,3405,0.01,9234424736.375
15979,-9067086.1,5499,0.01,10466446884.375
15980,-13478603.975,6704,0.01,5069646566.671875
15981,-9214387.424999999,5543,0.01,5693937892.5625
15982,-7530939.375,5011,0.01,4553588469.875
15983,-18279660.85,7807,0.01,7728126728.4375
15984,-4090422.6,3694,0.01,5816535908.6875
15985,-13714798.725,6762,0.01,10761233681.75
15986,-16726136.924999999,7468,0.01,7471617375.875
15987,-4915218.1,4049,0.01,6327847243.625
15988,-6701036.85,4727,0.01,5532724230.0
15989,-3755163.975,3539,0.01,2987975606.4375
15990,-1894100.975,2514,0.01,1855807279.34375
15991,-11365127.0,6156,0.01,3881026054.390625
15992,-7702004.8,5068,0.01,4781871977.90625
15993,-4117117.625,3705,0.01,3075698980.53125
15994,-15510271.75,7191,0.01,6397738921.53125
15995,-3196275.75,3265,0.01,3995584956.5625
15996,-13600170.975,6734,0.01,5444925030.4375
15997,-7377109.125,4960,0.01,5231104968.09375
15998,-11708764.799999999,6248,0.01,5184285530.875
15999,-10914939.424999999,6033,0.01,5345791021.71875
16000,-4306590.25,3790,0.01,3806560945.5
16001,-5085416.8,4118,0.01,3785210309.46875
16002,-6276153.625,4575,0.01,3176140214.34375
16003,-8932890.049999999,5458,0.01,3557063359.609375
16004,-1873219.0,2500,0.01,2068630241.5
16005,-4903709.475,4044,0.01,3346408713.53125
16006,-4965135.475,4069,0.01,3063798124.234375
16007,-17740370.75,7691,0.01,5777598482.34375
16008,-13018443.674999999,6588,0.01,7890336543.3125
16009,-8520313.125,5330,0.01,7377455278.71875
16010,-6121697.425,4518,0.01,5636426487.9375
16011,-26904966.75,9471,0.01,11292512998.03125
16012,-41254068.724999994,11727,0.01,26308725846.59375
16013,-4247227.05,3763,0.01,11195323128.5
16014,-25346351.349999998,9192,0.01,32734483721.625
16015,-11649514.725,6232,0.01,12973358941.75
16016,-4211753.3,3748,0.01,7966997977.3125
16017,-2833268.975,3074,0.01,4166835843.375
16018,-11564402.375,6210,0.01,5431608121.140625
16019,-1147680.35,1957,0.01,2175685685.75
16020,-4774410.375,3990,0.01,4042276612.40625
16021,-6332718.625,4595,0.01,3818302792.375
16022,-5695365.05,4358,0.01,2749525683.46875
16023,-2963931.1,3144,0.01,2005536161.40625
16024,-1918396.125,2530,0.01,1671096038.515625
16025,-9057360.125,5496,0.01,3153791068.796875
16026,-3007242.1,3167,0.01,2616231351.25
16027,-16001695.35,7304,0.01,6388859890.03125
16028,-4317506.5,3795,0.01,5050613376.4375
16029,-10624178.35,5952,0.01,7872520915.0625
16030,-6553672.0,4675,0.01,4274555965.65625
16031,-849196.475,1684,0.01,1346042143.625
16032,-30992533.25,10165,0.01,12113366691.53125
16033,-24128055.1,8969,0.01,15863776160.75
16034,-2028237.625,2601,0.01,5413642927.875
16035,-7197640.6,4899,0.01,5356998106.0
16036,-4269349.35,3774,0.01,3831124924.6875
16037,-9244901.6,5552,0.01,3501741048.671875
16038,-2752241.25,3030,0.01,2355304900.90625
16039,-14418092.049999999,6933,0.01,5753573473.46875
16040,-7594085.6,5032,0.01,6183341174.4375
16041,-10580407.375,5940,0.01,6642244480.09375
16042,-4451273.925,3853,0.01,3505863931.5
16043,-1644984.05,2343,0.01,1819349978.671875
16044,-16669888.375,7455,0.01,6105999578.03125
16045,-14365896.25,6921,0.01,8876356322.09375
16046,-6857258.725,4782,0.01,7342997263.28125
16047,-14496823.725,6952,0.01,7323485155.5
16048,-13621479.1,6739,0.01,8889033284.5625
16049,-10213908.875,5836,0.01,8476913163.125
16050,-6849617.85,4779,0.01,6779066169.9375
16051,-15278385.225,7137,0.01,7725491642.03125
16052,-11112946.35,6087,0.01,7942624951.46875
16053,-9794669.0,5715,0.01,7505603768.53125
16054,-6290080.125,4580,0.01,5055006933.5625
16055,-11104271.375,6085,0.01,5406557513.59375
16056,-3319884.8000000003,3328,0.01,3474865799.25
16057,-8350818.475,5277,0.01,5246561731.15625
16058,-7365615.5,4956,0.01,4131239543.125
16059,-1297039.375,2080,0.01,1524638719.65625
16060,-18362641.974999998,7824,0.01,7713463728.9375
16061,-11236696.125,6121,0.01,8970711839.6875
16062,-9187890.875,5535,0.01,7576123638.4375
16063,-8378471.5,5286,0.01,4918054395.4375
16064,-8108500.375,5200,0.01,4339766218.71875
16065,-16476987.225,7412,0.01,6366935569.75
16066,-4106811.375,3701,0.01,5208663132.1875
16067,-1603749.175,2313,0.01,3641722569.8125
16068,-5163407.375,4150,0.01,6386009447.90625
16069,-3800012.625,3560,0.01,2197714396.15625
16070,-18276717.499999996,7806,0.01,5603190654.390625
16071,-13483577.125,6705,0.01,8369513048.21875
16072,-7301781.1,4934,0.01,7124789188.8125
16073,-29609577.249999996,9935,0.01,13290784170.90625
16074,-1043076.125,1866,0.01,4591264247.75
16075,-21416995.624999996,8450,0.01,18303827907.6875
16076,-33792323.1,10614,0.01,20775789967.21875
16077,-9142471.0,5521,0.01,12777447833.0625
16078,-8304489.725,5262,0.01,10436306729.1875
16079,-6505036.975,4657,0.01,5218262974.59375
16080,-3958903.225,3634,0.01,3196825385.125
16081,-11980026.375,6320,0.01,4642278933.984375
16082,-15145572.75,7106,0.01,7000643250.59375
16083,-3490238.1,3412,0.01,4940293551.75
16084,-16722031.35,7467,0.01,6832969802.703125
16085,-3280205.0500000003,3308,0.01,4775363192.5
16086,-11100348.35,6084,0.01,9975558428.25
16087,-5100732.85,4124,0.01,4326721202.96875
16088,-10644164.475,5957,0.01,5318546986.40625
16089,-6331452.125,4595,0.01,4218298561.125
16090,-21447131.125,8456,0.01,8775169950.40625
16091,-9844860.375,5730,0.01,7961114476.03125
16092,-9394500.1,5597,0.01,7041584832.34375
16093,-3347136.125,3341,0.01,3473768831.34375
16094,-5209244.925,4168,0.01,3483586542.390625
16095,-11854642.475,6287,0.01,4299723992.828125
16096,-6735615.35,4739,0.01,4653445704.90625
16097,-3526352.75,3430,0.01,3186434620.84375
16098,-3053838.85,3192,0.01,2758341309.90625
16099,-4198661.975,3742,0.01,2019375879.921875
16100,-11123993.625,6090,0.01,3077416012.453125
16101,-4926005.675,4053,0.01,3771292089.0
16102,-5383707.975,4237,0.01,3980555534.53125
16103,-7145602.625,4881,0.01,3513914198.578125
16104,-20712829.75,8310,0.01,7621982203.4375
16105,-10385490.75,5885,0.01,8241469086.375
16106,-24964024.3,9123,0.01,14957782611.53125
16107,-4293436.975,3784,0.01,7424685868.1875
16108,-12395751.6,6429,0.01,12763771729.875
16109,-1903260.875,2520,0.01,3135696957.65625
16110,-2025719.625,2600,0.01,2907797445.25
16111,-10043103.6,5787,0.01,4935599862.703125
16112,-1826217.425,2468,0.01,2277714537.25
16113,-18219446.725,7794,0.01,7787848199.625
16114,-5913117.875,4441,0.01,6161686304.28125
16115,-1721989.225,2397,0.01,1612777948.28125
16116,-5281555.225,4197,0.01,2901223904.546875
16117,-4566947.55,3903,0.01,2378984883.71875
16118,-6617230.425,4698,0.01,2313477916.546875
16119,-2651602.6,2974,0.01,1795388902.53125
16120,-2948946.125,3136,0.01,1747489629.359375
16121,-12070787.35,6344,0.01,3791120780.828125
16122,-4628695.85,3929,0.01,3985967867.15625
16123,-4220176.725,3752,0.01,2992602807.15625
16124,-3255864.875,3296,0.01,2597231037.203125
16125,-12443520.0,6441,0.01,3194021590.1875
16126,-14674444.75,6995,0.01,6468046766.15625
16127,-9464278.549999999,5618,0.01,6322757542.625
16128,-21139801.374999996,8395,0.01,10104077200.40625
16129,-7503483.6,5002,0.01,8836180134.4375
16130,-2411494.5,2836,0.01,6284753721.3125
16131,-13910484.25,6810,0.01,7476147885.15625
16132,-11712063.85,6249,0.01,7230052161.53125
16133,-5973711.925,4463,0.01,6495236012.375
16134,-17214101.625,7576,0.01,8085326824.28125
16135,-16610912.6,7442,0.01,9438291530.28125
16136,-13904825.85,6809,0.01,10891099248.84375
16137,-6051858.675,4493,0.01,7251751711.1875
16138,-9282676.6,5564,0.01,6678041896.6875
16139,-7178534.175,4893,0.01,4213451141.8125
16140,-13826936.375,6790,0.01,5779062046.40625
16141,-4596384.625,3915,0.01,4538294833.71875
16142,-11402956.875,6166,0.01,7088650093.40625
16143,-6972286.225,4822,0.01,4548130903.75
16144,-9264999.049999999,5558,0.01,5123220491.9375
16145,-7775272.475,5092,0.01,4354475346.96875
16146,-2640721.6750000003,2968,0.01,2415521494.1875
16147,-3759561.25,3541,0.01,2751718181.4375
16148,-16268464.625,7365,0.01,5111835767.21875
16149,-9011697.975,5482,0.01,6507286645.1875
16150,-6505004.55,4658,0.01,6921395359.3125
16151,-1862351.3,2493,0.01,2187470778.28125
16152,-2966874.5,3146,0.01,2880954216.5
16153,-4253017.375,3766,0.01,2227482654.578125
16154,-13452316.975,6697,0.01,3927730907.921875
16155,-2839966.1750000003,3078,0.01,3355248550.40625
16156,-10570920.475,5937,0.01,8062139478.78125
16157,-12124106.924999999,6358,0.01,6382093640.6875
16158,-23565842.475,8864,0.01,10963787651.46875
16159,-1256707.675,2048,0.01,4912306371.5
16160,-8274612.925,5253,0.01,8656633915.25
16161,-1503290.25,2240,0.01,3840607018.125
16162,-3561973.225,3447,0.01,2537023121.875
16163,-8248561.75,5245,0.01,2346763046.90625
16164,-22831962.875,8725,0.01,8002855843.75
16165,-5797387.725,4397,0.01,7296560273.5
16166,-9404326.0,5600,0.01,11940649344.40625
16167,-5951767.0,4455,0.01,4114073564.4375
16168,-5470467.625,4271,0.01,3472250935.8125
16169,-8791377.35,5414,0.01,4049641378.53125
16170,-3425000.0,3380,0.01,2599809330.75
16171,-5874369.875,4426,0.01,3612027068.78125
16172,-16610571.35,7442,0.01,6302566566.8125
16173,-8993059.375,5476,0.01,6877169048.25
16174,-8839154.6,5429,0.01,7789359938.78125
16175,-2946326.625,3135,0.01,3060945512.59375
16176,-4902362.425,4043,0.01,3737852083.6875
16177,-4115396.0,3705,0.01,2664294482.828125
16178,-11311168.625,6141,0.01,3485049274.265625
16179,-6356026.225,4604,0.01,4197152516.65625
16180,-4850521.975,4022,0.01,3819218221.9375
16181,-11509502.75,6195,0.01,4910357613.078125
16182,-2423877.9250000003,2843,0.01,2836529206.3125
16183,-5795880.0,4396,0.01,4297760652.3125
16184,-3136520.975,3234,0.01,3186094643.640625
16185,-3574665.0500000003,3453,0.01,1638234206.84375
16186,-8513802.299999999,5328,0.01,2425971637.78125
16187,-4326845.6,3799,0.01,2645582075.125
16188,-2848831.3000000003,3083,0.01,2259592291.40625
16189,-6074808.875,4501,0.01,2799584520.140625
16190,-4412819.75,3836,0.01,2314609769.484375
16191,-8559022.6,5342,0.01,3253961512.9375
16192,-9234438.35,5549,0.01,4500924117.875
16193,-4920832.75,4051,0.01,3756965408.5
16194,-4052081.5,3676,0.01,3265671664.25
16195,-9658788.5,5675,0.01,4126232870.390625
16196,-9240281.0,5551,0.01,4806869724.71875
16197,-5870279.225,4424,0.01,4193044824.8125
16198,-6261519.6,4569,0.01,3227783776.3125
16199,-3744179.725,3534,0.01,2339879053.296875
16200,-2732482.725,3019,0.01,1743544888.546875
16201,-1232077.3,2028,0.01,867092728.203125
16202,-1285352.0,2071,0.01,959698769.40625
16203,-13164561.875,6625,0.01,3324089523.96875
16204,-9936640.125,5756,0.01,5918423784.375
16205,-5728524.625,4371,0.01,4538772442.125
16206,-4018310.625,3661,0.01,2799883073.875
16207,-4924566.05,4053,0.01,2515449391.296875
16208,-7074647.1,4857,0.01,2588020953.46875
16209,-3630730.125,3480,0.01,2082942214.875
16210,-2357990.875,2805,0.01,1569656518.6875
16211,-5760669.175,4383,0.01,2129533486.109375
16212,-4878882.6,4034,0.01,1935292035.046875
16213,-12530161.975,6464,0.01,4176593445.890625
16214,-6589668.425,4688,0.01,4515942597.4375
16215,-2562555.725,2924,0.01,2267965727.21875
16216,-4879742.225,4034,0.01,3122001689.875
16217,-3453270.225,3394,0.01,2371930075.5
16218,-6671622.1,4717,0.01,2459779804.359375
16219,-5801370.8,4398,0.01,2852786581.265625
16220,-5213921.875,4170,0.01,2813979379.8125
16221,-3716091.875,3521,0.01,2273761842.96875
16222,-10095293.85,5802,0.01,3987030263.65625
16223,-5981921.975,4467,0.01,4056468752.40625
16224,-2910401.0,3116,0.01,2507434122.3125
16225,-11504415.975,6194,0.01,5170392085.6875
16226,-5910699.875,4440,0.01,4585223255.40625
16227,-22812688.374999996,8721,0.01,9619165885.03125
16228,-10475478.75,5910,0.01,8766439390.90625
16229,-3016780.85,3172,0.01,7717306838.9375
16230,-2890780.0,3105,0.01,4437741173.25
16231,-10471661.1,5909,0.01,5849637658.734375
16232,-9276139.125,5561,0.01,4927067784.9375
16233,-5581271.85,4314,0.01,4102883497.65625
16234,-6152569.125,4530,0.01,3233941717.90625
16235,-2419598.625,2841,0.01,1923572155.375
16236,-2878636.975,3099,0.01,2046213590.734375
16237,-8001893.25,5166,0.01,2552768026.765625
16238,-6093691.675,4508,0.01,3217034603.65625
16239,-2812285.5500000003,3063,0.01,2087159688.0
16240,-8018042.0,5171,0.01,3623160080.328125
16241,-4140104.25,3716,0.01,2821686228.21875
16242,-5490517.475,4279,0.01,2687652043.15625
16243,-7004061.8,4833,0.01,2877181861.78125
16244,-6744211.225,4742,0.01,3044615278.34375
16245,-2598876.6,2944,0.01,2152644663.75
16246,-2086793.55,2638,0.01,2168173725.375
16247,-6110600.475,4514,0.01,3066961088.28125
16248,-3450606.85,3392,0.01,1946845118.375
16249,-3818797.475,3569,0.01,2006576951.640625
16250,-6243375.55,4563,0.01,2289716522.515625
16251,-1965726.0,2561,0.01,1417990101.0625
16252,-7656197.05,5053,0.01,2493288330.140625
16253,-13487846.25,6706,0.01,5086508858.046875
16254,-8002384.125,5166,0.01,5504531898.75
16255,-11670935.674999999,6238,0.01,6511969741.09375
16256,-9549049.424999999,5643,0.01,5892471106.75
16257,-14358426.475,6919,0.01,6374500017.90625
16258,-3457718.75,3396,0.01,4744431426.625
16259,-3239240.35,3287,0.01,4476010458.625
16260,-1218724.35,2017,0.01,3352335518.0625
16261,-2722928.1,3014,0.01,2272630738.390625
16262,-7311325.8,4938,0.01,2216412924.3125
16263,-13023798.75,6590,0.01,4396830469.15625
16264,-1296857.125,2080,0.01,2104042796.15625
16265,-4396186.475,3829,0.01,3368859818.9375
16266,-4498757.675,3873,0.01,2178251563.265625
16267,-11339305.725,6149,0.01,3559967377.828125
16268,-4621283.0,3926,0.01,3607155888.75
16269,-10393713.475,5887,0.01,4488297533.828125
16270,-11550207.75,6206,0.01,5469415589.09375
16271,-16583569.0,7436,0.01,8380495011.09375
16272,-8228779.3,5238,0.01,8046579505.3125
16273,-13263422.25,6650,0.01,9234224723.90625
16274,-11167147.6,6102,0.01,7769645976.9375
16275,-4709479.05,3963,0.01,5238886248.1875
16276,-16853661.874999996,7496,0.01,6267587152.9375
16277,-16045438.725,7314,0.01,9264449999.03125
16278,-4929595.5,4055,0.01,6690426664.3125
16279,-4545044.175,3893,0.01,4354061960.09375
16280,-24530340.799999997,9043,0.01,9183234042.515625
16281,-7190594.35,4897,0.01,8964523265.875
16282,-3786764.35,3554,0.01,8014323528.5
16283,-8147314.225,5212,0.01,5337860063.5
16284,-6981761.875,4825,0.01,3738670174.640625
16285,-5535729.6,4297,0.01,3312303450.0
16286,-4560713.625,3900,0.01,2987318423.0
16287,-8247084.725,5244,0.01,3450967422.703125
16288,-1800394.25,2451,0.01,2020001554.53125
16289,-2951725.9250000003,3138,0.01,2438270916.15625
16290,-3234929.875,3285,0.01,2533376093.5
16291,-2421219.725,2842,0.01,1356771760.234375
16292,-7693752.0,5065,0.01,2249792203.75
16293,-14496159.725,6952,0.01,5325201161.21875
16294,-11118983.6,6089,0.01,6682994414.15625
16295,-6395821.8,4618,0.01,5508625351.6875
16296,-3769111.375,3545,0.01,3673236475.9375
16297,-5136611.1,4139,0.01,3016904535.40625
16298,-5163300.0,4150,0.01,2523174939.90625
16299,-7912627.225,5137,0.01,2837369459.328125
16300,-4949568.925,4063,0.01,2692188481.03125
16301,-7022396.85,4839,0.01,3386999896.953125
16302,-27112123.849999998,9507,0.01,10360273691.359375
16303,-4136320.225,3714,0.01,7030808588.75
16304,-659329.475,1484,0.01,4560567912.75
16305,-8152053.6,5214,0.01,13523681565.8125
16306,-6629336.6,4702,0.01,3931369919.6875
16307,-6593671.6,4689,0.01,3059200867.84375
16308,-13718430.549999999,6763,0.01,4687765102.828125
16309,-13958826.1,6822,0.01,7978589421.78125
16310,-3944689.6,3627,0.01,5661975758.1875
16311,-9341294.875,5581,0.01,7416025976.03125
16312,-3537824.125,3435,0.01,3170801700.28125
16313,-3857648.85,3587,0.01,2953113815.515625
16314,-10808989.174999999,6003,0.01,4047552429.59375
16315,-15249036.25,7130,0.01,6915487449.34375
16316,-10429878.85,5897,0.01,7442217695.9375
16317,-7745386.475,5082,0.01,6528820595.25
16318,-10006960.975,5777,0.01,5810788826.84375
16319,-7326934.675,4943,0.01,4659119383.90625
16320,-2561326.0500000003,2923,0.01,2444454752.875
16321,-5045414.1,4102,0.01,3309148214.640625
16322,-7539656.85,5014,0.01,3462718218.5
16323,-9641783.0,5670,0.01,4119458745.15625
16324,-2059316.25,2621,0.01,2453333837.1875
16325,-4317834.875,3795,0.01,3797670853.78125
16326,-7490889.05,4998,0.01,4143821887.390625
16327,-3170272.1,3252,0.01,2300177933.40625
16328,-1140714.125,1951,0.01,1400841923.40625
16329,-4365538.5,3816,0.01,2555454566.84375
16330,-5731496.725,4372,0.01,2262783183.765625
16331,-3118313.625,3225,0.01,1623953258.78125
16332,-15542619.725,7199,0.01,5047659801.59375
16333,-1908100.425,2523,0.01,3545039070.3125
16334,-12437680.1,6439,0.01,6808191596.796875
16335,-47022299.62499999,12520,0.01,20993570561.21875
16336,-2872926.25,3096,0.01,6881848814.9375
16337,-14923138.85,7054,0.01,8399056510.203125
16338,-8148857.925,5213,0.01,5852744099.375
16339,-15531222.75,7196,0.01,6226426496.21875
16340,-2206411.1750000003,2713,0.01,4086059797.1875
16341,-695448.725,1524,0.01,2348151028.125
16342,-1664098.6,2357,0.01,3968915610.0625
16343,-4173168.375,3731,0.01,4708613768.0625
16344,-920724.6749999999,1753,0.01,885354872.984375
16345,-12390383.975,6427,0.01,3710779941.75
16346,-6621911.225,4699,0.01,4960363291.6875
16347,-5601246.6,4322,0.01,4430608769.3125
16348,-5705750.85,4362,0.01,3331734848.515625
16349,-32942728.5,10480,0.01,13114257119.015625
16350,-19541557.6,8072,0.01,13554000660.3125
16351,-1734807.125,2406,0.01,7633361459.375
16352,-17386863.475,7614,0.01,17530305201.875
16353,-5303625.75,4206,0.01,6329942855.84375
16354,-6163941.6,4534,0.01,4274197109.59375
16355,-6164430.6,4534,0.01,3726927909.46875
16356,-6047790.5,4491,0.01,3409762733.5625
16357,-7200032.5,4900,0.01,3480881191.59375
16358,-6834007.6,4774,0.01,3329731680.75
16359,-3144017.5500000003,3238,0.01,2371789929.15625
16360,-9291656.25,5566,0.01,3850418087.171875
16361,-5492668.25,4280,0.01,3601564904.53125
16362,-6069121.6,4499,0.01,3460213723.96875
16363,-8264487.375,5250,0.01,3697840431.21875
16364,-2628633.375,2961,0.01,2432747625.3125
16365,-6679211.475,4719,0.01,3381570233.6875
16366,-8240695.1,5242,0.01,3905434909.015625
16367,-10002340.0,5775,0.01,4511313019.46875
16368,-1302523.0,2085,0.01,1886056931.34375
16369,-1266940.125,2056,0.01,2348374410.625
16370,-3384443.5,3360,0.01,3360098317.21875
16371,-5860432.0,4421,0.01,3024462529.96875
16372,-5218468.225,4172,0.01,2101056582.90625
16373,-14371545.35,6922,0.01,4654639338.96875
16374,-34416737.5,10711,0.01,16908041322.53125
16375,-3016763.6,3172,0.01,7243126518.0
16376,-8829627.625,5426,0.01,21461190398.625
16377,-2857412.6,3087,0.01,5266516230.6875
16378,-16370649.299999999,7388,0.01,6508973281.90625
16379,-5369923.85,4232,0.01,5698623901.1875
16380,-25194538.125,9165,0.01,14322246309.6875
16381,-4198906.85,3742,0.01,6938820765.5625
16382,-15438207.475,7174,0.01,11484023917.125
16383,-20928344.174999997,8353,0.01,11513365110.5
16384,-4075384.475,3687,0.01,7229511598.375
16385,-4358666.925,3813,0.01,6460845197.0
16386,-11002528.475,6057,0.01,6027295659.390625
16387,-6916911.8,4803,0.01,4511597421.625
16388,-14204100.225,6882,0.01,5833506449.8125
16389,-12055988.375,6340,0.01,7879481059.375
16390,-7941570.75,5146,0.01,6493905430.5
16391,-745454.0499999999,1578,0.01,1882964689.15625
16392,-7365739.625,4956,0.01,4910360090.875
16393,-12587624.049999999,6478,0.01,5435633601.34375
16394,-3016271.85,3172,0.01,3315197013.25
16395,-6886219.225,4792,0.01,6008245238.5625
16396,-10981124.5,6051,0.01,5584584673.6875
16397,-22507608.974999998,8662,0.01,9165136832.71875
16398,-4366244.375,3816,0.01,6924759218.0
16399,-9674638.875,5680,0.01,11633680805.9375
16400,-10136493.85,5814,0.01,5463094532.9375
16401,-20202614.849999998,8207,0.01,8613445236.25
16402,-10206917.475,5834,0.01,8505102904.8125
16403,-42741603.35,11937,0.01,22726356257.875
16404,-34080834.099999994,10659,0.01,31723859239.21875
16405,-34046447.85,10654,0.01,28856440061.5625
16406,-9510597.0,5631,0.01,14864493602.0625
16407,-3911496.475,3612,0.01,10741761030.625
16408,-6774874.8,4753,0.01,5637780691.609375
16409,-26654746.725,9427,0.01,11409452653.375
16410,-10439539.5,5900,0.01,9752118960.84375
16411,-5449720.925,4263,0.01,9869311367.0625
16412,-18501395.225,7854,0.01,16528841331.09375
16413,-38820201.74999999,11376,0.01,21681180998.625
16414,-27197682.349999998,9522,0.01,28061610287.875
16415,-8262092.725,5249,0.01,12136114995.4375
16416,-6723680.5,4735,0.01,13774190442.90625
16417,-16032737.875,7311,0.01,7552711338.34375
16418,-14112056.725,6859,0.01,9204885697.03125
16419,-8603242.375,5356,0.01,8233329957.46875
16420,-821580.75,1656,0.01,2376691480.125
16421,-11563345.225,6209,0.01,7874816208.34375
16422,-5149519.6,4144,0.01,5292726701.03125
16423,-16050286.25,7315,0.01,7513103004.46875
16424,-14065064.174999999,6848,0.01,7956268994.0625
16425,-7499763.375,5001,0.01,7632563759.53125
16426,-3334335.125,3335,0.01,4221592708.375
16427,-15439263.25,7175,0.01,6338381592.9375
16428,-3693298.875,3510,0.01,4331400809.5
16429,-15661128.25,7226,0.01,8819369742.9375
16430,-9147789.799999999,5523,0.01,6273127024.5625
16431,-8092588.375,5195,0.01,5987311821.15625
16432,-2419470.5,2841,0.01,2088108867.875
16433,-8335327.975,5272,0.01,4650983084.6875
16434,-3580662.125,3456,0.01,3084529453.03125
16435,-7200047.625,4900,0.01,3734075982.71875
16436,-2412801.475,2837,0.01,2167770777.625
16437,-4300417.475,3787,0.01,2423170997.921875
16438,-3672285.0,3500,0.01,2187887567.734375
16439,-3763400.6750000003,3543,0.01,1579698163.234375
16440,-4315695.35,3794,0.01,1612554352.703125
16441,-3473314.6,3404,0.01,1568292596.921875
16442,-3256603.375,3296,0.01,1442598839.625
16443,-12115036.75,6355,0.01,3416773532.984375
16444,-5481858.875,4276,0.01,4263118215.90625
16445,-4966640.25,4070,0.01,3600296903.46875
16446,-7549433.225,5017,0.01,3464634305.78125
16447,-2252053.0,2741,0.01,1859737695.078125
16448,-2604713.1750000003,2948,0.01,2113914045.15625
16449,-1945860.925,2548,0.01,1788768277.96875
16450,-9663011.25,5676,0.01,2651098994.53125
16451,-5887460.75,4431,0.01,3649637046.3125
16452,-10140739.25,5815,0.01,4757467864.40625
16453,-3994397.625,3650,0.01,3148465139.1875
16454,-12699958.674999999,6508,0.01,6344822354.4375
16455,-3384680.25,3360,0.01,3473048860.5625
16456,-11120538.375,6090,0.01,6052238336.375
16457,-5421874.475,4252,0.01,4176199054.25
16458,-2347530.0500000003,2798,0.01,2382466278.1875
16459,-5244968.1,4182,0.01,3052075636.140625
16460,-7494375.725,4999,0.01,2976206515.515625
16461,-3857525.35,3587,0.01,2331072821.21875
16462,-3160594.975,3247,0.01,2117554891.640625
16463,-3963823.5,3636,0.01,2265976578.0
16464,-6232718.6,4559,0.01,2050032812.671875
16465,-9173962.375,5531,0.01,3405473132.90625
16466,-3915939.35,3614,0.01,3133688790.75
16467,-2761662.375,3035,0.01,2559975635.375
16468,-9327336.35,5577,0.01,3953392999.65625
16469,-4121067.1,3707,0.01,3191050650.4375
16470,-13992070.0,6830,0.01,6227207061.5
16471,-3678751.6750000003,3503,0.01,4605791408.5625
16472,-14020522.975,6837,0.01,9381460468.6875
16473,-25445044.874999996,9210,0.01,12807342559.59375
16474,-2576126.725,2932,0.01,6957631379.75
16475,-10961634.375,6046,0.01,10798203499.625
16476,-6425958.975,4629,0.01,5123840078.4375
16477,-21556683.425,8478,0.01,7339711907.0
16478,-7961878.675,5153,0.01,8536567295.625
16479,-3802064.75,3561,0.01,5577559420.8125
16480,-10699492.799999999,5973,0.01,5077639253.0
16481,-26867875.474999998,9464,0.01,11547353504.96875
16482,-6935430.1,4809,0.01,10756415159.75
16483,-2242901.75,2735,0.01,7693307672.625
16484,-15206761.875,7120,0.01,10544394804.625
16485,-11752363.75,6260,0.01,8333257229.5
16486,-2357135.725,2804,0.01,4065245931.9375
16487,-4504614.75,3876,0.01,3405474763.125
16488,-6465036.05,4643,0.01,2757435041.0625
16489,-5370417.1,4232,0.01,2293399873.828125
16490,-4458391.0,3856,0.01,2183430990.03125
16491,-5227154.375,4175,0.01,2193296885.421875
16492,-2523002.5,2901,0.01,1545260540.0
16493,-3203040.6,3269,0.01,1530436996.328125
16494,-3484167.475,3409,0.01,1441834488.390625
16495,-1629836.975,2332,0.01,886660275.71875
16496,-13361761.625,6675,0.01,3439244364.21875
16497,-2004746.25,2586,0.01,3245759331.5
16498,-5080227.625,4116,0.01,4231103788.15625
16499,-6711078.75,4730,0.01,4470440486.0
16500,-3163228.9250000003,3248,0.01,2086518048.765625
16501,-4444334.5,3850,0.01,2400520176.46875
16502,-4778655.6,3992,0.01,2203027623.53125
16503,-19000707.849999998,7959,0.01,6051284187.90625
16504,-22376583.974999998,8637,0.01,14180030956.46875
16505,-6879474.375,4790,0.01,8174161568.03125
16506,-4320962.0,3796,0.01,4954601760.84375
16507,-3034257.25,3181,0.01,3355495321.421875
16508,-7530716.0,5011,0.01,2853737166.359375
16509,-15808209.125,7260,0.01,6142511241.21875
16510,-11888272.375,6296,0.01,7358880639.125
16511,-4682400.725,3952,0.01,6486934883.3125
16512,-25306576.624999996,9185,0.01,12342589859.9375
16513,-15971884.725,7297,0.01,13369493098.375
16514,-6600026.5,4691,0.01,8417292551.40625
16515,-3336355.0,3336,0.01,4994949765.6875
16516,-13474600.049999999,6703,0.01,7129016909.375
16517,-17260955.999999996,7586,0.01,9055360555.0
16518,-4807160.975,4004,0.01,6410266609.1875
16519,-3489293.85,3412,0.01,6125808180.9375
16520,-2433697.6,2849,0.01,4406052124.796875
16521,-8012760.975,5169,0.01,2804522044.3125
16522,-4319959.5,3796,0.01,2635353791.0625
16523,-4595071.375,3915,0.01,2359870418.859375
16524,-3715335.0,3520,0.01,2205272488.203125
16525,-7610550.675,5038,0.01,2613946133.25
16526,-7494107.1,4999,0.01,3407861351.75
16527,-7319118.75,4940,0.01,3794991081.5625
16528,-2492715.1,2884,0.01,2236678729.5
16529,-3326865.75,3331,0.01,2558718861.71875
16530,-9878192.725,5739,0.01,3609224573.6875
16531,-9022551.0,5485,0.01,4559435929.90625
16532,-3298347.35,3317,0.01,2889123262.625
16533,-12100942.475,6352,0.01,6008801846.0
16534,-12017529.75,6330,0.01,6290751290.375
16535,-21292095.624999996,8425,0.01,9860688113.46875
16536,-7351267.5,4951,0.01,7771276422.8125
16537,-2660612.975,2979,0.01,5719959883.4375
16538,-1016310.475,1842,0.01,3258503258.59375
16539,-4882088.5,4035,0.01,3649736025.484375
16540,-2784592.8000000003,3048,0.01,2111229742.328125
16541,-4490725.125,3870,0.01,1910301341.65625
16542,-5118045.875,4131,0.01,1896851258.796875
16543,-12354780.299999999,6418,0.01,3941248856.78125
16544,-12036108.625,6335,0.01,6274597497.875
16545,-6372316.0,4610,0.01,5682492871.46875
16546,-3974742.25,3641,0.01,3881362057.15625
16547,-2557939.375,2921,0.01,2734398765.265625
16548,-14781563.625,7020,0.01,5550017102.734375
16549,-22792462.599999998,8717,0.01,12034062998.5
16550,-5199100.975,4164,0.01,8851519121.125
16551,-7478792.475,4994,0.01,11645684760.125
16552,-8678234.85,5379,0.01,5401000357.8125
16553,-21748532.499999996,8515,0.01,8983723077.5
16554,-6326505.8,4593,0.01,7451679056.78125
16555,-6118524.35,4517,0.01,10332583424.9375
16556,-6009786.225,4477,0.01,4904870166.515625
16557,-12907707.375,6560,0.01,5363338388.875
16558,-8613941.475,5359,0.01,5974576003.8125
16559,-6238337.5,4561,0.01,5293556196.71875
16560,-1771517.0,2431,0.01,2256157432.21875
16561,-4098506.725,3697,0.01,3435058304.59375
16562,-5544924.0,4300,0.01,2919699733.46875
16563,-5325103.475,4214,0.01,2477381148.59375
16564,-3152368.4250000003,3243,0.01,1952779116.546875
16565,-7352838.975,4952,0.01,2782272666.28125
16566,-9314161.174999999,5573,0.01,4041187059.0
16567,-7188471.625,4896,0.01,4090487870.53125
16568,-14125847.549999999,6863,0.01,6484041664.59375
16569,-3458440.875,3396,0.01,4273693006.1875
16570,-12330969.6,6412,0.01,8421416546.75
16571,-377159.3,1123,0.01,1349219141.1875
16572,-44215111.0,12141,0.01,20729763054.125
16573,-22529714.225,8667,0.01,13245495824.0625
16574,-2467247.475,2869,0.01,5687511253.0
16575,-2725194.125,3015,0.01,3952275995.65625
16576,-3957607.6750000003,3633,0.01,4001021270.625
16577,-2926049.725,3124,0.01,1777623202.5625
16578,-3332550.225,3334,0.01,1333875372.140625
16579,-728732.5,1560,0.01,549565654.484375
16580,-10362411.299999999,5878,0.01,2870296867.46875
16581,-13450429.475,6697,0.01,6164595702.625
16582,-9459790.5,5616,0.01,6591472667.28125
16583,-5779686.75,4390,0.01,5339084328.21875
16584,-3892408.6750000003,3603,0.01,3577746323.625
16585,-3278437.975,3307,0.01,2543236854.4375
16586,-8068342.85,5187,0.01,3115129227.28125
16587,-1549699.475,2274,0.01,1838856251.53125
16588,-5271166.3,4193,0.01,2920596381.890625
16589,-7422057.125,4975,0.01,3214743550.28125
16590,-5323075.3,4213,0.01,2830165893.15625
16591,-6619459.175,4698,0.01,3234594111.890625
16592,-6736514.5,4740,0.01,3173410515.28125
16593,-1589720.8,2303,0.01,1555214441.09375
16594,-10507482.35,5919,0.01,4626856533.28125
16595,-1476727.625,2220,0.01,2268191545.53125
16596,-3246933.625,3291,0.01,3533962178.0625
16597,-1369899.55,2138,0.01,2256584569.71875
16598,-9590763.75,5655,0.01,3863766896.3984375
16599,-10186419.924999999,5828,0.01,4749984332.8125
16600,-9052319.975,5494,0.01,4789377499.90625
16601,-9701882.924999999,5688,0.01,5118143853.15625
16602,-3150903.6,3242,0.01,3106961201.84375
16603,-722588.9249999999,1553,0.01,1539595101.53125
16604,-2472824.225,2872,0.01,1877107440.15625
16605,-10061805.6,5792,0.01,3226326204.75
16606,-6799157.35,4762,0.01,3941065815.6875
16607,-11658670.875,6235,0.01,4434951906.484375
16608,-8297091.75,5260,0.01,5202289266.8125
16609,-4716475.875,3966,0.01,3908212657.375
16610,-21187128.75,8405,0.01,8236677101.21875
16611,-6343321.975,4599,0.01,8879510680.4375
16612,-9140060.25,5520,0.01,9673589560.3125
16613,-9234376.85,5549,0.01,4653850053.375
16614,-2986493.75,3156,0.01,2868699687.65625
16615,-1775152.6,2434,0.01,2171879650.546875
16616,-8998564.799999999,5478,0.01,2971023598.96875
16617,-6863408.225,4784,0.01,3814240616.15625
16618,-3120753.5,3226,0.01,2495379740.09375
16619,-27380822.099999998,9554,0.01,11376269895.40625
16620,-8514181.174999999,5328,0.01,10657008815.3125
16621,-10772162.799999999,5993,0.01,12922051285.96875
16622,-15924571.75,7286,0.01,7979363501.625
16623,-16741093.375,7471,0.01,10469016755.0
16624,-6378908.85,4612,0.01,7364172026.65625
16625,-15364888.1,7157,0.01,10805622241.28125
16626,-7156726.125,4885,0.01,6688004796.78125
16627,-7500656.125,5001,0.01,7933256413.0625
16628,-4862650.725,4027,0.01,3364279165.265625
16629,-1702009.3,2383,0.01,2100607129.75
16630,-2814684.6,3064,0.01,2435829665.53125
16631,-3130735.75,3231,0.01,1846095021.078125
16632,-8296917.875,5260,0.01,2421138802.09375
16633,-2448685.6750000003,2858,0.01,2060655334.15625
16634,-24281193.849999998,8997,0.01,9569686164.28125
16635,-13073429.6,6602,0.01,12632337850.5
16636,-3794793.3000000003,3558,0.01,8654071791.84375
16637,-1576825.975,2294,0.01,2685650011.1875
16638,-7615811.725,5039,0.01,6011711437.359375
16639,-1623976.8,2328,0.01,2053650655.125
16640,-16799733.474999998,7484,0.01,7264531663.5625
16641,-9725392.5,5695,0.01,7581576249.875
16642,-6547046.8,4673,0.01,6693048762.1875
16643,-3016327.35,3172,0.01,3007420558.40625
16644,-1849794.85,2484,0.01,2531010000.90625
16645,-8063106.25,5185,0.01,3743042418.640625
16646,-2123895.35,2662,0.01,2169847428.03125
16647,-16331404.975,7379,0.01,6670475673.21875
16648,-9947695.975,5759,0.01,7465035982.5
16649,-17391706.0,7615,0.01,10162900279.59375
16650,-11450392.225,6179,0.01,9437743358.6875
16651,-1459567.6,2207,0.01,3740843218.375
16652,-5937906.625,4450,0.01,4529643242.828125
16653,-2853176.0,3085,0.01,2008431329.828125
16654,-5604061.3,4323,0.01,2464306029.03125
16655,-7583750.725,5029,0.01,2988217608.6875
16656,-5311438.35,4209,0.01,2942128073.34375
16657,-17589553.425,7658,0.01,6633507310.84375
16658,-3108381.625,3220,0.01,4896132209.625
16659,-14876303.174999999,7043,0.01,11335300283.3125
16660,-1620909.25,2326,0.01,3378492196.625
16661,-13617006.549999999,6738,0.01,8998949237.4375
16662,-8344305.375,5275,0.01,5998471900.96875
16663,-2779408.625,3045,0.01,3166269005.75
16664,-15211680.975,7122,0.01,7406553666.09375
16665,-7897330.85,5132,0.01,6416455502.84375
16666,-3003681.0,3165,0.01,3699748080.03125
16667,-9384244.1,5594,0.01,5242397528.34375
16668,-14936288.1,7057,0.01,6856778578.3125
16669,-11993604.225,6324,0.01,8063436691.875
16670,-11186214.725,6107,0.01,7844591251.78125
16671,-10761240.875,5990,0.01,6698793857.125
16672,-7301937.225,4934,0.01,5744935442.5625
16673,-13319408.975,6664,0.01,7146516456.875
16674,-1339803.475,2114,0.01,2884015701.375
16675,-2421275.35,2842,0.01,4340135060.875
16676,-5567704.1,4309,0.01,6460257292.25
16677,-2121318.5,2660,0.01,1908600852.921875
16678,-11923134.875,6305,0.01,3554577198.515625
16679,-6348150.0,4601,0.01,4727628392.3125
16680,-4796742.5,4000,0.01,3698096386.53125
16681,-2445020.875,2856,0.01,2232898039.25
16682,-2610712.375,2951,0.01,1889863150.953125
16683,-7444326.6,4982,0.01,2510134579.71875
16684,-5112822.35,4129,0.01,2634102625.1875
16685,-3831951.25,3575,0.01,2356992878.40625
16686,-8105361.725,5199,0.01,3376328677.75
16687,-7838534.675,5113,0.01,4015988097.3125
16688,-3622465.125,3476,0.01,2809225101.71875
16689,-1998108.975,2582,0.01,2153810014.3125
16690,-31467042.974999998,10242,0.01,13196698541.40625
16691,-19896133.625,8145,0.01,13802081196.96875
16692,-3339876.8000000003,3338,0.01,8641504802.125
16693,-1831775.85,2472,0.01,4075670011.40625
16694,-5978074.375,4465,0.01,7026544891.484375
16695,-7223538.8,4908,0.01,3719282098.34375
16696,-8481810.549999999,5318,0.01,3851040396.546875
16697,-3041142.625,3185,0.01,2588671993.8125
16698,-5337912.975,4219,0.01,3188256099.46875
16699,-3473460.6,3404,0.01,2337412912.5625
16700,-2953547.725,3139,0.01,1528809832.890625
16701,-14507420.625,6955,0.01,4389422516.0625
16702,-4189922.8000000003,3738,0.01,4422708193.8125
16703,-2171953.225,2692,0.01,3100725421.25
16704,-18951832.975,7949,0.01,8906571334.90625
16705,-11421033.625,6171,0.01,8333379074.6875
16706,-1455961.1,2204,0.01,4525456946.3125
16707,-3826226.225,3572,0.01,6086083141.34375
16708,-3141916.475,3237,0.01,4590305467.34375
16709,-4043685.35,3672,0.01,2880870337.5
16710,-3909418.25,3611,0.01,2102421811.28125
16711,-8424492.375,5300,0.01,3159911846.28125
16712,-11960051.75,6315,0.01,4927015607.34375
16713,-6266729.375,4571,0.01,5039410514.6875
16714,-2211675.0,2716,0.01,3097137450.21875
16715,-5362373.6,4229,0.01,4117956732.515625
16716,-22328034.175,8628,0.01,7680258748.390625
16717,-9309325.5,5571,0.01,8391773387.5625
16718,-4841901.05,4018,0.01,5435132366.5
16719,-2261995.1,2747,0.01,2853839787.53125
16720,-11868729.125,6291,0.01,4393693806.203125
16721,-9165789.049999999,5528,0.01,5222104870.5
16722,-8922400.0,5455,0.01,5115202840.84375
16723,-3051112.5,3190,0.01,3042837269.53125
16724,-12346731.75,6416,0.01,4796822089.40625
16725,-8689309.924999999,5383,0.01,5095400413.3125
16726,-3881549.4250000003,3598,0.01,2685859446.6875
16727,-10689726.625,5970,0.01,3938002396.0625
16728,-5946816.8,4453,0.01,3945449666.9375
16729,-1175599.875,1981,0.01,1505361339.53125
16730,-10659078.975,5962,0.01,4327896335.6875
16731,-5481946.875,4276,0.01,4194596453.8125
16732,-4181097.85,3734,0.01,2327190137.71875
16733,-15983765.75,7300,0.01,5056358852.109375
16734,-27375203.049999997,9553,0.01,13683353739.25
16735,-9817239.0,5721,0.01,10409205464.46875
16736,-1428414.675,2183,0.01,6483378213.75
16737,-13669712.375,6751,0.01,11044051907.78125
16738,-19734374.124999996,8111,0.01,9872300395.0
16739,-5488337.175,4278,0.01,6792022247.1875
16740,-14012082.0,6835,0.01,8848606031.28125
16741,-2299296.5,2770,0.01,3499369040.15625
16742,-2980235.0500000003,3153,0.01,3280243395.96875
16743,-17010166.625,7531,0.01,7882428291.734375
16744,-1833163.05,2473,0.01,3881419706.5
16745,-11000458.625,6056,0.01,6273672847.65625
16746,-3742046.5500000003,3533,0.01,3645337120.5625
16747,-5600284.35,4322,0.01,3388225922.0625
16748,-3593458.1,3462,0.01,2276670889.453125
16749,-2748330.6750000003,3028,0.01,1686560303.875
16750,-3891720.8000000003,3603,0.01,1756004619.46875
16751,-4241164.875,3761,0.01,1582351455.171875
16752,-6003858.125,4475,0.01,2147435218.375
16753,-6323594.85,4592,0.01,2697879915.796875
16754,-6483990.875,4650,0.01,3127909857.21875
16755,-17875775.624999996,7720,0.01,6339340089.828125
16756,-7345472.35,4949,0.01,6426596699.28125
16757,-5368479.625,4231,0.01,5431684869.53125
16758,-3026365.6,3177,0.01,2866820560.140625
16759,-4195608.125,3741,0.01,2752322460.453125
16760,-5047712.425,4103,0.01,2103998892.734375
16761,-5070531.1,4112,0.01,2178771367.859375
16762,-14925354.1,7054,0.01,4962212187.515625
16763,-5358312.85,4227,0.01,5382083504.25
16764,-4867405.1,4029,0.01,5531145736.1875
16765,-5111832.1,4129,0.01,4145990297.53125
16766,-2443212.375,2855,0.01,2080292975.71875
16767,-4078099.6750000003,3688,0.01,2414010152.421875
16768,-1891211.6,2512,0.01,1424846074.890625
16769,-10358038.475,5877,0.01,3166558597.453125
16770,-12005229.725,6327,0.01,5974721417.28125
16771,-7174241.5,4891,0.01,5428711850.125
16772,-10589129.225,5942,0.01,6510502723.125
16773,-3225786.125,3280,0.01,3096221986.78125
16774,-1993685.725,2579,0.01,2295950892.90625
16775,-3066476.5500000003,3198,0.01,2808449952.015625
16776,-2776624.6750000003,3043,0.01,1474197926.1015625
16777,-16899557.374999996,7506,0.01,4815085177.21875
16778,-10131915.6,5812,0.01,7602923770.59375
16779,-1293019.475,2077,0.01,3629714518.625
16780,-7360411.6,4954,0.01,6750028124.25
16781,-6360044.375,4605,0.01,4049480910.0
16782,-10307026.725,5862,0.01,4115328750.78125
16783,-13845047.975,6794,0.01,6333853628.5625
16784,-10649587.475,5959,0.01,6668248853.3125
16785,-8671665.475,5377,0.01,6780556059.28125
16786,-7609965.55,5038,0.01,5788118000.46875
16787,-9392072.375,5596,0.01,5097121495.34375
16788,-6136562.85,4524,0.01,3852642020.8125
16789,-1981776.125,2571,0.01,2067132865.125
16790,-6371004.1,4609,0.01,3144879979.53125
16791,-5821302.0,4406,0.01,2650898020.5
16792,-10825270.299999999,6008,0.01,3724389768.09375
16793,-11869986.625,6291,0.01,5642400404.125
16794,-12236195.6,6387,0.01,7075275541.78125
16795,-3414011.6,3374,0.01,4849236176.625
16796,-28941433.675,9823,0.01,14188444823.125
16797,-3364022.875,3350,0.01,6875010349.125
16798,-14383734.5,6925,0.01,14431185933.5
16799,-5560499.5,4306,0.01,5501052062.34375
16800,-2695535.5500000003,2998,0.01,3756375064.59375
16801,-5429314.75,4255,0.01,4229987620.265625
16802,-4169237.1,3729,0.01,2682493423.875
16803,-9966985.25,5765,0.01,3555587058.109375
16804,-8165362.925,5218,0.01,4512898736.34375
16805,-14726970.6,7007,0.01,6508966670.375
16806,-4370950.55,3818,0.01,5053394752.9375
16807,-2876547.9250000003,3098,0.01,4088253451.1875
16808,-8551143.125,5340,0.01,4832991173.515625
16809,-6000322.05,4473,0.01,3518945490.78125
16810,-22509981.8,8663,0.01,8542654855.25
16811,-11661262.125,6235,0.01,11705287640.46875
16812,-8028464.85,5174,0.01,10403268030.5625
16813,-15284327.6,7139,0.01,8194538097.21875
16814,-5263832.0,4190,0.01,5812041989.3125
16815,-2686870.975,2994,0.01,2820104802.40625
16816,-10682949.049999999,5968,0.01,4856063068.890625
16817,-1564758.875,2285,0.01,2267687026.375
16818,-3435457.25,3385,0.01,3104127885.5
16819,-6613319.75,4696,0.01,4097189855.1875
16820,-3416863.875,3376,0.01,1833625444.265625
16821,-1709468.925,2388,0.01,1418851512.484375
16822,-8276368.3,5253,0.01,2930304983.734375
16823,-11285598.85,6134,0.01,4902279774.34375
16824,-23112199.924999997,8778,0.01,10317825223.4375
16825,-14179923.875,6876,0.01,11696189177.8125
16826,-11501588.424999999,6193,0.01,10335088530.8125
16827,-4414121.725,3837,0.01,5067659746.4375
16828,-3488092.375,3411,0.01,3420228485.65625
16829,-4361430.975,3814,0.01,3151666376.8125
16830,-15988404.0,7301,0.01,5259139150.359375
16831,-6456699.875,4640,0.01,6000808515.125
16832,-18666112.975,7889,0.01,10378289299.40625
16833,-20193954.499999996,8205,0.01,12050806899.25
16834,-9078718.1,5502,0.01,9105198653.1875
16835,-29545349.5,9925,0.01,14568165925.5625
16836,-2893093.5,3106,0.01,6783510810.3125
16837,-15701687.5,7235,0.01,16864551613.625
16838,-10985167.1,6052,0.01,7285365799.15625
16839,-11688772.299999999,6243,0.01,7988361424.71875
16840,-6243550.3,4563,0.01,5468606326.34375
16841,-8840371.225,5429,0.01,5747657364.25
16842,-3312957.475,3324,0.01,2941316759.15625
16843,-4810564.25,4005,0.01,3578773054.421875
16844,-6039906.8,4488,0.01,3318957656.484375
16845,-9775684.35,5709,0.01,3867399046.8125
16846,-7848903.0,5116,0.01,4333871054.9375
16847,-6943072.6,4812,0.01,4241165265.53125
16848,-2820915.475,3067,0.01,2208798330.1875
16849,-30649203.049999997,10108,0.01,11993917275.734375
16850,-3259855.35,3297,0.01,6675644512.125
16851,-7074111.725,4857,0.01,14410527318.125
16852,-6789815.3,4758,0.01,6421005998.21875
16853,-9740573.225,5699,0.01,4477287958.1875
16854,-1383676.725,2149,0.01,1822917585.84375
16855,-9045403.35,5492,0.01,5194118988.46875
16856,-9755403.424999999,5703,0.01,5413227247.71875
16857,-1606593.75,2315,0.01,2098966728.40625
16858,-3179308.125,3256,0.01,3207924725.1875
16859,-1371120.6,2139,0.01,2100400654.28125
16860,-5484120.25,4276,0.01,2849238116.8125
16861,-20562809.25,8280,0.01,6586057291.84375
16862,-14946305.6,7059,0.01,9986569803.6875
16863,-6909002.5,4800,0.01,8626300897.875
16864,-9055224.5,5495,0.01,7623997806.9375
16865,-4853092.55,4023,0.01,3602204643.90625
16866,-2744738.0,3026,0.01,2480827874.125
16867,-13888540.875,6805,0.01,5286537997.03125
16868,-3764137.3000000003,3543,0.01,4343285976.8125
16869,-26246129.849999998,9354,0.01,12260707979.6875
16870,-17770569.724999998,7697,0.01,17624156443.75
16871,-8872266.475,5439,0.01,9199092176.28125
16872,-6170444.875,4536,0.01,6703941437.625
16873,-8459635.875,5311,0.01,4412509624.390625
16874,-7466863.625,4990,0.01,4212236482.78125
16875,-10183101.975,5827,0.01,5099039935.28125
16876,-16880005.1,7502,0.01,7518446845.84375
16877,-10088437.125,5800,0.01,7506802273.15625
16878,-8780128.875,5411,0.01,6330240651.5625
16879,-9362525.1,5587,0.01,6276412695.65625
16880,-11675181.225,6239,0.01,6155089603.6875
16881,-21023467.6,8372,0.01,9872509789.46875
16882,-10773403.1,5994,0.01,9253484264.375
16883,-9518793.35,5634,0.01,6709473599.65625
16884,-6641278.0,4706,0.01,4812534505.75
16885,-2147538.475,2677,0.01,2302220993.6875
16886,-3370349.9250000003,3353,0.01,2278003531.484375
16887,-3349240.725,3342,0.01,2042735036.03125
16888,-11417096.5,6170,0.01,3230798615.375
16889,-5963989.0,4460,0.01,4038867489.0625
16890,-6860440.8,4783,0.01,4355344789.90625
16891,-7668980.475,5057,0.01,3690221786.78125
16892,-1461113.3,2208,0.01,1545879516.28125
16893,-13812885.25,6786,0.01,6370123682.625
16894,-4236649.225,3759,0.01,5114229951.75
16895,-6096570.1,4509,0.01,5157981441.21875
16896,-11731438.35,6254,0.01,5178186545.359375
16897,-10361395.924999999,5878,0.01,5018393893.84375
16898,-3748101.375,3536,0.01,4015077133.5
16899,-9386727.125,5595,0.01,5218977645.0625
16900,-8840231.975,5429,0.01,4605275698.0
16901,-19907510.475,8147,0.01,8305213095.71875
16902,-2927198.75,3125,0.01,6300876940.125
16903,-9818567.6,5722,0.01,9988344862.8125
16904,-2603962.1,2947,0.01,3025112076.0625
16905,-15555927.975,7202,0.01,5145574329.625
16906,-7533233.35,5012,0.01,6188840501.375
16907,-11510076.5,6195,0.01,8021642331.3125
16908,-23075422.999999996,8771,0.01,10746612820.125
16909,-1529557.6,2259,0.01,4651791004.125
16910,-10833362.125,6010,0.01,15303078293.125
16911,-2721543.1750000003,3013,0.01,6189447081.5625
16912,-4525178.0,3885,0.01,4767001944.96875
16913,-13728447.0,6766,0.01,6347129774.375
16914,-1955084.1,2554,0.01,2852683476.0625
16915,-6306390.25,4586,0.01,5719088353.0
16916,-4469199.75,3861,0.01,4335913256.90625
16917,-13411905.1,6687,0.01,4686452102.453125
16918,-15712964.049999999,7238,0.01,7880781045.8125
16919,-8118674.425,5203,0.01,7045859194.125
16920,-7811297.1,5104,0.01,7091440899.96875
16921,-1506136.1,2242,0.01,1818587401.78125
16922,-4041666.85,3672,0.01,3208786013.4375
16923,-4961725.925,4068,0.01,2836336042.453125
16924,-4843712.35,4019,0.01,2041013566.671875
16925,-13928606.875,6815,0.01,4671718127.609375
16926,-3346816.875,3341,0.01,3686626148.09375
16927,-5276705.0,4195,0.01,4999358429.75
16928,-4205922.125,3745,0.01,3917996185.28125
16929,-1378724.625,2145,0.01,1385661428.546875
16930,-11570446.375,6211,0.01,4144770469.953125
16931,-8012348.35,5169,0.01,5433708620.59375
16932,-8992933.375,5476,0.01,5376497857.6875
16933,-22031528.124999996,8570,0.01,9448347526.09375
16934,-4852635.3,4023,0.01,7289912609.34375
16935,-849290.475,1684,0.01,3577948821.375
16936,-14766451.35,7017,0.01,12406888793.375
16937,-2246472.3000000003,2738,0.01,4312312805.8125
16938,-2073421.0,2630,0.01,3090046845.96875
16939,-12862959.975,6549,0.01,6579156079.25
16940,-1562204.55,2283,0.01,2836547912.0625
16941,-4673896.425,3948,0.01,4705408659.0
16942,-9285361.225,5564,0.01,6045397658.4375
16943,-10393321.975,5887,0.01,4933916804.6875
16944,-6404857.1,4622,0.01,5137031805.875
16945,-6995788.375,4830,0.01,4848590383.125
16946,-3483883.35,3409,0.01,2691271556.625
16947,-2753028.0,3030,0.01,2445683559.171875
16948,-5930732.725,4447,0.01,3004507051.265625
16949,-11858065.049999999,6288,0.01,4242692279.140625
16950,-22552992.749999996,8671,0.01,9964586071.15625
16951,-6038967.8,4488,0.01,8075334573.0625
16952,-9435445.1,5609,0.01,10867088459.4375
16953,-604654.875,1421,0.01,1557527163.25
16954,-6422418.05,4628,0.01,4788002903.5
16955,-9418401.85,5604,0.01,5095374814.6875
16956,-10069450.85,5794,0.01,5066184802.75
16957,-4309257.5,3791,0.01,3701258540.125
16958,-7931553.175,5143,0.01,4451232517.296875
16959,-8378971.875,5286,0.01,4031269619.0
16960,-14416239.799999999,6933,0.01,6061586742.96875
16961,-15533161.75,7196,0.01,9127221224.3125
16962,-5126918.875,4135,0.01,6433241256.1875
16963,-25425918.725,9207,0.01,13760180919.71875
16964,-8221844.375,5236,0.01,8865148300.875
16965,-4949074.425,4063,0.01,10231345712.5625
16966,-13423868.5,6690,0.01,6643109652.6875
16967,-14927200.0,7055,0.01,7132592124.875
16968,-22656550.999999996,8691,0.01,12431471209.6875
16969,-17788077.874999996,7701,0.01,15371950750.1875
16970,-2672998.375,2986,0.01,6267611836.03125
16971,-6701342.1,4727,0.01,7042021991.84375
16972,-13038205.049999999,6593,0.01,6456761293.375
16973,-466251.425,1248,0.01,1360089370.53125
16974,-11445399.924999999,6178,0.01,8096693522.1875
16975,-1743614.975,2412,0.01,4095180639.375
16976,-3996288.75,3651,0.01,3770680585.375
16977,-3368469.225,3352,0.01,2735526979.625
16978,-10158894.5,5820,0.01,3034306032.234375
16979,-6782276.375,4756,0.01,4240008319.25
16980,-2665605.475,2982,0.01,2531238782.46875
16981,-14940796.924999999,7058,0.01,6541738772.0
16982,-18061637.124999996,7760,0.01,9959861184.59375
16983,-7181663.85,4894,0.01,7699235772.5625
16984,-2191816.975,2704,0.01,4910939497.4375
16985,-4335061.35,3802,0.01,5088398741.890625
16986,-7452572.375,4985,0.01,3816282600.515625
16987,-13055383.549999999,6598,0.01,4728013182.78125
16988,-18393003.5,7831,0.01,8195195959.46875
16989,-8404982.975,5294,0.01,8207650130.59375
16990,-4456319.125,3855,0.01,7436165092.0625
16991,-4398271.875,3830,0.01,4325640178.03125
16992,-4080268.475,3689,0.01,2955531167.578125
16993,-9693973.625,5685,0.01,3390288068.09375
16994,-3863777.5,3590,0.01,3018617027.1875
16995,-13278639.725,6654,0.01,6165566292.15625
16996,-34545965.35,10732,0.01,16182163867.96875
16997,-3314101.0,3325,0.01,7270421997.875
16998,-12999987.225,6584,0.01,11208899375.84375
16999,-2630237.475,2962,0.01,3594262514.75
17000,-15013393.5,7075,0.01,8576120784.46875
17001,-14830216.85,7032,0.01,8562388169.4375
17002,-7795070.8,5098,0.01,6400794502.96875
17003,-1389320.175,2153,0.01,1629493100.46875
17004,-3545489.475,3439,0.01,2840834290.0
17005,-5666703.475,4347,0.01,2922918393.40625
17006,-5141877.5,4141,0.01,2151435534.75
17007,-5945807.675,4453,0.01,2462098798.0
17008,-7753730.875,5085,0.01,3178569354.25
17009,-11275756.85,6132,0.01,4617634705.71875
17010,-1533661.85,2262,0.01,2239664094.15625
17011,-15532119.75,7196,0.01,7921697320.625
17012,-14775625.475,7019,0.01,8501477774.0
17013,-2051654.375,2616,0.01,4090747439.0
17014,-8759029.475,5404,0.01,4353895641.9375
17015,-44051154.05,12118,0.01,18658052321.25
17016,-9523668.25,5635,0.01,10940178604.65625
17017,-12345984.375,6416,0.01,19197551918.65625
17018,-14746734.225,7012,0.01,8936057519.09375
17019,-8913011.6,5452,0.01,6976897879.90625
17020,-7149778.8,4883,0.01,6617849110.03125
17021,-8682325.5,5381,0.01,4121225912.40625
17022,-11959944.375,6315,0.01,4874348816.25
17023,-7369650.475,4957,0.01,5140273075.875
17024,-9462558.725,5617,0.01,4960242235.78125
17025,-9699285.85,5687,0.01,4982835290.59375
17026,-9474618.875,5621,0.01,4976598702.40625
17027,-3688017.475,3507,0.01,3356865277.5
17028,-5816620.475,4404,0.01,4002230431.5625
17029,-6011322.975,4477,0.01,3414999051.59375
17030,-10734603.424999999,5983,0.01,4011002575.796875
17031,-7187718.625,4896,0.01,4244386648.6875
17032,-16303562.049999999,7373,0.01,7052429165.28125
17033,-21325277.224999998,8432,0.01,12288981938.0
17034,-2329983.0500000003,2788,0.01,5844894714.375
17035,-4827957.55,4013,0.01,7235608358.5
17036,-26491352.55,9398,0.01,12700811296.796875
17037,-8599613.0,5355,0.01,8613995836.90625
17038,-38263162.474999994,11294,0.01,17553384811.34375
17039,-5597029.625,4320,0.01,8677121213.8125
17040,-6320054.375,4591,0.01,7369947952.359375
17041,-2448442.3000000003,2858,0.01,2533841647.515625
17042,-2710603.475,3007,0.01,2490189722.75
17043,-4352717.75,3810,0.01,2228641211.640625
17044,-13487277.375,6706,0.01,3608735567.375
17045,-7070638.75,4856,0.01,4896522440.3125
17046,-3516451.625,3425,0.01,3439176915.625
17047,-3212965.6,3274,0.01,3024461946.4375
17048,-11299541.174999999,6138,0.01,3744335695.90625
17049,-7785656.375,5095,0.01,5114340480.125
17050,-5293957.475,4202,0.01,3655073172.21875
17051,-1706558.75,2386,0.01,1972614175.53125
17052,-6455739.5,4640,0.01,3463617841.75
17053,-6909281.125,4800,0.01,3387339563.484375
17054,-2717776.0,3011,0.01,2107884997.53125
17055,-5096278.1,4122,0.01,2976655779.9375
17056,-6580729.85,4684,0.01,3051671447.65625
17057,-18947339.174999997,7948,0.01,6462136009.671875
17058,-22024103.225,8569,0.01,13485242901.90625
17059,-7086040.125,4861,0.01,8908219380.21875
17060,-8830563.375,5426,0.01,11559920305.5
17061,-5951444.25,4455,0.01,4443797930.78125
17062,-12088690.35,6349,0.01,5631120140.890625
17063,-6377706.725,4612,0.01,4722206841.03125
17064,-1879117.725,2504,0.01,2379064067.03125
17065,-3185389.625,3260,0.01,3476021593.5
17066,-5156518.1,4147,0.01,2791763388.71875
17067,-2308600.625,2775,0.01,1443259579.84375
17068,-10805192.85,6002,0.01,3372068239.265625
17069,-21067358.5,8381,0.01,8634197445.125
17070,-15285628.225,7139,0.01,10689646653.90625
17071,-7484594.125,4996,0.01,7552940470.28125
17072,-19173049.499999996,7995,0.01,9057867201.15625
17073,-18210193.6,7792,0.01,12405407539.375
17074,-8690462.799999999,5383,0.01,7996416696.28125
17075,-13109940.875,6611,0.01,6501071871.59375
17076,-19009877.124999996,7961,0.01,9931223709.59375
17077,-8602210.25,5356,0.01,8255478323.625
17078,-12127811.725,6359,0.01,10939806657.4375
17079,-1812597.85,2459,0.01,3170106961.1875
17080,-19884355.099999998,8142,0.01,10335029288.4375
17081,-6381703.8,4613,0.01,6863970675.28125
17082,-790003.6,1624,0.01,2839786848.375
17083,-7043065.25,4846,0.01,7199193750.03125
17084,-10201345.35,5832,0.01,4913551638.5
17085,-10969613.424999999,6048,0.01,5704401556.3125
17086,-8959202.125,5466,0.01,6011029659.34375
17087,-1835087.225,2474,0.01,2651186117.28125
17088,-17375428.124999996,7611,0.01,8382985731.4375
17089,-10207332.1,5834,0.01,8397326650.4375
17090,-6607205.475,4694,0.01,6105462474.6875
17091,-2290122.35,2764,0.01,2158705390.3125
17092,-1993420.975,2579,0.01,2015122404.453125
17093,-8105856.975,5199,0.01,3055521696.734375
17094,-3340009.8000000003,3338,0.01,2425287443.828125
17095,-5137400.85,4139,0.01,2785342564.21875
17096,-8013316.975,5169,0.01,3380290560.109375
17097,-4680395.75,3951,0.01,2765484445.71875
17098,-3963558.25,3636,0.01,2411775716.3125
17099,-2104586.25,2650,0.01,2038696306.984375
17100,-4456070.875,3855,0.01,1928565602.265625
17101,-8532531.1,5334,0.01,2732630115.734375
17102,-17352361.874999996,7606,0.01,6352740318.421875
17103,-3461318.0500000003,3398,0.01,5158622249.625
17104,-6910497.0,4801,0.01,5400640077.34375
17105,-7226027.475,4909,0.01,4266129764.28125
17106,-8253756.125,5246,0.01,3830825732.96875
17107,-1054459.25,1876,0.01,1316031155.453125
17108,-9830053.25,5725,0.01,4632729522.125
17109,-7558120.0,5020,0.01,5136195305.4375
17110,-4813664.1,4007,0.01,3199425257.59375
17111,-2479898.0,2876,0.01,1876820474.265625
17112,-5818373.875,4405,0.01,2748062930.40625
17113,-3110466.625,3221,0.01,1823992185.34375
17114,-14977802.975,7067,0.01,4826061504.53125
17115,-4492338.5,3871,0.01,4746996649.75
17116,-1491906.5,2231,0.01,2409364802.8125
17117,-3329992.3000000003,3333,0.01,3344800255.4375
17118,-14028041.35,6839,0.01,4294975986.3984375
17119,-5052449.0,4105,0.01,4434244677.5
17120,-13068835.625,6601,0.01,6728299564.03125
17121,-8871713.85,5439,0.01,5821961971.9375
17122,-4595557.375,3915,0.01,5025522941.4375
17123,-11069200.375,6075,0.01,6364091219.1875
17124,-7747578.8,5083,0.01,4878080456.28125
17125,-14402063.375,6930,0.01,7121121178.875
17126,-6722649.125,4735,0.01,5777434550.84375
17127,-11817364.35,6277,0.01,8003053382.0
17128,-6423391.925,4628,0.01,4950049517.09375
17129,-8803504.924999999,5418,0.01,5494436359.9375
17130,-3873393.6,3594,0.01,2877584615.625
17131,-18323841.499999996,7816,0.01,6997849110.390625
17132,-3354760.5,3345,0.01,5317935967.3125
17133,-14718068.25,7005,0.01,10771474826.9375
17134,-26913444.849999998,9472,0.01,13418863270.375
17135,-2533060.85,2907,0.01,6463918966.3125
17136,-1148305.55,1958,0.01,4902164372.25
17137,-6903213.175,4798,0.01,10305701924.46875
17138,-4970118.25,4071,0.01,3073905217.765625
17139,-22359082.1,8634,0.01,7682536507.109375
17140,-13083717.875,6605,0.01,9725714576.4375
17141,-1873385.125,2500,0.01,6363214841.9375
17142,-4906355.625,4045,0.01,6376322315.84375
17143,-3544744.9250000003,3438,0.01,4087390684.734375
17144,-5696516.675,4358,0.01,2076546044.546875
17145,-9901869.5,5746,0.01,3678288233.578125
17146,-5025818.1,4094,0.01,3351163634.15625
17147,-4607134.875,3920,0.01,2698207332.09375
17148,-16007218.875,7306,0.01,5007758083.203125
17149,-1645165.8,2343,0.01,3133949766.125
17150,-19296783.125,8021,0.01,8874075437.46875
17151,-3478190.0,3406,0.01,5417966398.46875
17152,-13678953.299999999,6753,0.01,6491469682.71875
17153,-15149522.35,7107,0.01,7704448065.28125
17154,-19457606.474999998,8054,0.01,12022979512.3125
17155,-3463052.725,3399,0.01,6822271894.5625
17156,-4183415.0,3735,0.01,6478125735.1875
17157,-10458948.0,5905,0.01,7018964804.578125
17158,-18336831.725,7819,0.01,7550022433.53125
17159,-11613618.799999999,6223,0.01,10200437954.5625
17160,-8748597.125,5401,0.01,8805538355.46875
17161,-10086205.225,5799,0.01,6734475759.40625
17162,-24243079.874999996,8990,0.01,10953586014.0
17163,-4134492.4250000003,3713,0.01,7258267417.6875
17164,-7297924.05,4933,0.01,11316641176.0625
17165,-29547770.374999996,9925,0.01,12942284401.890625
17166,-9022101.875,5485,0.01,11982147772.5
17167,-1550091.1,2274,0.01,5849236500.6875
17168,-10204755.924999999,5833,0.01,7031673544.109375
17169,-2378898.35,2817,0.01,2841360482.28125
17170,-14192354.225,6879,0.01,7277196140.71875
17171,-6108946.225,4514,0.01,5680764455.4375
17172,-3537169.0,3435,0.01,3657937557.125
17173,-2383559.75,2820,0.01,2692488262.515625
17174,-8761655.125,5405,0.01,2564382600.65625
17175,-10778892.875,5995,0.01,4709954442.9375
17176,-2157574.1750000003,2683,0.01,2622618735.1875
17177,-6251880.0,4566,0.01,4723628532.15625
17178,-12089569.225,6349,0.01,5657588325.75
17179,-26087381.5,9326,0.01,11652685324.78125
17180,-29936436.999999996,9990,0.01,19502859163.3125
17181,-4916787.35,4049,0.01,7639534850.0
17182,-5150318.85,4144,0.01,6887369441.84375
17183,-17314012.599999998,7597,0.01,8049933169.265625
17184,-2602156.75,2946,0.01,4573278688.4375
17185,-1733755.75,2405,0.01,2789118955.1875
17186,-4494801.35,3872,0.01,3977569054.78125
17187,-7451501.0,4985,0.01,2650043578.703125
17188,-1415041.425,2173,0.01,1404746177.3125
17189,-9117795.1,5514,0.01,4073700289.09375
17190,-11029842.725,6064,0.01,5635644140.375
17191,-1534980.925,2263,0.01,2239277553.125
17192,-2836824.75,3076,0.01,3641783990.1875
17193,-6372445.875,4610,0.01,4787828536.96875
17194,-18322509.0,7816,0.01,5847381176.359375
17195,-8803268.549999999,5418,0.01,6984409913.125
17196,-7630441.975,5044,0.01,6368279783.78125
17197,-18033552.224999998,7754,0.01,7277132610.125
17198,-2176747.0,2695,0.01,4318484435.0625
17199,-18269609.0,7805,0.01,12106187205.0625
17200,-9662914.5,5676,0.01,6995697850.25
17201,-22078405.224999998,8579,0.01,9858009584.71875
17202,-18615379.174999997,7878,0.01,13147703343.625
17203,-3710610.9250000003,3518,0.01,6803485445.5625
17204,-2811843.4250000003,3063,0.01,5518604025.125
17205,-2285127.875,2761,0.01,5385430870.3125
17206,-8043716.1,5179,0.01,3034783751.859375
17207,-9940979.725,5757,0.01,4108132121.75
17208,-2714584.475,3009,0.01,2840243044.75
17209,-21717043.474999998,8509,0.01,9709146065.28125
17210,-6295541.225,4582,0.01,7999354467.1875
17211,-17314815.675,7598,0.01,12752137876.875
17212,-11646795.475,6232,0.01,8342386529.6875
17213,-2044771.975,2612,0.01,3739008138.125
17214,-5717174.125,4366,0.01,4596345094.875
17215,-6646574.175,4708,0.01,3300196499.484375
17216,-8229922.8,5238,0.01,3500206497.59375
17217,-16705612.299999999,7463,0.01,6195530115.75
17218,-6527557.0,4666,0.01,5993699032.28125
17219,-10329343.6,5869,0.01,7243680981.125
17220,-5319463.225,4212,0.01,4036792534.0
17221,-5699763.875,4360,0.01,3614089053.71875
17222,-10080874.174999999,5798,0.01,3967413056.6875
17223,-10880459.424999999,6023,0.01,5152821934.96875
17224,-4978978.625,4075,0.01,4749117082.28125
17225,-3825923.6,3572,0.01,3541998943.9375
17226,-10489533.6,5914,0.01,4822373784.4375
17227,-9340870.25,5581,0.01,4845358495.78125
17228,-1439365.875,2191,0.01,2153245430.40625
17229,-4747790.35,3979,0.01,4438931669.625
17230,-15325057.674999999,7148,0.01,6379567178.34375
17231,-13827360.375,6790,0.01,8830905037.6875
17232,-8858581.875,5435,0.01,6869884175.5625
17233,-4840401.3,4018,0.01,4932369051.625
17234,-12742008.424999999,6518,0.01,5550509798.515625
17235,-7340793.55,4948,0.01,5167518105.6875
17236,-1983898.175,2573,0.01,3017703469.1875
17237,-9912271.1,5749,0.01,6065760966.1875
17238,-25477584.374999996,9216,0.01,11386739130.21875
17239,-903736.35,1737,0.01,4134185177.125
17240,-3171758.1750000003,3253,0.01,6254693758.6875
17241,-1990317.85,2577,0.01,4824286275.5625
17242,-5923737.875,4445,0.01,4893975775.90625
17243,-8461363.975,5312,0.01,2847084327.21875
17244,-3937858.1,3624,0.01,2455929234.75
17245,-19383308.475,8039,0.01,6993756721.25
17246,-15951845.299999999,7293,0.01,10434341428.125
17247,-2090161.5,2641,0.01,5445703307.875
17248,-7473441.975,4992,0.01,4507732572.96875
17249,-11671734.924999999,6238,0.01,5008531335.40625
17250,-17765345.999999996,7696,0.01,7786666456.65625
17251,-13410714.225,6687,0.01,9031145441.84375
17252,-34106471.675,10663,0.01,16747873453.34375
17253,-25010244.374999996,9131,0.01,22750685633.46875
17254,-6124262.6,4519,0.01,10560284340.5625
17255,-2950662.475,3137,0.01,9015554981.875
17256,-5206805.1,4167,0.01,7608299411.5625
17257,-15110730.674999999,7098,0.01,5737766448.59375
17258,-12064177.225,6342,0.01,7304104400.84375
17259,-27681951.225,9607,0.01,14368581366.5625
17260,-12454834.475,6444,0.01,10422242395.34375
17261,-15166572.5,7111,0.01,13091199907.03125
17262,-13662040.725,6749,0.01,10635627349.375
17263,-6492602.925,4653,0.01,6874051521.75
17264,-3342321.6,3339,0.01,4789054566.5625
17265,-7461677.05,4988,0.01,4978397376.1875
17266,-10546987.375,5930,0.01,5110213726.25
17267,-16881680.349999998,7502,0.01,7649732227.78125
17268,-14482876.225,6949,0.01,9055822060.875
17269,-14379212.725,6924,0.01,9242047996.4375
17270,-3149075.625,3241,0.01,4627384706.6875
17271,-5487623.925,4278,0.01,6064507664.75
17272,-10530365.25,5926,0.01,5386841743.484375
17273,-37057422.25,11115,0.01,16037618705.8125
17274,-16863321.674999997,7498,0.01,22016421667.8125
17275,-29257007.624999996,9876,0.01,21497197013.1875
17276,-2010698.0,2590,0.01,6087972027.5625
17277,-1125324.05,1938,0.01,5262149639.9375
17278,-4828212.175,4013,0.01,10818815432.0
17279,-2434746.875,2850,0.01,3631725181.9375
17280,-9404341.625,5600,0.01,3101720931.984375
17281,-8714779.875,5391,0.01,4456133932.40625
17282,-14726601.225,7007,0.01,6358551292.625
17283,-9592794.125,5656,0.01,6561967253.40625
17284,-7016644.6,4837,0.01,6373017267.4375
17285,-7085528.5,4861,0.01,4244557352.5625
17286,-6062154.625,4496,0.01,3324678215.15625
17287,-12793478.125,6531,0.01,4708288692.875
17288,-3490949.85,3412,0.01,3422759467.15625
17289,-10161030.375,5821,0.01,4561271334.15625
17290,-23326220.475,8819,0.01,8901544501.84375
17291,-10994262.625,6055,0.01,9986190565.4375
17292,-7448526.225,4984,0.01,8554726246.0625
17293,-10842887.049999999,6013,0.01,5588895354.9375
17294,-1484774.125,2226,0.01,2194687664.21875
17295,-20527626.925,8273,0.01,8815027907.28125
17296,-25939696.625,9300,0.01,13825177235.875
17297,-3337834.6,3337,0.01,7188351453.0625
17298,-12569930.6,6474,0.01,7657708187.6875
17299,-9783692.225,5712,0.01,6141247136.125
17300,-6111664.125,4515,0.01,4587432976.15625
17301,-9213897.049999999,5543,0.01,3911002704.640625
17302,-9041530.625,5491,0.01,4306760686.90625
17303,-7964166.925,5153,0.01,4241248314.0
17304,-8989403.375,5475,0.01,4324754272.1875
17305,-6683048.375,4721,0.01,3970181421.8125
17306,-4135655.6,3714,0.01,2732326368.78125
17307,-2696160.35,2999,0.01,1950777017.5
17308,-4155812.9250000003,3723,0.01,2052525264.78125
17309,-20315472.25,8230,0.01,5856400364.015625
17310,-6590964.8,4688,0.01,7866393626.84375
17311,-16925062.6,7512,0.01,12338630396.5625
17312,-15564931.975,7204,0.01,9198747699.15625
17313,-1514180.175,2248,0.01,3664937218.25
17314,-13459345.975,6699,0.01,10419730219.6875
17315,-3641058.375,3485,0.01,4784109512.6875
17316,-2353281.35,2802,0.01,2648427543.15625
17317,-17188616.624999996,7570,0.01,6471282577.25
17318,-43997239.125,12111,0.01,22220381673.5
17319,-4037332.475,3669,0.01,7870497106.0625
17320,-9792289.85,5714,0.01,11098066581.5
17321,-13251610.6,6647,0.01,7421729503.25
17322,-3551449.35,3442,0.01,4031739497.9375
17323,-8090254.1,5194,0.01,6252053328.3125
17324,-6846941.05,4778,0.01,4237935371.359375
17325,-5887999.625,4431,0.01,3382294839.4375
17326,-8884866.424999999,5443,0.01,3736025225.453125
17327,-2430393.85,2847,0.01,2318800921.40625
17328,-2297430.3000000003,2768,0.01,2167215090.75
17329,-3644265.625,3486,0.01,2423815167.171875
17330,-4993381.25,4081,0.01,1897989675.34375
17331,-8137353.725,5209,0.01,2681990667.171875
17332,-3926446.475,3619,0.01,2502689938.84375
17333,-6610068.125,4695,0.01,3124907302.359375
17334,-16455727.1,7407,0.01,5619907216.046875
17335,-5186212.725,4159,0.01,5393029806.25
17336,-9729531.875,5696,0.01,7897405630.75
17337,-6705894.1,4729,0.01,4118671619.5
17338,-9341842.875,5581,0.01,4519776686.6875
17339,-6604811.55,4693,0.01,3844405450.8125
17340,-16045589.975,7314,0.01,6414991674.6875
17341,-6096532.225,4509,0.01,5928618308.75
17342,-8740071.225,5399,0.01,5881035540.84375
17343,-6725567.25,4736,0.01,3974253423.40625
17344,-14386936.875,6926,0.01,5531041378.171875
17345,-10876581.6,6022,0.01,6863152298.84375
17346,-11155916.35,6099,0.01,7465586604.53125
17347,-3020145.35,3174,0.01,3536554227.8125
17348,-9785139.975,5712,0.01,6829517365.4375
17349,-10068533.1,5794,0.01,5695657028.59375
17350,-6753889.5,4746,0.01,4394004967.78125
17351,-10866954.375,6020,0.01,5848043532.09375
17352,-6161854.425,4533,0.01,4396424871.1875
17353,-7908031.75,5135,0.01,5299779374.09375
17354,-12672032.75,6500,0.01,5228998913.125
17355,-2628529.125,2961,0.01,3017859210.09375
17356,-25856092.099999998,9284,0.01,12573143887.9375
17357,-20325985.349999998,8232,0.01,15627361092.15625
17358,-8703296.6,5387,0.01,10304764553.09375
17359,-9052380.975,5494,0.01,8865095669.6875
17360,-8535612.875,5335,0.01,4912870677.53125
17361,-15896638.5,7280,0.01,7219803391.625
17362,-12934658.6,6567,0.01,8206364977.5
17363,-14225642.225,6887,0.01,8743151749.03125
17364,-13600935.975,6734,0.01,9963531132.375
17365,-14232948.1,6889,0.01,9348738606.09375
17366,-20632978.599999998,8294,0.01,12358571805.34375
17367,-7908652.125,5135,0.01,7908412249.65625
17368,-8671423.975,5377,0.01,9553232129.03125
17369,-1858422.25,2490,0.01,2532948291.625
17370,-3693753.5,3510,0.01,3910545154.375
17371,-7119365.675,4873,0.01,3069338039.09375
17372,-14848853.875,7036,0.01,5264736796.09375
17373,-3153028.4250000003,3243,0.01,4207290409.5
17374,-935540.475,1767,0.01,2361434909.4375
17375,-8871905.85,5439,0.01,7381975902.59375
17376,-12896207.6,6557,0.01,5678597713.1875
17377,-2942431.8000000003,3133,0.01,3569888542.75
17378,-6626746.0,4701,0.01,5178866392.5625
17379,-9672442.725,5679,0.01,5179599745.140625
17380,-5337520.6,4219,0.01,3716426838.21875
17381,-1557966.75,2280,0.01,1998888147.09375
17382,-3391211.5500000003,3363,0.01,3298388411.3125
17383,-8137745.725,5209,0.01,3133027390.75
17384,-15236849.299999999,7128,0.01,5809770037.46875
17385,-4311121.975,3792,0.01,4896524211.25
17386,-10481577.225,5912,0.01,8126693859.0625
17387,-7472129.35,4992,0.01,4817490537.1875
17388,-16116390.875,7330,0.01,7102921653.625
17389,-18662610.299999997,7888,0.01,10669289797.65625
17390,-17682518.549999997,7678,0.01,12544925737.8125
17391,-5789039.975,4394,0.01,8176157809.03125
17392,-8982399.424999999,5473,0.01,9588748287.375
17393,-17473418.925,7633,0.01,7204931121.46875
17394,-17257589.999999996,7585,0.01,11351004381.625
17395,-3477411.625,3406,0.01,6464325789.8125
17396,-7681030.375,5061,0.01,7920972770.9375
17397,-3845591.125,3581,0.01,3198097613.6875
17398,-10844140.549999999,6013,0.01,4509760692.171875
17399,-5074285.475,4114,0.01,4041087514.09375
17400,-1135930.1,1947,0.01,1813204776.65625
17401,-3596928.225,3464,0.01,3817803442.78125
17402,-1502219.975,2239,0.01,1390535344.296875
17403,-5959582.425,4458,0.01,2156881750.859375
17404,-4947499.225,4062,0.01,2214263990.78125
17405,-4027473.5,3665,0.01,1921922939.234375
17406,-9823585.174999999,5723,0.01,3458541150.0
17407,-12154486.125,6366,0.01,5399676786.75
17408,-10463841.6,5907,0.01,6851915754.5625
17409,-12401513.5,6430,0.01,7638794121.71875
17410,-4724132.225,3969,0.01,5222152713.0
17411,-3708816.6,3517,0.01,3530472464.375
17412,-20618543.624999996,8291,0.01,8338152042.796875
17413,-2036732.35,2607,0.01,4651814602.8125
17414,-12550338.35,6469,0.01,9699879830.75
17415,-7353464.975,4952,0.01,5222634913.5625
17416,-9270257.625,5560,0.01,4108683984.109375
17417,-9219599.75,5545,0.01,4434320129.875
17418,-587686.375,1401,0.01,1271550163.875
17419,-15632081.1,7219,0.01,8056545782.03125
17420,-8765028.25,5406,0.01,6996646919.46875
17421,-4366610.625,3816,0.01,4814072775.8125
17422,-14333408.924999999,6913,0.01,6229050962.21875
17423,-20573416.225,8282,0.01,10102754414.15625
17424,-3161388.475,3247,0.01,7080840275.5
17425,-9374096.25,5590,0.01,11349165499.75
17426,-15457960.85,7179,0.01,7177817325.90625
17427,-9355518.625,5585,0.01,7061891006.84375
17428,-4162492.25,3726,0.01,5474425894.4375
17429,-9953462.625,5761,0.01,4888784647.71875
17430,-13780212.299999999,6778,0.01,6010660211.875
17431,-8414046.225,5297,0.01,6755643309.9375
17432,-3262680.1,3299,0.01,4239678094.46875
17433,-6353294.425,4603,0.01,4589660765.0625
17434,-12212675.125,6381,0.01,5400294172.171875
17435,-14811880.6,7027,0.01,7994750607.40625
17436,-2400031.875,2830,0.01,3976382236.5
17437,-3244267.375,3290,0.01,3870547683.0625
17438,-3634914.725,3482,0.01,4353079805.3125
17439,-6828598.6,4772,0.01,2148067790.8828125
17440,-1080273.6,1899,0.01,1035212827.109375
17441,-30302092.0,10051,0.01,12217229625.671875
17442,-21432500.799999997,8453,0.01,14320211259.03125
17443,-1349355.1,2122,0.01,6085073428.5
17444,-15443213.0,7176,0.01,9635789555.75
17445,-6088358.75,4506,0.01,6052685821.96875
17446,-11176530.625,6105,0.01,5098311412.75
17447,-19523174.925,8068,0.01,7950551540.375
17448,-5682967.55,4353,0.01,6496912331.0
17449,-7772178.0,5091,0.01,5030836656.40625
17450,-10728845.0,5981,0.01,4787108210.0625
17451,-5400430.975,4244,0.01,4103500472.90625
17452,-4281742.225,3779,0.01,3093261275.03125
17453,-4633283.375,3931,0.01,2567428028.453125
17454,-3201637.9250000003,3268,0.01,1805425747.828125
17455,-18627773.0,7881,0.01,5932980142.625
17456,-25375658.3,9198,0.01,13981155621.8125
17457,-2171005.0,2691,0.01,6309994005.5625
17458,-11076943.975,6077,0.01,11448457637.96875
17459,-7567618.675,5023,0.01,6157997552.1875
17460,-19195911.5,8000,0.01,8697574315.40625
17461,-4586569.25,3911,0.01,5839235340.0
17462,-13241130.1,6644,0.01,11758263241.84375
17463,-9693108.25,5685,0.01,6337532110.75
17464,-7775887.725,5092,0.01,5328419756.59375
17465,-4562384.875,3901,0.01,2951288448.03125
17466,-3484498.35,3409,0.01,2391831944.78125
17467,-1446609.85,2197,0.01,1510027850.984375
17468,-4467990.0,3860,0.01,2015083986.6875
17469,-10812530.85,6004,0.01,3493385787.03125
17470,-4343429.5,3806,0.01,3311725280.625
17471,-5319942.1,4212,0.01,3813007228.5625
17472,-3024362.625,3176,0.01,2528113524.40625
17473,-14997028.25,7071,0.01,4491658968.875
17474,-3176615.625,3255,0.01,4257788452.5625
17475,-16257752.225,7362,0.01,10326228219.6875
17476,-22547829.374999996,8670,0.01,11775009967.15625
17477,-2544199.9250000003,2913,0.01,6575011678.6875
17478,-18319209.999999996,7815,0.01,17309406312.5
17479,-11483292.549999999,6188,0.01,10386358469.6875
17480,-10788634.424999999,5998,0.01,8888971063.6875
17481,-12752486.75,6521,0.01,7246742016.71875
17482,-6059356.125,4495,0.01,5862269675.625
17483,-5406045.875,4246,0.01,5497354999.3125
17484,-3752463.5500000003,3538,0.01,2708266742.15625
17485,-4550813.75,3896,0.01,2666523026.640625
17486,-6478949.8,4648,0.01,2728887966.90625
17487,-2669187.85,2984,0.01,1635622081.015625
17488,-2265176.475,2749,0.01,1641004357.609375
17489,-4775411.875,3991,0.01,2324999643.640625
17490,-5025778.35,4094,0.01,1790117543.390625
17491,-7233484.625,4911,0.01,2481646471.9375
17492,-8139937.25,5210,0.01,3583769962.515625
17493,-9634579.299999999,5668,0.01,4793432816.96875
17494,-4053966.1,3677,0.01,3697597543.375
17495,-10865758.225,6019,0.01,5935021597.125
17496,-2165990.8000000003,2688,0.01,2690497047.3125
17497,-3639063.6,3484,0.01,3576269290.625
17498,-4093085.75,3695,0.01,3756632768.640625
17499,-4630503.5,3930,0.01,1998201792.171875
17500,-1709498.675,2388,0.01,1337568424.3125
17501,-6873522.05,4788,0.01,2486934692.921875
17502,-2848053.35,3082,0.01,1884380224.0625
17503,-1147213.975,1957,0.01,1132153589.78125
17504,-10001965.125,5775,0.01,3010682850.8125
17505,-10063749.049999999,5793,0.01,4919405192.71875
17506,-15226351.75,7125,0.01,6496020534.65625
17507,-2222406.3000000003,2723,0.01,3910659539.8125
17508,-5753348.375,4380,0.01,6233342939.1875
17509,-9188373.625,5535,0.01,6423487117.59375
17510,-14681693.375,6996,0.01,6002851805.03125
17511,-9238011.0,5550,0.01,7428226904.0
17512,-8385590.55,5288,0.01,6659338904.1875
17513,-10509313.625,5920,0.01,4731869325.875
17514,-17105904.85,7552,0.01,7524070645.1875
17515,-2710180.1,3007,0.01,4600945221.8125
17516,-5441155.625,4260,0.01,5579482336.5625
17517,-4980660.5,4075,0.01,4297132501.90625
17518,-7307886.875,4936,0.01,2442790670.5625
17519,-11436810.5,6175,0.01,4481450569.609375
17520,-13675562.225,6752,0.01,6597958793.875
17521,-3430458.1,3382,0.01,4742796075.9375
17522,-6541249.25,4670,0.01,5709721773.84375
17523,-18576852.125,7870,0.01,7616515029.34375
17524,-4998354.3,4083,0.01,5863327655.28125
17525,-9616573.674999999,5663,0.01,9593348723.625
17526,-14350043.975,6917,0.01,6492354866.46875
17527,-25636299.875,9245,0.01,13550372606.375
17528,-8543189.1,5337,0.01,11922463096.125
17529,-18780559.675,7913,0.01,14802145087.5625
17530,-2121871.75,2661,0.01,4816998633.75
17531,-13825591.375,6790,0.01,12313215809.625
17532,-4220774.725,3752,0.01,4848888394.9375
17533,-9138060.25,5520,0.01,4366765682.734375
17534,-6841830.625,4776,0.01,4088444919.8125
17535,-13752200.875,6771,0.01,5916756186.84375
17536,-5863164.475,4422,0.01,5377544479.21875
17537,-6662263.05,4713,0.01,5969428125.1875
17538,-3619000.725,3474,0.01,2882839695.125
17539,-15342536.725,7152,0.01,5693003886.234375
17540,-15294252.25,7141,0.01,8552132437.03125
17541,-4407546.35,3834,0.01,6031104767.25
17542,-8545200.174999999,5338,0.01,7553208256.8125
17543,-11954781.549999999,6313,0.01,5493522051.0625
17544,-9795512.75,5715,0.01,5623993865.125
17545,-23813398.999999996,8910,0.01,11304140537.34375
17546,-12232768.125,6386,0.01,9764264815.5
17547,-540128.9249999999,1343,0.01,2960211263.3125
17548,-32840603.424999997,10463,0.01,21204829697.59375
17549,-15449250.475,7177,0.01,17750712203.25
17550,-9331512.549999999,5578,0.01,10817756691.78125
17551,-15095409.1,7094,0.01,10291887738.3125
17552,-2385736.125,2821,0.01,4472966275.9375
17553,-6385693.875,4615,0.01,6666727610.1875
17554,-2375845.375,2815,0.01,3278631116.578125
17555,-17205827.35,7574,0.01,5970367562.15625
17556,-11707536.049999999,6248,0.01,7977237570.84375
17557,-13417373.85,6689,0.01,8534213289.15625
17558,-14485422.975,6949,0.01,8713742407.0625
17559,-4560350.375,3900,0.01,6030809010.3125
17560,-3668367.0500000003,3498,0.01,4332582048.03125
17561,-6731927.05,4738,0.01,4268175296.46875
17562,-3697618.725,3512,0.01,2410538437.765625
17563,-13674334.975,6752,0.01,4538230217.453125
17564,-4573404.125,3906,0.01,4188781247.875
17565,-7187600.0,4896,0.01,3822287193.53125
17566,-9537204.975,5639,0.01,3731076969.328125
17567,-8106922.475,5199,0.01,3934263760.1875
17568,-8147564.1,5212,0.01,4248475251.40625
17569,-2819992.35,3067,0.01,2927231099.96875
17570,-11729801.6,6254,0.01,5589872343.90625
17571,-19148986.749999996,7990,0.01,8325139425.9375
17572,-7464929.725,4989,0.01,8981690019.0625
17573,-17248259.549999997,7583,0.01,12428637123.5
17574,-5431219.25,4256,0.01,6117268884.1875
17575,-2941985.1750000003,3133,0.01,4541914341.3125
17576,-8903222.725,5449,0.01,5909592287.515625
17577,-8963987.35,5467,0.01,4791473371.71875
17578,-7615631.725,5039,0.01,4229617684.15625
17579,-7376026.975,4959,0.01,4190900501.84375
17580,-2701165.225,3002,0.01,2115316610.96875
17581,-4133228.6750000003,3713,0.01,2502842445.25
17582,-9971345.5,5766,0.01,3414194109.9375
17583,-12426226.35,6437,0.01,5546294524.71875
17584,-5400003.975,4244,0.01,5043043252.40625
17585,-7164468.925,4888,0.01,5459128389.65625
17586,-7999311.25,5165,0.01,4323188830.09375
17587,-5330442.875,4216,0.01,3199153744.84375
17588,-10623071.975,5952,0.01,4868831205.21875
17589,-1770224.5,2430,0.01,2424743130.15625
17590,-8661773.225,5374,0.01,6180713757.5625
17591,-11316913.299999999,6143,0.01,6052415600.6875
17592,-9664339.975,5677,0.01,6096043546.15625
17593,-12185242.85,6374,0.01,6874154097.59375
17594,-15124861.25,7101,0.01,7617551110.0625
17595,-6637693.5,4705,0.01,6033102726.09375
17596,-14227823.924999999,6888,0.01,8369546293.40625
17597,-4284111.125,3780,0.01,4595299902.1875
17598,-16626932.0,7446,0.01,8033125120.0625
17599,-10987843.424999999,6053,0.01,7501755708.0625
17600,-8969486.1,5469,0.01,7472892109.65625
17601,-19639338.85,8092,0.01,9104345341.34375
17602,-9200561.6,5539,0.01,9186099087.75
17603,-39033642.974999994,11407,0.01,22353124954.0
17604,-13917834.225,6812,0.01,15303957756.59375
17605,-5359569.175,4228,0.01,12836408730.3125
17606,-1455279.725,2204,0.01,3288218593.15625
17607,-5325993.1,4214,0.01,5139058506.34375
17608,-10236148.85,5842,0.01,4198467554.671875
17609,-3683068.125,3505,0.01,3024666691.53125
17610,-9265145.549999999,5558,0.01,5357788106.34375
17611,-1286335.6,2072,0.01,1934004604.375
17612,-1794653.975,2447,0.01,2319009701.3125
17613,-14899005.299999999,7048,0.01,6462348670.4375
17614,-13493122.6,6707,0.01,8062523496.125
17615,-4171294.75,3730,0.01,5761295080.0
17616,-7512221.5,5005,0.01,5770745981.375
17617,-13306648.375,6661,0.01,5517623630.0
17618,-23806739.224999998,8909,0.01,10522004861.53125
17619,-8513286.049999999,5328,0.01,11552853786.25
17620,-17075378.999999996,7545,0.01,13710134239.90625
17621,-8930476.1,5457,0.01,8696647267.1875
17622,-9585782.049999999,5653,0.01,8372831852.53125
17623,-24292209.849999998,8999,0.01,9874013789.5625
17624,-17732254.475,7689,0.01,17017600437.78125
17625,-15875047.625,7275,0.01,12322429373.0
17626,-8427320.375,5301,0.01,9545310958.5
17627,-9709547.25,5690,0.01,8243776260.78125
17628,-10238208.299999999,5843,0.01,5907509596.40625
17629,-14519077.225,6957,0.01,6998147614.75
17630,-6348515.125,4601,0.01,5626592836.25
17631,-12527055.299999999,6463,0.01,6624005855.15625
17632,-10124796.0,5810,0.01,6608765239.875
17633,-7240978.225,4914,0.01,5901033254.21875
17634,-26238784.55,9353,0.01,11279747067.875
17635,-19591552.35,8082,0.01,17364602940.4375
17636,-18270871.125,7805,0.01,13180992383.75
17637,-6638381.125,4705,0.01,8401121991.6875
17638,-8534276.725,5334,0.01,10077065712.75
17639,-7882461.725,5127,0.01,4699394646.40625
17640,-10770796.674999999,5993,0.01,4935625942.0625
17641,-13381973.375,6680,0.01,6208903090.53125
17642,-14454875.85,6942,0.01,7541393695.0625
17643,-10376181.35,5882,0.01,7097620583.1875
17644,-5839551.675,4413,0.01,5946507984.03125
17645,-14106277.424999999,6858,0.01,6905905515.28125
17646,-6708004.25,4730,0.01,5982670441.125
17647,-22639551.05,8688,0.01,11126871030.125
17648,-10818547.5,6006,0.01,8949258410.34375
17649,-5156071.1,4147,0.01,8625665638.625
17650,-1509035.1,2244,0.01,2766038639.875
17651,-15481542.625,7185,0.01,7416141011.25
17652,-2130372.125,2666,0.01,3857396264.75
17653,-3245310.5,3290,0.01,4248569833.875
17654,-8796533.0,5416,0.01,5818882154.734375
17655,-6355425.85,4604,0.01,3371072691.75
17656,-3673924.125,3501,0.01,2195326463.65625
17657,-5340718.25,4220,0.01,2586829335.203125
17658,-10345308.924999999,5873,0.01,3445455885.515625
17659,-25893534.874999996,9291,0.01,10348813777.0625
17660,-7117128.35,4872,0.01,8572670372.34375
17661,-12810884.375,6536,0.01,11962058446.28125
17662,-4503152.375,3875,0.01,4268511394.15625
17663,-4926219.3,4053,0.01,3551764507.875
17664,-2886337.8000000003,3103,0.01,2300096742.15625
17665,-17699438.35,7682,0.01,5601917866.171875
17666,-13688788.125,6756,0.01,9463834554.75
17667,-4034681.1750000003,3668,0.01,6141698583.625
17668,-2523440.75,2901,0.01,3985680227.78125
17669,-5480161.625,4275,0.01,5547862408.9375
17670,-11206865.299999999,6113,0.01,4165760514.328125
17671,-5314539.0,4210,0.01,3965904715.125
17672,-2501062.6750000003,2888,0.01,2517133625.53125
17673,-6627655.75,4701,0.01,3252979371.875
17674,-6122102.3,4518,0.01,2721461713.09375
17675,-6830906.175,4773,0.01,3062579114.3125
17676,-5571683.25,4310,0.01,2854458698.625
17677,-5740720.625,4375,0.01,3139245698.546875
17678,-28873120.374999996,9811,0.01,10773037400.265625
17679,-11130064.85,6092,0.01,13020088114.0625
17680,-13830975.5,6791,0.01,13304864593.90625
17681,-13291559.975,6657,0.01,8282566878.90625
17682,-9908804.799999999,5748,0.01,6904955481.84375
17683,-3020581.85,3174,0.01,4141538214.625
17684,-9794740.5,5715,0.01,5994283596.28125
17685,-3849547.6750000003,3583,0.01,3722694599.96875
17686,-14650796.6,6989,0.01,6661914324.96875
17687,-21428267.849999998,8452,0.01,10865832337.09375
17688,-5791903.75,4395,0.01,7806426985.8125
17689,-14184300.975,6877,0.01,10531182848.8125
17690,-8585786.25,5351,0.01,6111650324.25
17691,-15588100.225,7209,0.01,7468236868.8125
17692,-11115746.674999999,6088,0.01,7425729128.09375
17693,-5623692.75,4331,0.01,5622819569.9375
17694,-7861761.875,5120,0.01,5091065572.3125
17695,-12254532.6,6392,0.01,5311295304.75
17696,-3125536.975,3229,0.01,3656688171.59375
17697,-6087932.625,4506,0.01,5084374406.4375
17698,-6375850.0,4611,0.01,3772853733.5
17699,-6286844.975,4579,0.01,2892066484.734375
17700,-4699521.1,3959,0.01,2483102308.625
17701,-3561660.6,3447,0.01,1957788699.15625
17702,-10130582.475,5812,0.01,3498477976.765625
17703,-8424623.125,5300,0.01,4657270202.5
17704,-9021235.75,5485,0.01,5183785760.9375
17705,-14700579.125,7001,0.01,6360312446.5
17706,-7777814.925,5093,0.01,6068258945.375
17707,-997504.0,1825,0.01,2067923885.9375
17708,-4806789.6,4004,0.01,4447479664.53125
17709,-4918303.0,4050,0.01,3394145828.375
17710,-15916943.75,7285,0.01,5077682443.96875
17711,-3788811.225,3554,0.01,4911351131.0
17712,-7220643.725,4907,0.01,6961873777.90625
17713,-18729427.099999998,7902,0.01,7650012375.046875
17714,-7641039.55,5048,0.01,6947828753.96875
17715,-5765262.625,4385,0.01,6733662715.0
17716,-9373584.5,5591,0.01,4513462186.90625
17717,-2083982.1,2637,0.01,2036984675.8125
17718,-4011264.8000000003,3658,0.01,3015522148.5625
17719,-6766904.75,4750,0.01,3210440324.203125
17720,-8183564.725,5224,0.01,3399604359.46875
17721,-5560767.875,4306,0.01,3456012413.75
17722,-8849976.1,5432,0.01,4433807503.21875
17723,-9804918.799999999,5718,0.01,4671341445.875
17724,-6381392.425,4613,0.01,4796698220.09375
17725,-13121222.1,6614,0.01,5148259725.71875
17726,-11192284.35,6109,0.01,6376970806.875
17727,-17704364.425,7683,0.01,9730807148.53125
17728,-8888699.85,5444,0.01,7656825851.9375
17729,-18824407.099999998,7922,0.01,10992532761.28125
17730,-26503736.874999996,9400,0.01,14577351257.78125
17731,-5215859.375,4171,0.01,7702041578.3125
17732,-12234668.975,6387,0.01,5772619275.828125
17733,-26696313.599999998,9434,0.01,11221852995.875
17734,-5118589.1,4132,0.01,7972997808.125
17735,-3937119.3000000003,3623,0.01,5216031735.875
17736,-2430894.475,2847,0.01,3490194703.53125
17737,-7773639.0,5091,0.01,2958929295.953125
17738,-9148435.924999999,5523,0.01,4330405777.90625
17739,-19196670.749999996,8000,0.01,7976751112.625
17740,-16971069.224999998,7522,0.01,12111883418.84375
17741,-5434101.35,4257,0.01,7844092769.6875
17742,-1682424.975,2369,0.01,3993417793.25
17743,-13641632.35,6744,0.01,9701499475.125
17744,-2001527.975,2584,0.01,3586351756.4375
17745,-16275176.125,7366,0.01,10449830694.3125
17746,-13364301.5,6675,0.01,9163589050.59375
17747,-6570083.5,4681,0.01,7349591785.65625
17748,-2715944.625,3010,0.01,3534753208.65625
17749,-12126276.424999999,6358,0.01,6463974249.875
17750,-20747501.85,8317,0.01,9912105879.625
17751,-7525681.375,5010,0.01,8242347253.375
17752,-5818199.625,4405,0.01,6788679611.75
17753,-3699964.8000000003,3513,0.01,3381645288.21875
17754,-11621545.25,6225,0.01,4906421875.921875
17755,-3543001.0500000003,3438,0.01,3502684568.625
17756,-3294565.125,3315,0.01,2716666281.53125
17757,-1495700.35,2234,0.01,2123136993.0625
17758,-2116261.975,2657,0.01,1392144085.15625
17759,-6818164.3,4768,0.01,1835561078.4296875
17760,-12509126.174999999,6458,0.01,4068095526.015625
17761,-6147947.175,4528,0.01,4583245183.53125
17762,-6095154.3,4508,0.01,4885286339.3125
17763,-3379572.1,3357,0.01,2696601616.453125
17764,-15059421.0,7086,0.01,5567153237.9375
17765,-10136767.975,5814,0.01,6508927587.125
17766,-3914022.5500000003,3613,0.01,4563561109.875
17767,-6961916.8,4818,0.01,4421346661.125
17768,-2685197.9250000003,2993,0.01,2630210197.484375
17769,-8198934.475,5229,0.01,3342871524.703125
17770,-5444522.625,4261,0.01,3345323939.34375
17771,-16398091.475,7394,0.01,6247394941.0625
17772,-9099196.299999999,5508,0.01,7423998232.3125
17773,-14326458.75,6911,0.01,9025414540.71875
17774,-8331158.125,5271,0.01,6140833272.84375
17775,-6643409.6,4707,0.01,5393411114.78125
17776,-4805045.05,4003,0.01,3201060910.8125
17777,-2177210.5,2695,0.01,1814893672.6875
17778,-16853422.874999996,7496,0.01,6071932709.734375
17779,-13989708.75,6830,0.01,8499261231.25
17780,-2873768.625,3096,0.01,4937933172.875
17781,-19005845.999999996,7960,0.01,9662098127.46875
17782,-82085902.475,16542,0.01,37084339257.53125
17783,-2167648.725,2689,0.01,8735037730.0
17784,-6222171.375,4555,0.01,54789746297.5
17785,-3754968.1,3539,0.01,25169573729.984375
17786,-4307664.875,3790,0.01,4560921487.96875
17787,-3397035.25,3366,0.01,3106283027.828125
17788,-8255847.725,5247,0.01,3059527645.734375
17789,-20683188.474999998,8304,0.01,7099382633.6875
17790,-13759193.049999999,6773,0.01,9087038573.28125
17791,-3614034.35,3472,0.01,5640327857.4375
17792,-8797019.375,5416,0.01,7405276539.9375
17793,-2703686.1750000003,3003,0.01,3053733051.34375
17794,-2710687.225,3007,0.01,2819073926.625
17795,-3457791.625,3396,0.01,2810675224.65625
17796,-8427831.625,5301,0.01,2567246359.21875
17797,-10862487.924999999,6018,0.01,4776804004.0625
17798,-6056432.225,4494,0.01,4497965569.75
17799,-10855361.875,6016,0.01,6201426020.59375
17800,-3082071.125,3206,0.01,3125227229.375
17801,-1514430.05,2248,0.01,2651363381.8125
17802,-4740245.875,3976,0.01,3615769509.21875
17803,-12127395.35,6359,0.01,3717308127.578125
17804,-3996195.625,3651,0.01,3574216882.65625
17805,-6168642.25,4536,0.01,3634766421.4375
17806,-7619655.5,5041,0.01,3586582274.75
17807,-2216620.1,2719,0.01,1890815393.34375
17808,-6650853.1,4709,0.01,2969045576.734375
17809,-5359900.05,4228,0.01,2931441746.71875
17810,-7385879.675,4963,0.01,3043905312.8125
17811,-8840677.1,5429,0.01,3926645494.125
17812,-1980016.0,2570,0.01,1949913818.75
17813,-13879220.299999999,6803,0.01,5398054363.046875
17814,-5149490.35,4144,0.01,4826709944.25
17815,-6092743.8,4508,0.01,3610582267.21875
17816,-3142500.0500000003,3238,0.01,2281036725.78125
17817,-2955787.25,3140,0.01,1731842813.265625
17818,-5742388.5,4376,0.01,2050276788.140625
17819,-8395777.5,5291,0.01,2856879864.0
17820,-8993823.375,5476,0.01,4125616028.96875
17821,-8325528.6,5269,0.01,4797793967.03125
17822,-3920205.125,3616,0.01,3613663877.65625
17823,-2610185.25,2951,0.01,2696630901.0
17824,-6668629.125,4716,0.01,3399212180.578125
17825,-5717993.6,4367,0.01,2599678249.75
17826,-3477249.375,3405,0.01,2050085692.703125
17827,-16350163.424999999,7383,0.01,5534649557.53125
17828,-9279933.975,5562,0.01,7767279792.625
17829,-13025130.75,6590,0.01,7833678519.25
17830,-7022642.725,4839,0.01,5244085058.375
17831,-6385016.85,4614,0.01,4317918466.78125
17832,-24876873.099999998,9107,0.01,9409941626.109375
17833,-2858646.8000000003,3088,0.01,6227304628.375
17834,-3069416.625,3200,0.01,7267300447.5625
17835,-2359619.25,2806,0.01,6537087319.5
17836,-3892300.0500000003,3603,0.01,2455233211.21875
17837,-3117743.875,3225,0.01,1320535224.359375
17838,-2291726.875,2765,0.01,1080335890.9375
17839,-5272029.675,4193,0.01,1774364777.140625
17840,-2558954.6,2922,0.01,1342802269.125
17841,-6090868.1,4507,0.01,1916798204.5625
17842,-5048057.675,4103,0.01,2219328229.484375
17843,-8650400.75,5371,0.01,2829130949.484375
17844,-9839676.549999999,5728,0.01,4394493386.375
17845,-10915224.674999999,6033,0.01,5246365800.90625
17846,-5022662.05,4093,0.01,4494116318.5625
17847,-14640824.475,6987,0.01,6132188640.9375
17848,-314202.625,1025,0.01,1391889659.3125
17849,-11741153.975,6257,0.01,7625261306.75
17850,-1193729.375,1996,0.01,3011942453.0625
